original_path,archived_path,category,size_bytes,sha256,reason,referenced_before_move,recoverable,archived_at
out/object_anchor/synthetic_cuboid_8point_pose.png,archive_local/rnd_20260729/outputs/out/object_anchor/synthetic_cuboid_8point_pose.png,ARCHIVE_RND,185213,d85e820127530f28b4842ab546b22102aa1d0cf6ba159de315df7d1ebb59db2e,historical or bulk experiment output not used by runtime,,varies,2026-07-29T06:06:57.567175+00:00
out/object_anchor/synthetic_tissue_box_pose.png,archive_local/rnd_20260729/outputs/out/object_anchor/synthetic_tissue_box_pose.png,ARCHIVE_RND,185213,d85e820127530f28b4842ab546b22102aa1d0cf6ba159de315df7d1ebb59db2e,historical or bulk experiment output not used by runtime,,varies,2026-07-29T06:06:57.567175+00:00
out/object_anchor_full99/training/args.yaml,archive_local/rnd_20260729/outputs/out/object_anchor_full99/training/args.yaml,ARCHIVE_RND,1940,84ec915427cc2d86e8a201d08dc8e73164075d973fe69c703d68b913e6ff2383,duplicate export of canonical runs/models training artifacts,,yes_if_canonical_runs_and_models_remain,2026-07-29T06:06:57.567175+00:00
out/object_anchor_full99/training/BoxF1_curve.png,archive_local/rnd_20260729/outputs/out/object_anchor_full99/training/BoxF1_curve.png,ARCHIVE_RND,88867,380f87b647f75322020c2a020c8fd0a474e99e12e44d64f42431dc28ac7febe8,duplicate export of canonical runs/models training artifacts,,yes_if_canonical_runs_and_models_remain,2026-07-29T06:06:57.567175+00:00
out/object_anchor_full99/training/BoxP_curve.png,archive_local/rnd_20260729/outputs/out/object_anchor_full99/training/BoxP_curve.png,ARCHIVE_RND,70920,a791f031909e60eb18fe1550d4b2b48697dc355e14b1ddf2cddfadc05cab9b8c,duplicate export of canonical runs/models training artifacts,,yes_if_canonical_runs_and_models_remain,2026-07-29T06:06:57.567175+00:00
out/object_anchor_full99/training/BoxPR_curve.png,archive_local/rnd_20260729/outputs/out/object_anchor_full99/training/BoxPR_curve.png,ARCHIVE_RND,69591,fc9de1428dfa67bc77859b6f4e0ac55eebfc586455edd2a7d2b21fc4b5d984cf,duplicate export of canonical runs/models training artifacts,,yes_if_canonical_runs_and_models_remain,2026-07-29T06:06:57.567175+00:00
out/object_anchor_full99/training/BoxR_curve.png,archive_local/rnd_20260729/outputs/out/object_anchor_full99/training/BoxR_curve.png,ARCHIVE_RND,86837,fa0749cbb9dee7d997cea38ddd82687b56b74335c9ff02af6b0ba31bb67deee6,duplicate export of canonical runs/models training artifacts,,yes_if_canonical_runs_and_models_remain,2026-07-29T06:06:57.567175+00:00
out/object_anchor_full99/training/confusion_matrix.png,archive_local/rnd_20260729/outputs/out/object_anchor_full99/training/confusion_matrix.png,ARCHIVE_RND,92288,acca182387dc3f49069e3fec52df3775f1f739b5a84d25d23fff4dd29c757d2e,duplicate export of canonical runs/models training artifacts,,yes_if_canonical_runs_and_models_remain,2026-07-29T06:06:57.567175+00:00
out/object_anchor_full99/training/confusion_matrix_normalized.png,archive_local/rnd_20260729/outputs/out/object_anchor_full99/training/confusion_matrix_normalized.png,ARCHIVE_RND,92079,42b71c747ca9c8f4a3d76bd62231f7fc2e4e00a22ba3a41ee97348d9420d3a29,duplicate export of canonical runs/models training artifacts,,yes_if_canonical_runs_and_models_remain,2026-07-29T06:06:57.567175+00:00
out/object_anchor_full99/training/labels.jpg,archive_local/rnd_20260729/outputs/out/object_anchor_full99/training/labels.jpg,ARCHIVE_RND,126255,db721d1479162d519b2ea03d931e0797311445ca5f3a0076625c2977b0ed0a7a,duplicate export of canonical runs/models training artifacts,,yes_if_canonical_runs_and_models_remain,2026-07-29T06:06:57.567175+00:00
out/object_anchor_full99/training/PoseF1_curve.png,archive_local/rnd_20260729/outputs/out/object_anchor_full99/training/PoseF1_curve.png,ARCHIVE_RND,88867,380f87b647f75322020c2a020c8fd0a474e99e12e44d64f42431dc28ac7febe8,duplicate export of canonical runs/models training artifacts,,yes_if_canonical_runs_and_models_remain,2026-07-29T06:06:57.567175+00:00
out/object_anchor_full99/training/PoseP_curve.png,archive_local/rnd_20260729/outputs/out/object_anchor_full99/training/PoseP_curve.png,ARCHIVE_RND,70920,a791f031909e60eb18fe1550d4b2b48697dc355e14b1ddf2cddfadc05cab9b8c,duplicate export of canonical runs/models training artifacts,,yes_if_canonical_runs_and_models_remain,2026-07-29T06:06:57.567175+00:00
out/object_anchor_full99/training/PosePR_curve.png,archive_local/rnd_20260729/outputs/out/object_anchor_full99/training/PosePR_curve.png,ARCHIVE_RND,69591,fc9de1428dfa67bc77859b6f4e0ac55eebfc586455edd2a7d2b21fc4b5d984cf,duplicate export of canonical runs/models training artifacts,,yes_if_canonical_runs_and_models_remain,2026-07-29T06:06:57.567175+00:00
out/object_anchor_full99/training/PoseR_curve.png,archive_local/rnd_20260729/outputs/out/object_anchor_full99/training/PoseR_curve.png,ARCHIVE_RND,86837,fa0749cbb9dee7d997cea38ddd82687b56b74335c9ff02af6b0ba31bb67deee6,duplicate export of canonical runs/models training artifacts,,yes_if_canonical_runs_and_models_remain,2026-07-29T06:06:57.567175+00:00
out/object_anchor_full99/training/results.csv,archive_local/rnd_20260729/outputs/out/object_anchor_full99/training/results.csv,ARCHIVE_RND,11635,0c741dea6c649be3788f777a71f1995d30bbd7c976a105f6ec16cccdcc4c59e8,duplicate export of canonical runs/models training artifacts,,yes_if_canonical_runs_and_models_remain,2026-07-29T06:06:57.567175+00:00
out/object_anchor_full99/training/results.png,archive_local/rnd_20260729/outputs/out/object_anchor_full99/training/results.png,ARCHIVE_RND,489802,ca3ea01a86ba1030cd04e7442861e64204a9c2606521f8f23705537308418cbc,duplicate export of canonical runs/models training artifacts,,yes_if_canonical_runs_and_models_remain,2026-07-29T06:06:57.567175+00:00
out/object_anchor_full99/training/train_batch0.jpg,archive_local/rnd_20260729/outputs/out/object_anchor_full99/training/train_batch0.jpg,ARCHIVE_RND,138689,aecc8b00cff8c866a0ee656eca5ae68a864ab7885973ce4c3bf9b8ad7576b511,duplicate export of canonical runs/models training artifacts,,yes_if_canonical_runs_and_models_remain,2026-07-29T06:06:57.567175+00:00
out/object_anchor_full99/training/train_batch1.jpg,archive_local/rnd_20260729/outputs/out/object_anchor_full99/training/train_batch1.jpg,ARCHIVE_RND,132772,49736d3bac22f814db68ff04171e3b3260079fba37a56dbe671429423d12f4bc,duplicate export of canonical runs/models training artifacts,,yes_if_canonical_runs_and_models_remain,2026-07-29T06:06:57.567175+00:00
out/object_anchor_full99/training/train_batch2.jpg,archive_local/rnd_20260729/outputs/out/object_anchor_full99/training/train_batch2.jpg,ARCHIVE_RND,125952,b4cd37450f1a721d72e1f60ce24baea64ace0289c56b46d7160b884220518653,duplicate export of canonical runs/models training artifacts,,yes_if_canonical_runs_and_models_remain,2026-07-29T06:06:57.567175+00:00
out/object_anchor_full99/training/val_batch0_labels.jpg,archive_local/rnd_20260729/outputs/out/object_anchor_full99/training/val_batch0_labels.jpg,ARCHIVE_RND,218439,f72f23ac80e2cf1307702af476143884b2a3f5c2066bf7433b12ce1211a04beb,duplicate export of canonical runs/models training artifacts,,yes_if_canonical_runs_and_models_remain,2026-07-29T06:06:57.567175+00:00
out/object_anchor_full99/training/val_batch0_pred.jpg,archive_local/rnd_20260729/outputs/out/object_anchor_full99/training/val_batch0_pred.jpg,ARCHIVE_RND,218439,f72f23ac80e2cf1307702af476143884b2a3f5c2066bf7433b12ce1211a04beb,duplicate export of canonical runs/models training artifacts,,yes_if_canonical_runs_and_models_remain,2026-07-29T06:06:57.567175+00:00
out/object_anchor_full99/training/val_batch1_labels.jpg,archive_local/rnd_20260729/outputs/out/object_anchor_full99/training/val_batch1_labels.jpg,ARCHIVE_RND,224180,f4446f72f75d0bdd3a5d12d6fe1db779b65d88e9567fb463d9919ed781518c52,duplicate export of canonical runs/models training artifacts,,yes_if_canonical_runs_and_models_remain,2026-07-29T06:06:57.567175+00:00
out/object_anchor_full99/training/val_batch1_pred.jpg,archive_local/rnd_20260729/outputs/out/object_anchor_full99/training/val_batch1_pred.jpg,ARCHIVE_RND,224180,f4446f72f75d0bdd3a5d12d6fe1db779b65d88e9567fb463d9919ed781518c52,duplicate export of canonical runs/models training artifacts,,yes_if_canonical_runs_and_models_remain,2026-07-29T06:06:57.567175+00:00
out/object_anchor_full99/training/val_batch2_labels.jpg,archive_local/rnd_20260729/outputs/out/object_anchor_full99/training/val_batch2_labels.jpg,ARCHIVE_RND,235984,8033c23982f7f9488b61d45c8a310e3d03b18905f1435eba4d7f87060cb7c528,duplicate export of canonical runs/models training artifacts,,yes_if_canonical_runs_and_models_remain,2026-07-29T06:06:57.567175+00:00
out/object_anchor_full99/training/val_batch2_pred.jpg,archive_local/rnd_20260729/outputs/out/object_anchor_full99/training/val_batch2_pred.jpg,ARCHIVE_RND,238067,78e0662f172e462f0f82313aa72eeb90804fc356cbe032c70f4646ea0e958236,duplicate export of canonical runs/models training artifacts,,yes_if_canonical_runs_and_models_remain,2026-07-29T06:06:57.567175+00:00
out/object_anchor_full99/training/weights/best.pt,archive_local/rnd_20260729/checkpoints/out/object_anchor_full99/training/weights/best.pt,ARCHIVE_RND,5619720,2512be192c87242633b5aec4ceba332937a51c82e3853bfbde83cdd8300dd198,duplicate export of canonical runs/models training weights,,yes_if_canonical_runs_and_models_remain,2026-07-29T06:06:57.567175+00:00
out/object_anchor_full99/training/weights/last.pt,archive_local/rnd_20260729/checkpoints/out/object_anchor_full99/training/weights/last.pt,ARCHIVE_RND,5619720,5c615f6aa6bc9c182d2ab80e92ed87cdd927562f301acc403df5d76bd384fccf,duplicate export of canonical runs/models training weights,,yes_if_canonical_runs_and_models_remain,2026-07-29T06:06:57.567175+00:00
out/object_anchor_pilot/baseline/frames.csv,archive_local/rnd_20260729/outputs/out/object_anchor_pilot/baseline/frames.csv,ARCHIVE_RND,1382,38e5a3f0e1b7b9643eacec0eb78fa76aac391defbd2694a65f11db1addddf4eb,historical or bulk experiment output not used by runtime,,varies,2026-07-29T06:06:57.567175+00:00
out/object_anchor_pilot/baseline/overlays/tissue_negative_20260724_131450_001.jpg,archive_local/rnd_20260729/outputs/out/object_anchor_pilot/baseline/overlays/tissue_negative_20260724_131450_001.jpg,ARCHIVE_RND,272530,153f8091b6d35cf8ad4d87c34e0f7c3d5f5ab5587c53b0b06cbb841888965a35,historical or bulk experiment output not used by runtime,,varies,2026-07-29T06:06:57.567175+00:00
out/object_anchor_pilot/baseline/overlays/tissue_negative_20260724_131450_031.jpg,archive_local/rnd_20260729/outputs/out/object_anchor_pilot/baseline/overlays/tissue_negative_20260724_131450_031.jpg,ARCHIVE_RND,276196,ad4bb5ca84663ab729432f734ab6b25a8c490111ae3d199c512691f5f2777a96,historical or bulk experiment output not used by runtime,,varies,2026-07-29T06:06:57.567175+00:00
out/object_anchor_pilot/baseline/overlays/tissue_negative_20260724_131450_066.jpg,archive_local/rnd_20260729/outputs/out/object_anchor_pilot/baseline/overlays/tissue_negative_20260724_131450_066.jpg,ARCHIVE_RND,298421,149734ee32748f88dbb0c8c17076fe38f16a9ca54dbe8ecc2e7f5fe451b2482e,historical or bulk experiment output not used by runtime,,varies,2026-07-29T06:06:57.567175+00:00
out/object_anchor_pilot/baseline/overlays/tissue_negative_20260724_131450_096.jpg,archive_local/rnd_20260729/outputs/out/object_anchor_pilot/baseline/overlays/tissue_negative_20260724_131450_096.jpg,ARCHIVE_RND,297455,0dfe3d81385abc1ab084dd4e99befc1e61827c41703387dca4df7de403a3a287,historical or bulk experiment output not used by runtime,,varies,2026-07-29T06:06:57.567175+00:00
out/object_anchor_pilot/baseline/overlays/tissue_positive_20260724_131652_001.jpg,archive_local/rnd_20260729/outputs/out/object_anchor_pilot/baseline/overlays/tissue_positive_20260724_131652_001.jpg,ARCHIVE_RND,277997,86bcdc7b99596d146c200e051fd91947d59909506212b02600782d78dc68f20f,historical or bulk experiment output not used by runtime,,varies,2026-07-29T06:06:57.567175+00:00
out/object_anchor_pilot/baseline/overlays/tissue_positive_20260724_131652_031.jpg,archive_local/rnd_20260729/outputs/out/object_anchor_pilot/baseline/overlays/tissue_positive_20260724_131652_031.jpg,ARCHIVE_RND,302029,9f6467602d913f75e6f536ac37c7721b7263af360bf14b1e1dcf6e42a6f4cb62,historical or bulk experiment output not used by runtime,,varies,2026-07-29T06:06:57.567175+00:00
out/object_anchor_pilot/baseline/overlays/tissue_positive_20260724_131652_066.jpg,archive_local/rnd_20260729/outputs/out/object_anchor_pilot/baseline/overlays/tissue_positive_20260724_131652_066.jpg,ARCHIVE_RND,286012,1742b1dc0fea8be53f7a85210c0e49ce4cb4bdbf1083c8d2f9aef8a42e985757,historical or bulk experiment output not used by runtime,,varies,2026-07-29T06:06:57.567175+00:00
out/object_anchor_pilot/baseline/overlays/tissue_positive_20260724_131652_096.jpg,archive_local/rnd_20260729/outputs/out/object_anchor_pilot/baseline/overlays/tissue_positive_20260724_131652_096.jpg,ARCHIVE_RND,290332,ca871b7d81fc7971b56f1ceda656ae1587cca710f370b6cef9f0af89dc476f43,historical or bulk experiment output not used by runtime,,varies,2026-07-29T06:06:57.567175+00:00
out/object_anchor_pilot/baseline/summary.json,archive_local/rnd_20260729/outputs/out/object_anchor_pilot/baseline/summary.json,ARCHIVE_RND,1362,445842e608f20206bea9be5c3da3499907700892dcf43d47afc454b0c1b5814a,historical or bulk experiment output not used by runtime,,varies,2026-07-29T06:06:57.567175+00:00
out/object_anchor_pilot/evaluation_manifest.csv,archive_local/rnd_20260729/outputs/out/object_anchor_pilot/evaluation_manifest.csv,ARCHIVE_RND,2122,c6c666d4a13c8d2673470f4870ce003254ce3ec0d9bcb3415793093f688414d7,historical or bulk experiment output not used by runtime,,varies,2026-07-29T06:06:57.567175+00:00
out/object_anchor_pilot/label_overlays/legacy_white_background__tissue_F_001.jpg,archive_local/rnd_20260729/outputs/out/object_anchor_pilot/label_overlays/legacy_white_background__tissue_F_001.jpg,ARCHIVE_RND,2676641,43968f81c93efdd0023a94874338fab9bb162bbcbd798d735ca2ec800ad7dfc6,historical or bulk experiment output not used by runtime,,varies,2026-07-29T06:06:57.567175+00:00
out/object_anchor_pilot/label_overlays/legacy_white_background__tissue_F_002.jpg,archive_local/rnd_20260729/outputs/out/object_anchor_pilot/label_overlays/legacy_white_background__tissue_F_002.jpg,ARCHIVE_RND,2010975,2b33246579e74569a9becc8ff3cf5ba5978b5c1a0fbbee166f0d1587bd310f02,historical or bulk experiment output not used by runtime,,varies,2026-07-29T06:06:57.567175+00:00
out/object_anchor_pilot/label_overlays/legacy_white_background__tissue_F_003.jpg,archive_local/rnd_20260729/outputs/out/object_anchor_pilot/label_overlays/legacy_white_background__tissue_F_003.jpg,ARCHIVE_RND,2306320,914e64a95f6235c8a1852ae90ec1c9a7eb9509df224b61971a159b31b76c5490,historical or bulk experiment output not used by runtime,,varies,2026-07-29T06:06:57.567175+00:00
out/object_anchor_pilot/label_overlays/legacy_white_background__tissue_F_004.jpg,archive_local/rnd_20260729/outputs/out/object_anchor_pilot/label_overlays/legacy_white_background__tissue_F_004.jpg,ARCHIVE_RND,1930720,3cf6c03d3b5425e65abbcb15efcfcb53749ba4a5237d8a34a7c8a5deff1df9d6,historical or bulk experiment output not used by runtime,,varies,2026-07-29T06:06:57.567175+00:00
out/object_anchor_pilot/label_overlays/legacy_white_background__tissue_F_005.jpg,archive_local/rnd_20260729/outputs/out/object_anchor_pilot/label_overlays/legacy_white_background__tissue_F_005.jpg,ARCHIVE_RND,2207072,269eddd318485c9c1893ba03550ffb77984342b308277ea0542b1d9a365cabe5,historical or bulk experiment output not used by runtime,,varies,2026-07-29T06:06:57.567175+00:00
out/object_anchor_pilot/label_overlays/legacy_white_background__tissue_FDL_001.jpg,archive_local/rnd_20260729/outputs/out/object_anchor_pilot/label_overlays/legacy_white_background__tissue_FDL_001.jpg,ARCHIVE_RND,2268788,c4aa3cc0dacda87d5f6c4e1a390253f926cf97daa37ca04466753936384a3535,historical or bulk experiment output not used by runtime,,varies,2026-07-29T06:06:57.567175+00:00
out/object_anchor_pilot/label_overlays/legacy_white_background__tissue_FDL_002.jpg,archive_local/rnd_20260729/outputs/out/object_anchor_pilot/label_overlays/legacy_white_background__tissue_FDL_002.jpg,ARCHIVE_RND,2455539,ae7c5d2494b9eeaf806b3182e1de99aee113f1703a6ea195b6ea88ddbcf7e120,historical or bulk experiment output not used by runtime,,varies,2026-07-29T06:06:57.567175+00:00
out/object_anchor_pilot/label_overlays/legacy_white_background__tissue_FDL_003.jpg,archive_local/rnd_20260729/outputs/out/object_anchor_pilot/label_overlays/legacy_white_background__tissue_FDL_003.jpg,ARCHIVE_RND,2305353,f36205192ba960f7424176a7be1d961c0959f994ef7ac8ca524f0f85bb90169d,historical or bulk experiment output not used by runtime,,varies,2026-07-29T06:06:57.567175+00:00
out/object_anchor_pilot/label_overlays/legacy_white_background__tissue_FDL_004.jpg,archive_local/rnd_20260729/outputs/out/object_anchor_pilot/label_overlays/legacy_white_background__tissue_FDL_004.jpg,ARCHIVE_RND,2440161,cc716849323a2709271da3d68245f80e9814fe0b45539b36457d85aadb880a7a,historical or bulk experiment output not used by runtime,,varies,2026-07-29T06:06:57.567175+00:00
out/object_anchor_pilot/label_overlays/legacy_white_background__tissue_FDR_001.jpg,archive_local/rnd_20260729/outputs/out/object_anchor_pilot/label_overlays/legacy_white_background__tissue_FDR_001.jpg,ARCHIVE_RND,2243175,63c3092b096de5f3bb5e745c5515f810ed61a7348dd15eace3a416257b005286,historical or bulk experiment output not used by runtime,,varies,2026-07-29T06:06:57.567175+00:00
out/object_anchor_pilot/label_overlays/legacy_white_background__tissue_FDR_002.jpg,archive_local/rnd_20260729/outputs/out/object_anchor_pilot/label_overlays/legacy_white_background__tissue_FDR_002.jpg,ARCHIVE_RND,2200048,a54c4dd3443477dee046e85e923c40e4e3c7e43b7760b965618da3455161fb6f,historical or bulk experiment output not used by runtime,,varies,2026-07-29T06:06:57.567175+00:00
out/object_anchor_pilot/label_overlays/legacy_white_background__tissue_FDR_003.jpg,archive_local/rnd_20260729/outputs/out/object_anchor_pilot/label_overlays/legacy_white_background__tissue_FDR_003.jpg,ARCHIVE_RND,2112814,12bf018cd189855763845b73dc913b64e1ebd009fe31ee24eeff7c482a83ba2b,historical or bulk experiment output not used by runtime,,varies,2026-07-29T06:06:57.567175+00:00
out/object_anchor_pilot/label_overlays/legacy_white_background__tissue_FDR_004.jpg,archive_local/rnd_20260729/outputs/out/object_anchor_pilot/label_overlays/legacy_white_background__tissue_FDR_004.jpg,ARCHIVE_RND,2111445,c56f2c711a928ba9c109527df2e53cda2ab47997f58e2b296d7b5fd744916b76,historical or bulk experiment output not used by runtime,,varies,2026-07-29T06:06:57.567175+00:00
out/object_anchor_pilot/label_overlays/legacy_white_background__tissue_FDR_005.jpg,archive_local/rnd_20260729/outputs/out/object_anchor_pilot/label_overlays/legacy_white_background__tissue_FDR_005.jpg,ARCHIVE_RND,2247751,fb048f493061bfc2e9c7e6d76b955c6ea7bdd352dbb9bece8935929b96b7f459,historical or bulk experiment output not used by runtime,,varies,2026-07-29T06:06:57.567175+00:00
out/object_anchor_pilot/label_overlays/legacy_white_background__tissue_FTL_001.jpg,archive_local/rnd_20260729/outputs/out/object_anchor_pilot/label_overlays/legacy_white_background__tissue_FTL_001.jpg,ARCHIVE_RND,1656487,1511a58a582361cb18c3d1bc705fc049bc44ffb6062981b896480334ccc74a02,historical or bulk experiment output not used by runtime,,varies,2026-07-29T06:06:57.567175+00:00
out/object_anchor_pilot/label_overlays/legacy_white_background__tissue_FTL_002.jpg,archive_local/rnd_20260729/outputs/out/object_anchor_pilot/label_overlays/legacy_white_background__tissue_FTL_002.jpg,ARCHIVE_RND,2043573,511ee476bbd8ffe8c7a294bc0bbc420b9a21624dc8170ea6ad623f51f27d8636,historical or bulk experiment output not used by runtime,,varies,2026-07-29T06:06:57.567175+00:00
out/object_anchor_pilot/label_overlays/legacy_white_background__tissue_FTL_003.jpg,archive_local/rnd_20260729/outputs/out/object_anchor_pilot/label_overlays/legacy_white_background__tissue_FTL_003.jpg,ARCHIVE_RND,1599116,25ebe5f19ad0e81560e64bad2f04ca99d7655c28cece3ab29bc3bdfee17e415d,historical or bulk experiment output not used by runtime,,varies,2026-07-29T06:06:57.567175+00:00
out/object_anchor_pilot/label_overlays/legacy_white_background__tissue_FTL_004.jpg,archive_local/rnd_20260729/outputs/out/object_anchor_pilot/label_overlays/legacy_white_background__tissue_FTL_004.jpg,ARCHIVE_RND,2627388,0e576bfc9875eb25aa835544a9711177005c6aa434b291959bc814cb1d845c4f,historical or bulk experiment output not used by runtime,,varies,2026-07-29T06:06:57.567175+00:00
out/object_anchor_pilot/label_overlays/legacy_white_background__tissue_FTL_005.jpg,archive_local/rnd_20260729/outputs/out/object_anchor_pilot/label_overlays/legacy_white_background__tissue_FTL_005.jpg,ARCHIVE_RND,2174293,0a356449483e4d4ba697293de0ca8bbc18fb3ab15cc2d782896b213bee212534,historical or bulk experiment output not used by runtime,,varies,2026-07-29T06:06:57.567175+00:00
out/object_anchor_pilot/label_overlays/legacy_white_background__tissue_FTR_001.jpg,archive_local/rnd_20260729/outputs/out/object_anchor_pilot/label_overlays/legacy_white_background__tissue_FTR_001.jpg,ARCHIVE_RND,2184270,846815a6f18b44d5b58e4e9c2e0a02203b125196be7c51edacc4a4c0eb521f54,historical or bulk experiment output not used by runtime,,varies,2026-07-29T06:06:57.567175+00:00
out/object_anchor_pilot/label_overlays/legacy_white_background__tissue_FTR_002.jpg,archive_local/rnd_20260729/outputs/out/object_anchor_pilot/label_overlays/legacy_white_background__tissue_FTR_002.jpg,ARCHIVE_RND,2890787,21d36560c7a1dd71bd41ca38bca07985b425f1b6f4f4f404d243ab3f04cedd18,historical or bulk experiment output not used by runtime,,varies,2026-07-29T06:06:57.567175+00:00
out/object_anchor_pilot/label_overlays/legacy_white_background__tissue_FTR_003.jpg,archive_local/rnd_20260729/outputs/out/object_anchor_pilot/label_overlays/legacy_white_background__tissue_FTR_003.jpg,ARCHIVE_RND,2599780,8dae295e2cf87019ecef988b9d175c7bef2e9fbf6109969a7139ed5351d63a15,historical or bulk experiment output not used by runtime,,varies,2026-07-29T06:06:57.567175+00:00
out/object_anchor_pilot/label_overlays/legacy_white_background__tissue_FTR_004.jpg,archive_local/rnd_20260729/outputs/out/object_anchor_pilot/label_overlays/legacy_white_background__tissue_FTR_004.jpg,ARCHIVE_RND,2084953,b0655e3e11a0e1e02e5708ab1e0b00bc123fa7b2b11b6a692cabad6f817f1ac5,historical or bulk experiment output not used by runtime,,varies,2026-07-29T06:06:57.567175+00:00
out/object_anchor_pilot/label_overlays/legacy_white_background__tissue_FTR_005.jpg,archive_local/rnd_20260729/outputs/out/object_anchor_pilot/label_overlays/legacy_white_background__tissue_FTR_005.jpg,ARCHIVE_RND,1734236,3c097faf750e339e0cec1936204cf3b6b53340d7da0a3159e74118a568ab06de,historical or bulk experiment output not used by runtime,,varies,2026-07-29T06:06:57.567175+00:00
out/object_anchor_pilot/label_overlays/legacy_white_background_contact_sheet.jpg,archive_local/rnd_20260729/outputs/out/object_anchor_pilot/label_overlays/legacy_white_background_contact_sheet.jpg,ARCHIVE_RND,424010,98032cf96ea873cdbedb9ddd3e806bff89423b7bd91a76ca8d48d5b70c95db22,historical or bulk experiment output not used by runtime,,varies,2026-07-29T06:06:57.567175+00:00
out/object_anchor_pilot/label_overlays/orbbec_positive__tissue_positive_20260724_131652_001.jpg,archive_local/rnd_20260729/outputs/out/object_anchor_pilot/label_overlays/orbbec_positive__tissue_positive_20260724_131652_001.jpg,ARCHIVE_RND,264331,416c753fd422750388b5c789ff309997041b8b302c169978279e1ccf0eb1bb52,historical or bulk experiment output not used by runtime,,varies,2026-07-29T06:06:57.567175+00:00
out/object_anchor_pilot/label_overlays/orbbec_positive__tissue_positive_20260724_131652_006.jpg,archive_local/rnd_20260729/outputs/out/object_anchor_pilot/label_overlays/orbbec_positive__tissue_positive_20260724_131652_006.jpg,ARCHIVE_RND,263878,bcc1448853876b3a767d35fedb050d2f62b967bfa0e62f77686894faba60c590,historical or bulk experiment output not used by runtime,,varies,2026-07-29T06:06:57.567175+00:00
out/object_anchor_pilot/label_overlays/orbbec_positive__tissue_positive_20260724_131652_011.jpg,archive_local/rnd_20260729/outputs/out/object_anchor_pilot/label_overlays/orbbec_positive__tissue_positive_20260724_131652_011.jpg,ARCHIVE_RND,270473,c71ba94798471f51ea54bb5ffea51ff9f2e676007d26610a761bb5a478e09574,historical or bulk experiment output not used by runtime,,varies,2026-07-29T06:06:57.567175+00:00
out/object_anchor_pilot/label_overlays/orbbec_positive__tissue_positive_20260724_131652_016.jpg,archive_local/rnd_20260729/outputs/out/object_anchor_pilot/label_overlays/orbbec_positive__tissue_positive_20260724_131652_016.jpg,ARCHIVE_RND,269750,d489e6b4c9125062e496009e860bf6ac1b58d5e7fdf5e698e1cd5b8182cf86ac,historical or bulk experiment output not used by runtime,,varies,2026-07-29T06:06:57.567175+00:00
out/object_anchor_pilot/label_overlays/orbbec_positive__tissue_positive_20260724_131652_021.jpg,archive_local/rnd_20260729/outputs/out/object_anchor_pilot/label_overlays/orbbec_positive__tissue_positive_20260724_131652_021.jpg,ARCHIVE_RND,270088,7d4f151283e019c6816c94aad46f83de3e808e353660b2e21c1993ff1f0733f9,historical or bulk experiment output not used by runtime,,varies,2026-07-29T06:06:57.567175+00:00
out/object_anchor_pilot/label_overlays/orbbec_positive__tissue_positive_20260724_131652_026.jpg,archive_local/rnd_20260729/outputs/out/object_anchor_pilot/label_overlays/orbbec_positive__tissue_positive_20260724_131652_026.jpg,ARCHIVE_RND,270863,1d7e2b1a7e3301636b668984a8f8c864d5544d7c0a5c4f4b15cb025a7d5e1285,historical or bulk experiment output not used by runtime,,varies,2026-07-29T06:06:57.567175+00:00
out/object_anchor_pilot/label_overlays/orbbec_positive__tissue_positive_20260724_131652_031.jpg,archive_local/rnd_20260729/outputs/out/object_anchor_pilot/label_overlays/orbbec_positive__tissue_positive_20260724_131652_031.jpg,ARCHIVE_RND,264648,35b7a323dbca5f2792c4eb59e8be9234c05f6ea8ea648a389605d0146ea6083d,historical or bulk experiment output not used by runtime,,varies,2026-07-29T06:06:57.567175+00:00
out/object_anchor_pilot/label_overlays/orbbec_positive__tissue_positive_20260724_131652_036.jpg,archive_local/rnd_20260729/outputs/out/object_anchor_pilot/label_overlays/orbbec_positive__tissue_positive_20260724_131652_036.jpg,ARCHIVE_RND,265165,30e119ec7d8aaa6bdd1e62ff4ea3930508eca9b0f52e532fa345e6b8803ebd54,historical or bulk experiment output not used by runtime,,varies,2026-07-29T06:06:57.567175+00:00
out/object_anchor_pilot/label_overlays/orbbec_positive__tissue_positive_20260724_131652_041.jpg,archive_local/rnd_20260729/outputs/out/object_anchor_pilot/label_overlays/orbbec_positive__tissue_positive_20260724_131652_041.jpg,ARCHIVE_RND,262852,cfcdb88b4d47f579a8ca658c6ce0ea78ba7571b5b661f3a31a18fbe0d5c62efa,historical or bulk experiment output not used by runtime,,varies,2026-07-29T06:06:57.567175+00:00
out/object_anchor_pilot/label_overlays/orbbec_positive__tissue_positive_20260724_131652_046.jpg,archive_local/rnd_20260729/outputs/out/object_anchor_pilot/label_overlays/orbbec_positive__tissue_positive_20260724_131652_046.jpg,ARCHIVE_RND,261797,529e95f280710eb3c706e7e2b1a882f58f9716246efd712dbac268a9a7228518,historical or bulk experiment output not used by runtime,,varies,2026-07-29T06:06:57.567175+00:00
out/object_anchor_pilot/label_overlays/orbbec_positive__tissue_positive_20260724_131652_051.jpg,archive_local/rnd_20260729/outputs/out/object_anchor_pilot/label_overlays/orbbec_positive__tissue_positive_20260724_131652_051.jpg,ARCHIVE_RND,261617,66b4df02749712e2badd7b59e827ceebdd8568381025b1da2a89bab5b4b0b46b,historical or bulk experiment output not used by runtime,,varies,2026-07-29T06:06:57.567175+00:00
out/object_anchor_pilot/label_overlays/orbbec_positive__tissue_positive_20260724_131652_056.jpg,archive_local/rnd_20260729/outputs/out/object_anchor_pilot/label_overlays/orbbec_positive__tissue_positive_20260724_131652_056.jpg,ARCHIVE_RND,270042,391ee33cb7b7c23500ba1f66f12aba3cdab2d5da5db3e5141653b86a25dd06b8,historical or bulk experiment output not used by runtime,,varies,2026-07-29T06:06:57.567175+00:00
out/object_anchor_pilot/label_overlays/orbbec_positive__tissue_positive_20260724_131652_061.jpg,archive_local/rnd_20260729/outputs/out/object_anchor_pilot/label_overlays/orbbec_positive__tissue_positive_20260724_131652_061.jpg,ARCHIVE_RND,284010,be57a6bc4a0d9c612f633e9a15c9aeb6ac8707ae3a67678136732b87e1f382e7,historical or bulk experiment output not used by runtime,,varies,2026-07-29T06:06:57.567175+00:00
out/object_anchor_pilot/label_overlays/orbbec_positive__tissue_positive_20260724_131652_066.jpg,archive_local/rnd_20260729/outputs/out/object_anchor_pilot/label_overlays/orbbec_positive__tissue_positive_20260724_131652_066.jpg,ARCHIVE_RND,272455,fad972d463f7c587c7b1b1b1a877dea4b11a0a06aae72f8b34b87616da63144d,historical or bulk experiment output not used by runtime,,varies,2026-07-29T06:06:57.567175+00:00
out/object_anchor_pilot/label_overlays/orbbec_positive__tissue_positive_20260724_131652_071.jpg,archive_local/rnd_20260729/outputs/out/object_anchor_pilot/label_overlays/orbbec_positive__tissue_positive_20260724_131652_071.jpg,ARCHIVE_RND,280986,16aa76c3051dc463239e6862ffe5c4ac075105e88f3759a07123864dd0f93e4c,historical or bulk experiment output not used by runtime,,varies,2026-07-29T06:06:57.567175+00:00
out/object_anchor_pilot/label_overlays/orbbec_positive__tissue_positive_20260724_131652_076.jpg,archive_local/rnd_20260729/outputs/out/object_anchor_pilot/label_overlays/orbbec_positive__tissue_positive_20260724_131652_076.jpg,ARCHIVE_RND,281707,3174acedefb23aa25dc22ae8850a273542cfc19b17e666821cd6b48a46b882f8,historical or bulk experiment output not used by runtime,,varies,2026-07-29T06:06:57.567175+00:00
out/object_anchor_pilot/label_overlays/orbbec_positive__tissue_positive_20260724_131652_081.jpg,archive_local/rnd_20260729/outputs/out/object_anchor_pilot/label_overlays/orbbec_positive__tissue_positive_20260724_131652_081.jpg,ARCHIVE_RND,271081,809c57b0f5eb52fd05a0cc2017a3f6759fe7bbff9ddafa0f4e13343ca4d1282c,historical or bulk experiment output not used by runtime,,varies,2026-07-29T06:06:57.567175+00:00
out/object_anchor_pilot/label_overlays/orbbec_positive__tissue_positive_20260724_131652_086.jpg,archive_local/rnd_20260729/outputs/out/object_anchor_pilot/label_overlays/orbbec_positive__tissue_positive_20260724_131652_086.jpg,ARCHIVE_RND,271938,e03b4aaf6b25a5a2924c9fe7091558ab70cf5a386ec036208efe42bd1e7b270f,historical or bulk experiment output not used by runtime,,varies,2026-07-29T06:06:57.567175+00:00
out/object_anchor_pilot/label_overlays/orbbec_positive__tissue_positive_20260724_131652_091.jpg,archive_local/rnd_20260729/outputs/out/object_anchor_pilot/label_overlays/orbbec_positive__tissue_positive_20260724_131652_091.jpg,ARCHIVE_RND,280336,e218cd7c2c7a8347ab3784fa3cfe64170330caa30bdff031191ce194ed27ac99,historical or bulk experiment output not used by runtime,,varies,2026-07-29T06:06:57.567175+00:00
out/object_anchor_pilot/label_overlays/orbbec_positive__tissue_positive_20260724_131652_096.jpg,archive_local/rnd_20260729/outputs/out/object_anchor_pilot/label_overlays/orbbec_positive__tissue_positive_20260724_131652_096.jpg,ARCHIVE_RND,275976,c26bc185e1b5a350bf08bf7abb16fdb918f4b739a932b7736556df9b0e26eb77,historical or bulk experiment output not used by runtime,,varies,2026-07-29T06:06:57.567175+00:00
out/object_anchor_pilot/label_overlays/orbbec_positive_contact_sheet.jpg,archive_local/rnd_20260729/outputs/out/object_anchor_pilot/label_overlays/orbbec_positive_contact_sheet.jpg,ARCHIVE_RND,540473,098dff1ceb3b71805c4dfb4476f2464a9195cfd1977fbdc3e60837528f958b6b,historical or bulk experiment output not used by runtime,,varies,2026-07-29T06:06:57.567175+00:00
out/object_anchor_pilot/live_world/20260724_153106/failures/20260724_153114_348_f000010_reprojection_error_overlay.jpg,archive_local/rnd_20260729/outputs/out/object_anchor_pilot/live_world/20260724_153106/failures/20260724_153114_348_f000010_reprojection_error_overlay.jpg,ARCHIVE_RND,279207,5ea6e097023b540eadff9252a7b9471e7748e99d343de30633e3a74f2f27fe83,historical or bulk experiment output not used by runtime,,varies,2026-07-29T06:06:57.567175+00:00
out/object_anchor_pilot/live_world/20260724_153106/failures/20260724_153114_348_f000010_reprojection_error_raw.jpg,archive_local/rnd_20260729/outputs/out/object_anchor_pilot/live_world/20260724_153106/failures/20260724_153114_348_f000010_reprojection_error_raw.jpg,ARCHIVE_RND,260607,7d7744ad90a2500eb8c0d674452c769ccfabd82b99da51a74c492eaa48418334,historical or bulk experiment output not used by runtime,,varies,2026-07-29T06:06:57.567175+00:00
out/object_anchor_pilot/live_world/20260724_153106/failures/20260724_153115_134_f000012_reprojection_error_overlay.jpg,archive_local/rnd_20260729/outputs/out/object_anchor_pilot/live_world/20260724_153106/failures/20260724_153115_134_f000012_reprojection_error_overlay.jpg,ARCHIVE_RND,282049,63378893763a174f63878c5cd1e05268a8b57ae8e1f9f36130cfc6749b599b33,historical or bulk experiment output not used by runtime,,varies,2026-07-29T06:06:57.567175+00:00
out/object_anchor_pilot/live_world/20260724_153106/failures/20260724_153115_134_f000012_reprojection_error_raw.jpg,archive_local/rnd_20260729/outputs/out/object_anchor_pilot/live_world/20260724_153106/failures/20260724_153115_134_f000012_reprojection_error_raw.jpg,ARCHIVE_RND,263011,16c64e3b27cdb3f03f0d5e2eb46d6d037d9d544428baa7aab1637d73b57233e3,historical or bulk experiment output not used by runtime,,varies,2026-07-29T06:06:57.567175+00:00
out/object_anchor_pilot/live_world/20260724_153106/failures/20260724_153224_482_f000166_keypoint_confidence_overlay.jpg,archive_local/rnd_20260729/outputs/out/object_anchor_pilot/live_world/20260724_153106/failures/20260724_153224_482_f000166_keypoint_confidence_overlay.jpg,ARCHIVE_RND,307868,77b1db94a029ca7692910fb53e95e11847cf1dc69043b96c0f1e7780127df7c9,historical or bulk experiment output not used by runtime,,varies,2026-07-29T06:06:57.567175+00:00
out/object_anchor_pilot/live_world/20260724_153106/failures/20260724_153224_482_f000166_keypoint_confidence_raw.jpg,archive_local/rnd_20260729/outputs/out/object_anchor_pilot/live_world/20260724_153106/failures/20260724_153224_482_f000166_keypoint_confidence_raw.jpg,ARCHIVE_RND,302285,0b9bb5589ae10cc51ebc92e890581ebbc426cc0c9b191bf9b9d087cf5d396ebd,historical or bulk experiment output not used by runtime,,varies,2026-07-29T06:06:57.567175+00:00
out/object_anchor_pilot/live_world/20260724_153106/failures/20260724_153225_109_f000169_keypoint_confidence_overlay.jpg,archive_local/rnd_20260729/outputs/out/object_anchor_pilot/live_world/20260724_153106/failures/20260724_153225_109_f000169_keypoint_confidence_overlay.jpg,ARCHIVE_RND,261367,332ba64af4dc04dbbd722cb3657147cba405daeac0ed6cd3b90c37a3e53b5af9,historical or bulk experiment output not used by runtime,,varies,2026-07-29T06:06:57.567175+00:00
out/object_anchor_pilot/live_world/20260724_153106/failures/20260724_153225_109_f000169_keypoint_confidence_raw.jpg,archive_local/rnd_20260729/outputs/out/object_anchor_pilot/live_world/20260724_153106/failures/20260724_153225_109_f000169_keypoint_confidence_raw.jpg,ARCHIVE_RND,254375,ec907e772c8a7bb816bd2854759cfae57a646b9ff8d3ff2abb04d6dc1dfa65cc,historical or bulk experiment output not used by runtime,,varies,2026-07-29T06:06:57.567175+00:00
out/object_anchor_pilot/live_world/20260724_153106/failures/20260724_153225_651_f000172_keypoint_confidence_overlay.jpg,archive_local/rnd_20260729/outputs/out/object_anchor_pilot/live_world/20260724_153106/failures/20260724_153225_651_f000172_keypoint_confidence_overlay.jpg,ARCHIVE_RND,256206,fedf1142c2bd93fd3d12a9c4ac550a486790d1681800031790a7897fb10a2a1a,historical or bulk experiment output not used by runtime,,varies,2026-07-29T06:06:57.567175+00:00
out/object_anchor_pilot/live_world/20260724_153106/failures/20260724_153225_651_f000172_keypoint_confidence_raw.jpg,archive_local/rnd_20260729/outputs/out/object_anchor_pilot/live_world/20260724_153106/failures/20260724_153225_651_f000172_keypoint_confidence_raw.jpg,ARCHIVE_RND,250874,c54c386380b0e1db9e6393b4f06413671d7cce08752eef7cb4ff3b3cc0761003,historical or bulk experiment output not used by runtime,,varies,2026-07-29T06:06:57.567175+00:00
out/object_anchor_pilot/live_world/20260724_153106/failures/20260724_153226_150_f000175_keypoint_confidence_overlay.jpg,archive_local/rnd_20260729/outputs/out/object_anchor_pilot/live_world/20260724_153106/failures/20260724_153226_150_f000175_keypoint_confidence_overlay.jpg,ARCHIVE_RND,258749,3954440a9f6af37c8d932c1da1cb3e69535b2f222ba65217be09332889a5a88d,historical or bulk experiment output not used by runtime,,varies,2026-07-29T06:06:57.567175+00:00
out/object_anchor_pilot/live_world/20260724_153106/failures/20260724_153226_150_f000175_keypoint_confidence_raw.jpg,archive_local/rnd_20260729/outputs/out/object_anchor_pilot/live_world/20260724_153106/failures/20260724_153226_150_f000175_keypoint_confidence_raw.jpg,ARCHIVE_RND,253315,5bdfb9b87df5a2b08cdd9df9d91f38f78acba0f81b3c5e0b3caa59d4703350ca,historical or bulk experiment output not used by runtime,,varies,2026-07-29T06:06:57.567175+00:00
out/object_anchor_pilot/live_world/20260724_153106/failures/20260724_153226_807_f000178_keypoint_confidence_overlay.jpg,archive_local/rnd_20260729/outputs/out/object_anchor_pilot/live_world/20260724_153106/failures/20260724_153226_807_f000178_keypoint_confidence_overlay.jpg,ARCHIVE_RND,258215,885298175037230ac452c1861af3878857a977aa16b57509bdd7cd1b9f8c5177,historical or bulk experiment output not used by runtime,,varies,2026-07-29T06:06:57.567175+00:00
out/object_anchor_pilot/live_world/20260724_153106/failures/20260724_153226_807_f000178_keypoint_confidence_raw.jpg,archive_local/rnd_20260729/outputs/out/object_anchor_pilot/live_world/20260724_153106/failures/20260724_153226_807_f000178_keypoint_confidence_raw.jpg,ARCHIVE_RND,252694,462acbda6d18950fd21bdeef664d3033c245a348cdf2113be597e26cfff53a49,historical or bulk experiment output not used by runtime,,varies,2026-07-29T06:06:57.567175+00:00
out/object_anchor_pilot/live_world/20260724_153106/failures/20260724_153227_562_f000182_keypoint_confidence_overlay.jpg,archive_local/rnd_20260729/outputs/out/object_anchor_pilot/live_world/20260724_153106/failures/20260724_153227_562_f000182_keypoint_confidence_overlay.jpg,ARCHIVE_RND,258285,4f3e7509e3d269250af3578d1a626aaa4ff97504a21eeccbc80cdb3923ec4326,historical or bulk experiment output not used by runtime,,varies,2026-07-29T06:06:57.567175+00:00
out/object_anchor_pilot/live_world/20260724_153106/failures/20260724_153227_562_f000182_keypoint_confidence_raw.jpg,archive_local/rnd_20260729/outputs/out/object_anchor_pilot/live_world/20260724_153106/failures/20260724_153227_562_f000182_keypoint_confidence_raw.jpg,ARCHIVE_RND,252402,159bbf122e6c4234500b9f74ee3e1174dbe1c7037fa585841dc32e4c42e2e1b3,historical or bulk experiment output not used by runtime,,varies,2026-07-29T06:06:57.567175+00:00
out/object_anchor_pilot/live_world/20260724_153106/failures/20260724_153228_124_f000185_keypoint_confidence_overlay.jpg,archive_local/rnd_20260729/outputs/out/object_anchor_pilot/live_world/20260724_153106/failures/20260724_153228_124_f000185_keypoint_confidence_overlay.jpg,ARCHIVE_RND,258345,91db5dad3f8a724f22d549b9ab8228db058cf92e361f1521645e8dcf5fdb8621,historical or bulk experiment output not used by runtime,,varies,2026-07-29T06:06:57.567175+00:00
out/object_anchor_pilot/live_world/20260724_153106/failures/20260724_153228_124_f000185_keypoint_confidence_raw.jpg,archive_local/rnd_20260729/outputs/out/object_anchor_pilot/live_world/20260724_153106/failures/20260724_153228_124_f000185_keypoint_confidence_raw.jpg,ARCHIVE_RND,252912,da10740cbbd7b3d844d825824f9d3ed6e9b952fdfa800011d782979e33e98823,historical or bulk experiment output not used by runtime,,varies,2026-07-29T06:06:57.567175+00:00
out/object_anchor_pilot/live_world/20260724_153106/failures/20260724_153228_725_f000188_keypoint_confidence_overlay.jpg,archive_local/rnd_20260729/outputs/out/object_anchor_pilot/live_world/20260724_153106/failures/20260724_153228_725_f000188_keypoint_confidence_overlay.jpg,ARCHIVE_RND,257828,6c54643299a112838a30516298e1ece5f4e005d12257252e03af4cecbd2103ee,historical or bulk experiment output not used by runtime,,varies,2026-07-29T06:06:57.567175+00:00
out/object_anchor_pilot/live_world/20260724_153106/failures/20260724_153228_725_f000188_keypoint_confidence_raw.jpg,archive_local/rnd_20260729/outputs/out/object_anchor_pilot/live_world/20260724_153106/failures/20260724_153228_725_f000188_keypoint_confidence_raw.jpg,ARCHIVE_RND,252333,27e2109c07faa70b187db50afc051a02b87d6388df7f49bf1ff2aac3d60848b4,historical or bulk experiment output not used by runtime,,varies,2026-07-29T06:06:57.567175+00:00
out/object_anchor_pilot/live_world/20260724_153106/failures/20260724_153229_270_f000191_reprojection_error_overlay.jpg,archive_local/rnd_20260729/outputs/out/object_anchor_pilot/live_world/20260724_153106/failures/20260724_153229_270_f000191_reprojection_error_overlay.jpg,ARCHIVE_RND,264008,d5c885ca6ea8b03e3677a87e4415908a63a075a444ba4b282143b57762653fb6,historical or bulk experiment output not used by runtime,,varies,2026-07-29T06:06:57.567175+00:00
out/object_anchor_pilot/live_world/20260724_153106/failures/20260724_153229_270_f000191_reprojection_error_raw.jpg,archive_local/rnd_20260729/outputs/out/object_anchor_pilot/live_world/20260724_153106/failures/20260724_153229_270_f000191_reprojection_error_raw.jpg,ARCHIVE_RND,252011,1476d0c1a4c22d70036db72d4f860996c88c07582cbddc7ae9de1a1930afb440,historical or bulk experiment output not used by runtime,,varies,2026-07-29T06:06:57.567175+00:00
out/object_anchor_pilot/live_world/20260724_153106/failures/20260724_153229_437_f000192_keypoint_confidence_overlay.jpg,archive_local/rnd_20260729/outputs/out/object_anchor_pilot/live_world/20260724_153106/failures/20260724_153229_437_f000192_keypoint_confidence_overlay.jpg,ARCHIVE_RND,257758,3b780b2a60de946617c8b43bc7abc11428a72d1d291b78eabd3f45d1c62b9a3d,historical or bulk experiment output not used by runtime,,varies,2026-07-29T06:06:57.567175+00:00
out/object_anchor_pilot/live_world/20260724_153106/failures/20260724_153229_437_f000192_keypoint_confidence_raw.jpg,archive_local/rnd_20260729/outputs/out/object_anchor_pilot/live_world/20260724_153106/failures/20260724_153229_437_f000192_keypoint_confidence_raw.jpg,ARCHIVE_RND,251661,319b6f108ca7a6e5ed7bdaa673bb68bec050a1f636f69871e1def3ced58c5bb9,historical or bulk experiment output not used by runtime,,varies,2026-07-29T06:06:57.567175+00:00
out/object_anchor_pilot/live_world/20260724_153106/failures/20260724_153230_184_f000195_keypoint_confidence_overlay.jpg,archive_local/rnd_20260729/outputs/out/object_anchor_pilot/live_world/20260724_153106/failures/20260724_153230_184_f000195_keypoint_confidence_overlay.jpg,ARCHIVE_RND,258192,a6916c7c0398588c4f9b20ad6caadeade82d813f25edadc280ee12bb295911ee,historical or bulk experiment output not used by runtime,,varies,2026-07-29T06:06:57.567175+00:00
out/object_anchor_pilot/live_world/20260724_153106/failures/20260724_153230_184_f000195_keypoint_confidence_raw.jpg,archive_local/rnd_20260729/outputs/out/object_anchor_pilot/live_world/20260724_153106/failures/20260724_153230_184_f000195_keypoint_confidence_raw.jpg,ARCHIVE_RND,251890,710c9c72998337e6275076bca8a194e16ea757fbe9bf9110794480addc43d3f8,historical or bulk experiment output not used by runtime,,varies,2026-07-29T06:06:57.567175+00:00
out/object_anchor_pilot/live_world/20260724_153106/failures/20260724_153230_717_f000198_keypoint_confidence_overlay.jpg,archive_local/rnd_20260729/outputs/out/object_anchor_pilot/live_world/20260724_153106/failures/20260724_153230_717_f000198_keypoint_confidence_overlay.jpg,ARCHIVE_RND,259522,a36777438f4a56ee17e70f7c0e734978a81ef82c4c69c9ecedce038b7e146d33,historical or bulk experiment output not used by runtime,,varies,2026-07-29T06:06:57.567175+00:00
out/object_anchor_pilot/live_world/20260724_153106/failures/20260724_153230_717_f000198_keypoint_confidence_raw.jpg,archive_local/rnd_20260729/outputs/out/object_anchor_pilot/live_world/20260724_153106/failures/20260724_153230_717_f000198_keypoint_confidence_raw.jpg,ARCHIVE_RND,253715,d410b8e1d4d22ab5f62e9bca1440a27776fe63aad62d4e7c85f5c823cfe658c2,historical or bulk experiment output not used by runtime,,varies,2026-07-29T06:06:57.567175+00:00
out/object_anchor_pilot/live_world/20260724_153106/failures/20260724_153231_348_f000201_keypoint_confidence_overlay.jpg,archive_local/rnd_20260729/outputs/out/object_anchor_pilot/live_world/20260724_153106/failures/20260724_153231_348_f000201_keypoint_confidence_overlay.jpg,ARCHIVE_RND,258611,171dcef1c7d330d0393f75e1bd906813f21a64fdbe724a14a62669d0f84e6500,historical or bulk experiment output not used by runtime,,varies,2026-07-29T06:06:57.567175+00:00
out/object_anchor_pilot/live_world/20260724_153106/failures/20260724_153231_348_f000201_keypoint_confidence_raw.jpg,archive_local/rnd_20260729/outputs/out/object_anchor_pilot/live_world/20260724_153106/failures/20260724_153231_348_f000201_keypoint_confidence_raw.jpg,ARCHIVE_RND,252193,5a8e0cee12baf3bd71472f4b742654e6ef1a5deb0ba64687b460de49708b838a,historical or bulk experiment output not used by runtime,,varies,2026-07-29T06:06:57.567175+00:00
out/object_anchor_pilot/live_world/20260724_153106/failures/20260724_153231_876_f000204_keypoint_confidence_overlay.jpg,archive_local/rnd_20260729/outputs/out/object_anchor_pilot/live_world/20260724_153106/failures/20260724_153231_876_f000204_keypoint_confidence_overlay.jpg,ARCHIVE_RND,259123,b5c8569e085e54339b2ae861fdfbfa3af5077191e3f5186e7a4245b2ab66e09d,historical or bulk experiment output not used by runtime,,varies,2026-07-29T06:06:57.567175+00:00
out/object_anchor_pilot/live_world/20260724_153106/failures/20260724_153231_876_f000204_keypoint_confidence_raw.jpg,archive_local/rnd_20260729/outputs/out/object_anchor_pilot/live_world/20260724_153106/failures/20260724_153231_876_f000204_keypoint_confidence_raw.jpg,ARCHIVE_RND,250871,a997796f7a2c8c94c105963fe8d283563676dd3b6b4efc297b0d7f8b0e36fe16,historical or bulk experiment output not used by runtime,,varies,2026-07-29T06:06:57.567175+00:00
out/object_anchor_pilot/live_world/20260724_153106/failures/20260724_153232_535_f000207_keypoint_confidence_overlay.jpg,archive_local/rnd_20260729/outputs/out/object_anchor_pilot/live_world/20260724_153106/failures/20260724_153232_535_f000207_keypoint_confidence_overlay.jpg,ARCHIVE_RND,259284,9a2ed92cdd109e47293ea05a2a73a1599bd177b8f4dae728d07c4441bf86a527,historical or bulk experiment output not used by runtime,,varies,2026-07-29T06:06:57.567175+00:00
out/object_anchor_pilot/live_world/20260724_153106/failures/20260724_153232_535_f000207_keypoint_confidence_raw.jpg,archive_local/rnd_20260729/outputs/out/object_anchor_pilot/live_world/20260724_153106/failures/20260724_153232_535_f000207_keypoint_confidence_raw.jpg,ARCHIVE_RND,252886,6395a250a77f97b996bae7b6f77776becbf97f693b504ceefa20b70f9f286d0f,historical or bulk experiment output not used by runtime,,varies,2026-07-29T06:06:57.567175+00:00
out/object_anchor_pilot/live_world/20260724_153106/failures/20260724_153233_046_f000210_keypoint_confidence_overlay.jpg,archive_local/rnd_20260729/outputs/out/object_anchor_pilot/live_world/20260724_153106/failures/20260724_153233_046_f000210_keypoint_confidence_overlay.jpg,ARCHIVE_RND,257966,632f43f5781d890ea09680b43c8cf52855ccd1d826a9ef8a999ada53e434768d,historical or bulk experiment output not used by runtime,,varies,2026-07-29T06:06:57.567175+00:00
out/object_anchor_pilot/live_world/20260724_153106/failures/20260724_153233_046_f000210_keypoint_confidence_raw.jpg,archive_local/rnd_20260729/outputs/out/object_anchor_pilot/live_world/20260724_153106/failures/20260724_153233_046_f000210_keypoint_confidence_raw.jpg,ARCHIVE_RND,251643,9a73d3d112bff574ad19bb10cca2ea46df3c0fe9cf877e3323319af6afb0eb72,historical or bulk experiment output not used by runtime,,varies,2026-07-29T06:06:57.567175+00:00
out/object_anchor_pilot/live_world/20260724_153106/failures/20260724_153233_710_f000213_keypoint_confidence_overlay.jpg,archive_local/rnd_20260729/outputs/out/object_anchor_pilot/live_world/20260724_153106/failures/20260724_153233_710_f000213_keypoint_confidence_overlay.jpg,ARCHIVE_RND,256420,3621fce66adf211042e31d691393c390ebf60ac809ae42f6dba60f95834f62e9,historical or bulk experiment output not used by runtime,,varies,2026-07-29T06:06:57.567175+00:00
out/object_anchor_pilot/live_world/20260724_153106/failures/20260724_153233_710_f000213_keypoint_confidence_raw.jpg,archive_local/rnd_20260729/outputs/out/object_anchor_pilot/live_world/20260724_153106/failures/20260724_153233_710_f000213_keypoint_confidence_raw.jpg,ARCHIVE_RND,250591,3a919a406877598f284131ea1bc294b0e26f5218b2a4d2a71a05c89507752eb4,historical or bulk experiment output not used by runtime,,varies,2026-07-29T06:06:57.567175+00:00
out/object_anchor_pilot/live_world/20260724_153106/failures/20260724_153234_223_f000216_keypoint_confidence_overlay.jpg,archive_local/rnd_20260729/outputs/out/object_anchor_pilot/live_world/20260724_153106/failures/20260724_153234_223_f000216_keypoint_confidence_overlay.jpg,ARCHIVE_RND,259961,083834c7d9436bae370656e110f0d9056a62da37e792aedbac70b4c0d0963f72,historical or bulk experiment output not used by runtime,,varies,2026-07-29T06:06:57.567175+00:00
out/object_anchor_pilot/live_world/20260724_153106/failures/20260724_153234_223_f000216_keypoint_confidence_raw.jpg,archive_local/rnd_20260729/outputs/out/object_anchor_pilot/live_world/20260724_153106/failures/20260724_153234_223_f000216_keypoint_confidence_raw.jpg,ARCHIVE_RND,252002,466b6c606a1779a93738517f4c361774683716035b122f12eebbd8a5a666b12c,historical or bulk experiment output not used by runtime,,varies,2026-07-29T06:06:57.567175+00:00
out/object_anchor_pilot/live_world/20260724_153106/failures/20260724_153234_865_f000219_keypoint_confidence_overlay.jpg,archive_local/rnd_20260729/outputs/out/object_anchor_pilot/live_world/20260724_153106/failures/20260724_153234_865_f000219_keypoint_confidence_overlay.jpg,ARCHIVE_RND,259219,fe7ba5c5d7910312ed22fe7b75c12f5267d79e729e1e4e7edbc3222d000c3ae5,historical or bulk experiment output not used by runtime,,varies,2026-07-29T06:06:57.567175+00:00
out/object_anchor_pilot/live_world/20260724_153106/failures/20260724_153234_865_f000219_keypoint_confidence_raw.jpg,archive_local/rnd_20260729/outputs/out/object_anchor_pilot/live_world/20260724_153106/failures/20260724_153234_865_f000219_keypoint_confidence_raw.jpg,ARCHIVE_RND,252889,092c49e665e2a05763eff029c71a800b7a404abcce073db158cf015b8c4ad0e1,historical or bulk experiment output not used by runtime,,varies,2026-07-29T06:06:57.567175+00:00
out/object_anchor_pilot/live_world/20260724_153106/failures/20260724_153235_391_f000222_keypoint_confidence_overlay.jpg,archive_local/rnd_20260729/outputs/out/object_anchor_pilot/live_world/20260724_153106/failures/20260724_153235_391_f000222_keypoint_confidence_overlay.jpg,ARCHIVE_RND,259106,339a294c9eab52b7cdbd9b6c93d9636f5837dff277953c7fa824df81fb30a8a8,historical or bulk experiment output not used by runtime,,varies,2026-07-29T06:06:57.567175+00:00
out/object_anchor_pilot/live_world/20260724_153106/failures/20260724_153235_391_f000222_keypoint_confidence_raw.jpg,archive_local/rnd_20260729/outputs/out/object_anchor_pilot/live_world/20260724_153106/failures/20260724_153235_391_f000222_keypoint_confidence_raw.jpg,ARCHIVE_RND,253626,0d9fad41ca7e43520d24fd75f54ad0b827ce2ddf4a02c0924ebdca3169c7e165,historical or bulk experiment output not used by runtime,,varies,2026-07-29T06:06:57.567175+00:00
out/object_anchor_pilot/live_world/20260724_153106/failures/20260724_153236_107_f000225_keypoint_confidence_overlay.jpg,archive_local/rnd_20260729/outputs/out/object_anchor_pilot/live_world/20260724_153106/failures/20260724_153236_107_f000225_keypoint_confidence_overlay.jpg,ARCHIVE_RND,259729,33bd4acb49c190c604c03abcaa2c7d54ef7fc4a53938af289bf1cf0a5fb3d17a,historical or bulk experiment output not used by runtime,,varies,2026-07-29T06:06:57.567175+00:00
out/object_anchor_pilot/live_world/20260724_153106/failures/20260724_153236_107_f000225_keypoint_confidence_raw.jpg,archive_local/rnd_20260729/outputs/out/object_anchor_pilot/live_world/20260724_153106/failures/20260724_153236_107_f000225_keypoint_confidence_raw.jpg,ARCHIVE_RND,253049,7bd8390831345af954529cfeb62fc55cac0a8f2124792fbdf16da73f85451495,historical or bulk experiment output not used by runtime,,varies,2026-07-29T06:06:57.567175+00:00
out/object_anchor_pilot/live_world/20260724_153106/failures/20260724_153236_659_f000228_keypoint_confidence_overlay.jpg,archive_local/rnd_20260729/outputs/out/object_anchor_pilot/live_world/20260724_153106/failures/20260724_153236_659_f000228_keypoint_confidence_overlay.jpg,ARCHIVE_RND,258886,898f45c030923b797881db2dd5f4d06dc5fa19ecb5bda2d29e87c8b6324098a6,historical or bulk experiment output not used by runtime,,varies,2026-07-29T06:06:57.567175+00:00
out/object_anchor_pilot/live_world/20260724_153106/failures/20260724_153236_659_f000228_keypoint_confidence_raw.jpg,archive_local/rnd_20260729/outputs/out/object_anchor_pilot/live_world/20260724_153106/failures/20260724_153236_659_f000228_keypoint_confidence_raw.jpg,ARCHIVE_RND,251627,bf8c358c187f7a895d04d5169680d546dd8dabf1f7a49aa513a28f887b0a560c,historical or bulk experiment output not used by runtime,,varies,2026-07-29T06:06:57.567175+00:00
out/object_anchor_pilot/live_world/20260724_153106/failures/20260724_153237_304_f000231_keypoint_confidence_overlay.jpg,archive_local/rnd_20260729/outputs/out/object_anchor_pilot/live_world/20260724_153106/failures/20260724_153237_304_f000231_keypoint_confidence_overlay.jpg,ARCHIVE_RND,258202,2c9e3ff73ea6ff8abddc1ec605294d4a263d6b9e512ae10e209657107092ad4a,historical or bulk experiment output not used by runtime,,varies,2026-07-29T06:06:57.567175+00:00
out/object_anchor_pilot/live_world/20260724_153106/failures/20260724_153237_304_f000231_keypoint_confidence_raw.jpg,archive_local/rnd_20260729/outputs/out/object_anchor_pilot/live_world/20260724_153106/failures/20260724_153237_304_f000231_keypoint_confidence_raw.jpg,ARCHIVE_RND,250614,543c5e6641a764f6b2a75371c1a965670ab5edd0c98d2a6a56765136481b37cf,historical or bulk experiment output not used by runtime,,varies,2026-07-29T06:06:57.567175+00:00
out/object_anchor_pilot/live_world/20260724_153106/failures/20260724_153237_824_f000234_keypoint_confidence_overlay.jpg,archive_local/rnd_20260729/outputs/out/object_anchor_pilot/live_world/20260724_153106/failures/20260724_153237_824_f000234_keypoint_confidence_overlay.jpg,ARCHIVE_RND,257551,9615c22cef90d9532d129c41bffa4e7184793979085f3a844cfee314c5ab9ce6,historical or bulk experiment output not used by runtime,,varies,2026-07-29T06:06:57.567175+00:00
out/object_anchor_pilot/live_world/20260724_153106/failures/20260724_153237_824_f000234_keypoint_confidence_raw.jpg,archive_local/rnd_20260729/outputs/out/object_anchor_pilot/live_world/20260724_153106/failures/20260724_153237_824_f000234_keypoint_confidence_raw.jpg,ARCHIVE_RND,251310,13ccbc6058410dbc802f66ea1c1f5cb1c792da1bfdd7d0524fe127c25fcb4969,historical or bulk experiment output not used by runtime,,varies,2026-07-29T06:06:57.567175+00:00
out/object_anchor_pilot/live_world/20260724_153106/failures/20260724_153238_352_f000236_keypoint_confidence_overlay.jpg,archive_local/rnd_20260729/outputs/out/object_anchor_pilot/live_world/20260724_153106/failures/20260724_153238_352_f000236_keypoint_confidence_overlay.jpg,ARCHIVE_RND,257733,156fae21aa49dced5822350b2a1f5aa476d4eb8f954a4d4c36a6fb8f73c4a1c4,historical or bulk experiment output not used by runtime,,varies,2026-07-29T06:06:57.567175+00:00
out/object_anchor_pilot/live_world/20260724_153106/failures/20260724_153238_352_f000236_keypoint_confidence_raw.jpg,archive_local/rnd_20260729/outputs/out/object_anchor_pilot/live_world/20260724_153106/failures/20260724_153238_352_f000236_keypoint_confidence_raw.jpg,ARCHIVE_RND,251458,e5ebf4f07ce624afd95c44ec3e37f68cead0d07cb02cddbc955643a17dafa7c0,historical or bulk experiment output not used by runtime,,varies,2026-07-29T06:06:57.567175+00:00
out/object_anchor_pilot/live_world/20260724_153106/failures/20260724_153238_891_f000239_keypoint_confidence_overlay.jpg,archive_local/rnd_20260729/outputs/out/object_anchor_pilot/live_world/20260724_153106/failures/20260724_153238_891_f000239_keypoint_confidence_overlay.jpg,ARCHIVE_RND,257735,db3a44a757015923b5bd32a74e23f2cce6e5d0727b0e819e610ed42fdd094105,historical or bulk experiment output not used by runtime,,varies,2026-07-29T06:06:57.567175+00:00
out/object_anchor_pilot/live_world/20260724_153106/failures/20260724_153238_891_f000239_keypoint_confidence_raw.jpg,archive_local/rnd_20260729/outputs/out/object_anchor_pilot/live_world/20260724_153106/failures/20260724_153238_891_f000239_keypoint_confidence_raw.jpg,ARCHIVE_RND,251719,ca9000567fdf25b52d075870b0912e3466352aaaeaa7e770219873f5f8267f5e,historical or bulk experiment output not used by runtime,,varies,2026-07-29T06:06:57.567175+00:00
out/object_anchor_pilot/live_world/20260724_153106/failures/20260724_153239_412_f000241_keypoint_confidence_overlay.jpg,archive_local/rnd_20260729/outputs/out/object_anchor_pilot/live_world/20260724_153106/failures/20260724_153239_412_f000241_keypoint_confidence_overlay.jpg,ARCHIVE_RND,259324,7c75263027d95699eb4ba2ecbe23ecce6b075d4009fc9cd7cfc7410cedb3cd1d,historical or bulk experiment output not used by runtime,,varies,2026-07-29T06:06:57.567175+00:00
out/object_anchor_pilot/live_world/20260724_153106/failures/20260724_153239_412_f000241_keypoint_confidence_raw.jpg,archive_local/rnd_20260729/outputs/out/object_anchor_pilot/live_world/20260724_153106/failures/20260724_153239_412_f000241_keypoint_confidence_raw.jpg,ARCHIVE_RND,251705,a7bceeff25414b9ee3932e4c07fcde2f2d896031524f84e6bf83638d80b6d9ff,historical or bulk experiment output not used by runtime,,varies,2026-07-29T06:06:57.567175+00:00
out/object_anchor_pilot/live_world/20260724_153106/failures/20260724_153239_974_f000244_keypoint_confidence_overlay.jpg,archive_local/rnd_20260729/outputs/out/object_anchor_pilot/live_world/20260724_153106/failures/20260724_153239_974_f000244_keypoint_confidence_overlay.jpg,ARCHIVE_RND,257384,64684fc12bdfbaee6d45967e44045919898cb459d129667cb8f41eb8269b2bcc,historical or bulk experiment output not used by runtime,,varies,2026-07-29T06:06:57.567175+00:00
out/object_anchor_pilot/live_world/20260724_153106/failures/20260724_153239_974_f000244_keypoint_confidence_raw.jpg,archive_local/rnd_20260729/outputs/out/object_anchor_pilot/live_world/20260724_153106/failures/20260724_153239_974_f000244_keypoint_confidence_raw.jpg,ARCHIVE_RND,250008,1e00de48e4df0c8bffafb2aacc1741b6e2794e72f08cf24d3f5438e26f3e2743,historical or bulk experiment output not used by runtime,,varies,2026-07-29T06:06:57.567175+00:00
out/object_anchor_pilot/live_world/20260724_153106/failures/20260724_153240_661_f000247_keypoint_confidence_overlay.jpg,archive_local/rnd_20260729/outputs/out/object_anchor_pilot/live_world/20260724_153106/failures/20260724_153240_661_f000247_keypoint_confidence_overlay.jpg,ARCHIVE_RND,259085,b79599f7ebcd5d01df8babd610e39c5b8983079eb3c59277fe49b1f7184d5f10,historical or bulk experiment output not used by runtime,,varies,2026-07-29T06:06:57.567175+00:00
out/object_anchor_pilot/live_world/20260724_153106/failures/20260724_153240_661_f000247_keypoint_confidence_raw.jpg,archive_local/rnd_20260729/outputs/out/object_anchor_pilot/live_world/20260724_153106/failures/20260724_153240_661_f000247_keypoint_confidence_raw.jpg,ARCHIVE_RND,251280,6550197e7fa94cf85fa343bf5b5949079eb34b99b873f79cb45f70815a767fe2,historical or bulk experiment output not used by runtime,,varies,2026-07-29T06:06:57.567175+00:00
out/object_anchor_pilot/live_world/20260724_153106/failures/20260724_153241_318_f000251_keypoint_confidence_overlay.jpg,archive_local/rnd_20260729/outputs/out/object_anchor_pilot/live_world/20260724_153106/failures/20260724_153241_318_f000251_keypoint_confidence_overlay.jpg,ARCHIVE_RND,257923,976d972dd96ae42a7760aa64ed2420d04e23ed246fa8f02dc54ca0bf81636499,historical or bulk experiment output not used by runtime,,varies,2026-07-29T06:06:57.567175+00:00
out/object_anchor_pilot/live_world/20260724_153106/failures/20260724_153241_318_f000251_keypoint_confidence_raw.jpg,archive_local/rnd_20260729/outputs/out/object_anchor_pilot/live_world/20260724_153106/failures/20260724_153241_318_f000251_keypoint_confidence_raw.jpg,ARCHIVE_RND,250953,3aa9313213f19794a89c5a642336b3129c42815ab0421abfd7cef0d8871c04c0,historical or bulk experiment output not used by runtime,,varies,2026-07-29T06:06:57.567175+00:00
out/object_anchor_pilot/live_world/20260724_153106/failures/20260724_153241_826_f000253_keypoint_confidence_overlay.jpg,archive_local/rnd_20260729/outputs/out/object_anchor_pilot/live_world/20260724_153106/failures/20260724_153241_826_f000253_keypoint_confidence_overlay.jpg,ARCHIVE_RND,260384,fdecd025409b55cfe160cd84265babaf2c22520cc1dcb32f8644c84cdce85027,historical or bulk experiment output not used by runtime,,varies,2026-07-29T06:06:57.567175+00:00
out/object_anchor_pilot/live_world/20260724_153106/failures/20260724_153241_826_f000253_keypoint_confidence_raw.jpg,archive_local/rnd_20260729/outputs/out/object_anchor_pilot/live_world/20260724_153106/failures/20260724_153241_826_f000253_keypoint_confidence_raw.jpg,ARCHIVE_RND,252795,0ddd7e0b8db7a725fd1ba7e59470a4ddf17fbd8416f678ecd6b0a9fd8c8f338a,historical or bulk experiment output not used by runtime,,varies,2026-07-29T06:06:57.567175+00:00
out/object_anchor_pilot/live_world/20260724_153106/failures/20260724_153242_335_f000256_keypoint_confidence_overlay.jpg,archive_local/rnd_20260729/outputs/out/object_anchor_pilot/live_world/20260724_153106/failures/20260724_153242_335_f000256_keypoint_confidence_overlay.jpg,ARCHIVE_RND,260746,b27b94b7a8cec7ba11c6faadf72bcc9e9bc0791802753402387376c99543e625,historical or bulk experiment output not used by runtime,,varies,2026-07-29T06:06:57.567175+00:00
out/object_anchor_pilot/live_world/20260724_153106/failures/20260724_153242_335_f000256_keypoint_confidence_raw.jpg,archive_local/rnd_20260729/outputs/out/object_anchor_pilot/live_world/20260724_153106/failures/20260724_153242_335_f000256_keypoint_confidence_raw.jpg,ARCHIVE_RND,253692,ef340b4ebcc97a28b17ea2268ac23d226a524981178e26ef166de0b7cd4f8add,historical or bulk experiment output not used by runtime,,varies,2026-07-29T06:06:57.567175+00:00
out/object_anchor_pilot/live_world/20260724_153106/failures/20260724_153242_998_f000259_keypoint_confidence_overlay.jpg,archive_local/rnd_20260729/outputs/out/object_anchor_pilot/live_world/20260724_153106/failures/20260724_153242_998_f000259_keypoint_confidence_overlay.jpg,ARCHIVE_RND,258518,323d820d137879af5eff56c56d5f9ca63ab65dd4f8c29f293225f7c1e67dc5d5,historical or bulk experiment output not used by runtime,,varies,2026-07-29T06:06:57.567175+00:00
out/object_anchor_pilot/live_world/20260724_153106/failures/20260724_153242_998_f000259_keypoint_confidence_raw.jpg,archive_local/rnd_20260729/outputs/out/object_anchor_pilot/live_world/20260724_153106/failures/20260724_153242_998_f000259_keypoint_confidence_raw.jpg,ARCHIVE_RND,251658,3a2bf64fb6ed779e21598fcb50e1ddd34163a959bf067befc5e3a2a2d1383c56,historical or bulk experiment output not used by runtime,,varies,2026-07-29T06:06:57.567175+00:00
out/object_anchor_pilot/live_world/20260724_153106/failures/20260724_153243_644_f000263_keypoint_confidence_overlay.jpg,archive_local/rnd_20260729/outputs/out/object_anchor_pilot/live_world/20260724_153106/failures/20260724_153243_644_f000263_keypoint_confidence_overlay.jpg,ARCHIVE_RND,258861,925be9cebc8406b0a0eb11059fad0b057b6f9ff21a75473a993afe8c93b063df,historical or bulk experiment output not used by runtime,,varies,2026-07-29T06:06:57.567175+00:00
out/object_anchor_pilot/live_world/20260724_153106/failures/20260724_153243_644_f000263_keypoint_confidence_raw.jpg,archive_local/rnd_20260729/outputs/out/object_anchor_pilot/live_world/20260724_153106/failures/20260724_153243_644_f000263_keypoint_confidence_raw.jpg,ARCHIVE_RND,253872,5707c5f5c266ca87d3b0e812c30a4633af43b4395f98e41ab24fa4b2b6ec0eef,historical or bulk experiment output not used by runtime,,varies,2026-07-29T06:06:57.567175+00:00
out/object_anchor_pilot/live_world/20260724_153106/failures/20260724_153244_262_f000266_keypoint_confidence_overlay.jpg,archive_local/rnd_20260729/outputs/out/object_anchor_pilot/live_world/20260724_153106/failures/20260724_153244_262_f000266_keypoint_confidence_overlay.jpg,ARCHIVE_RND,259844,3d2332b13e595d9d630203156a60eedf6827c05fc9d246049d2ea470947d7125,historical or bulk experiment output not used by runtime,,varies,2026-07-29T06:06:57.567175+00:00
out/object_anchor_pilot/live_world/20260724_153106/failures/20260724_153244_262_f000266_keypoint_confidence_raw.jpg,archive_local/rnd_20260729/outputs/out/object_anchor_pilot/live_world/20260724_153106/failures/20260724_153244_262_f000266_keypoint_confidence_raw.jpg,ARCHIVE_RND,253404,63f8b27cce621b759ac93379f3cc188f1a4d35398aba54d2b1c62c684c2e78f0,historical or bulk experiment output not used by runtime,,varies,2026-07-29T06:06:57.567175+00:00
out/object_anchor_pilot/live_world/20260724_153106/failures/20260724_153244_781_f000269_keypoint_confidence_overlay.jpg,archive_local/rnd_20260729/outputs/out/object_anchor_pilot/live_world/20260724_153106/failures/20260724_153244_781_f000269_keypoint_confidence_overlay.jpg,ARCHIVE_RND,257810,b3d105548145063a017749897d95eefd3a3b0a8982756563a7ac3f03d5c15e06,historical or bulk experiment output not used by runtime,,varies,2026-07-29T06:06:57.567175+00:00
out/object_anchor_pilot/live_world/20260724_153106/failures/20260724_153244_781_f000269_keypoint_confidence_raw.jpg,archive_local/rnd_20260729/outputs/out/object_anchor_pilot/live_world/20260724_153106/failures/20260724_153244_781_f000269_keypoint_confidence_raw.jpg,ARCHIVE_RND,250474,d16e0c932c6adaf01cb80bae5eb883abb72ec7cb8fbc8b5684fd10b5c1141a99,historical or bulk experiment output not used by runtime,,varies,2026-07-29T06:06:57.567175+00:00
out/object_anchor_pilot/live_world/20260724_153106/failures/20260724_153245_480_f000272_keypoint_confidence_overlay.jpg,archive_local/rnd_20260729/outputs/out/object_anchor_pilot/live_world/20260724_153106/failures/20260724_153245_480_f000272_keypoint_confidence_overlay.jpg,ARCHIVE_RND,255968,e8774adce491a29f2590c1071c1b9650c1e167fff93389f58ca6b45e17673e43,historical or bulk experiment output not used by runtime,,varies,2026-07-29T06:06:57.567175+00:00
out/object_anchor_pilot/live_world/20260724_153106/failures/20260724_153245_480_f000272_keypoint_confidence_raw.jpg,archive_local/rnd_20260729/outputs/out/object_anchor_pilot/live_world/20260724_153106/failures/20260724_153245_480_f000272_keypoint_confidence_raw.jpg,ARCHIVE_RND,250045,33f7685d4e636bbe0737cd87d4992243498a0660bebd55fdeef4437a065a7f01,historical or bulk experiment output not used by runtime,,varies,2026-07-29T06:06:57.567175+00:00
out/object_anchor_pilot/live_world/20260724_153106/failures/20260724_153246_215_f000276_keypoint_confidence_overlay.jpg,archive_local/rnd_20260729/outputs/out/object_anchor_pilot/live_world/20260724_153106/failures/20260724_153246_215_f000276_keypoint_confidence_overlay.jpg,ARCHIVE_RND,257707,a0a304d380022a62e6adfc4e7c0d1ba0dda66fd9b36c1501a9533de5b09a71df,historical or bulk experiment output not used by runtime,,varies,2026-07-29T06:06:57.567175+00:00
out/object_anchor_pilot/live_world/20260724_153106/failures/20260724_153246_215_f000276_keypoint_confidence_raw.jpg,archive_local/rnd_20260729/outputs/out/object_anchor_pilot/live_world/20260724_153106/failures/20260724_153246_215_f000276_keypoint_confidence_raw.jpg,ARCHIVE_RND,252196,19af0653bc2fcbc5c7cdc136a6933552cd1a4c9c2e405036d4d306e34bda79e5,historical or bulk experiment output not used by runtime,,varies,2026-07-29T06:06:57.567175+00:00
out/object_anchor_pilot/live_world/20260724_153106/failures/20260724_153246_805_f000279_keypoint_confidence_overlay.jpg,archive_local/rnd_20260729/outputs/out/object_anchor_pilot/live_world/20260724_153106/failures/20260724_153246_805_f000279_keypoint_confidence_overlay.jpg,ARCHIVE_RND,262226,52d0f916842482dc461fbc4aa1206c2216fdc834c2fbd2d04ead560841144b04,historical or bulk experiment output not used by runtime,,varies,2026-07-29T06:06:57.567175+00:00
out/object_anchor_pilot/live_world/20260724_153106/failures/20260724_153246_805_f000279_keypoint_confidence_raw.jpg,archive_local/rnd_20260729/outputs/out/object_anchor_pilot/live_world/20260724_153106/failures/20260724_153246_805_f000279_keypoint_confidence_raw.jpg,ARCHIVE_RND,255862,9aab240741d452c04736463a571dd145642419ec41b754f67b5d3390b0f6c451,historical or bulk experiment output not used by runtime,,varies,2026-07-29T06:06:57.567175+00:00
out/object_anchor_pilot/live_world/20260724_153106/failures/20260724_153247_441_f000282_keypoint_confidence_overlay.jpg,archive_local/rnd_20260729/outputs/out/object_anchor_pilot/live_world/20260724_153106/failures/20260724_153247_441_f000282_keypoint_confidence_overlay.jpg,ARCHIVE_RND,260194,8f4f46d5126b379eefb1dfbb4e371e9d4c92d2fcf0a0e37a10ba4fc67604d857,historical or bulk experiment output not used by runtime,,varies,2026-07-29T06:06:57.567175+00:00
out/object_anchor_pilot/live_world/20260724_153106/failures/20260724_153247_441_f000282_keypoint_confidence_raw.jpg,archive_local/rnd_20260729/outputs/out/object_anchor_pilot/live_world/20260724_153106/failures/20260724_153247_441_f000282_keypoint_confidence_raw.jpg,ARCHIVE_RND,254579,a5ccc713314a79c4c4e5ff2f69584d012d430ebd2cd79a2999ec60fba4f0e542,historical or bulk experiment output not used by runtime,,varies,2026-07-29T06:06:57.567175+00:00
out/object_anchor_pilot/live_world/20260724_153106/failures/20260724_153247_994_f000285_keypoint_confidence_overlay.jpg,archive_local/rnd_20260729/outputs/out/object_anchor_pilot/live_world/20260724_153106/failures/20260724_153247_994_f000285_keypoint_confidence_overlay.jpg,ARCHIVE_RND,257582,2032d39b1312c56d340a0b058b06365cae6d5ff7f0e481ca522eb0b2bbe4f773,historical or bulk experiment output not used by runtime,,varies,2026-07-29T06:06:57.567175+00:00
out/object_anchor_pilot/live_world/20260724_153106/failures/20260724_153247_994_f000285_keypoint_confidence_raw.jpg,archive_local/rnd_20260729/outputs/out/object_anchor_pilot/live_world/20260724_153106/failures/20260724_153247_994_f000285_keypoint_confidence_raw.jpg,ARCHIVE_RND,251202,334a3b2fd002c7a5e1c0d3ac8cf9ea817a4f527f2053ad9c6872d1b2390ee934,historical or bulk experiment output not used by runtime,,varies,2026-07-29T06:06:57.567175+00:00
out/object_anchor_pilot/live_world/20260724_153106/failures/20260724_153248_581_f000288_keypoint_confidence_overlay.jpg,archive_local/rnd_20260729/outputs/out/object_anchor_pilot/live_world/20260724_153106/failures/20260724_153248_581_f000288_keypoint_confidence_overlay.jpg,ARCHIVE_RND,250521,5784e0f9d4726b59b6b80d005043e75251c5e11eb5fe9fff98ee38a9268e5c1c,historical or bulk experiment output not used by runtime,,varies,2026-07-29T06:06:57.567175+00:00
out/object_anchor_pilot/live_world/20260724_153106/failures/20260724_153248_581_f000288_keypoint_confidence_raw.jpg,archive_local/rnd_20260729/outputs/out/object_anchor_pilot/live_world/20260724_153106/failures/20260724_153248_581_f000288_keypoint_confidence_raw.jpg,ARCHIVE_RND,243590,5d32328c56a2344b61e66c3455694beb093a7d78bfbb6aeba52c9cb656d0dc0b,historical or bulk experiment output not used by runtime,,varies,2026-07-29T06:06:57.567175+00:00
out/object_anchor_pilot/live_world/20260724_153106/failures/20260724_153249_153_f000291_keypoint_confidence_overlay.jpg,archive_local/rnd_20260729/outputs/out/object_anchor_pilot/live_world/20260724_153106/failures/20260724_153249_153_f000291_keypoint_confidence_overlay.jpg,ARCHIVE_RND,252806,ba936693bda08d7bd4fbe981455ca6fae90560958d53e3b74d65b938a05123a8,historical or bulk experiment output not used by runtime,,varies,2026-07-29T06:06:57.567175+00:00
out/object_anchor_pilot/live_world/20260724_153106/failures/20260724_153249_153_f000291_keypoint_confidence_raw.jpg,archive_local/rnd_20260729/outputs/out/object_anchor_pilot/live_world/20260724_153106/failures/20260724_153249_153_f000291_keypoint_confidence_raw.jpg,ARCHIVE_RND,246791,b81f79f23bb06b97357bbea01bb850b4a2ef255ebb8539676aff66b3f31c708b,historical or bulk experiment output not used by runtime,,varies,2026-07-29T06:06:57.567175+00:00
out/object_anchor_pilot/live_world/20260724_153106/failures/failure_contact_sheet.jpg,archive_local/rnd_20260729/outputs/out/object_anchor_pilot/live_world/20260724_153106/failures/failure_contact_sheet.jpg,ARCHIVE_RND,843275,532a3d4a70d816725a1bd6fd1eea2235d9501419c8251f99025539ef278a7310,historical or bulk experiment output not used by runtime,,varies,2026-07-29T06:06:57.567175+00:00
out/object_anchor_pilot/live_world/20260724_153106/object_anchor_world_frames.csv,archive_local/rnd_20260729/outputs/out/object_anchor_pilot/live_world/20260724_153106/object_anchor_world_frames.csv,ARCHIVE_RND,152511,b537433cb80852b32155dc4b4e79f6d7a4bcb14404123a6beddcc0751ad1a0fb,historical or bulk experiment output not used by runtime,,varies,2026-07-29T06:06:57.567175+00:00
out/object_anchor_pilot/pilot/frames.csv,archive_local/rnd_20260729/outputs/out/object_anchor_pilot/pilot/frames.csv,ARCHIVE_RND,1664,0766eb3a95182d40b9f7d248c93feece8b00761d509f42d999c01368b770529d,historical or bulk experiment output not used by runtime,,varies,2026-07-29T06:06:57.567175+00:00
out/object_anchor_pilot/pilot/overlays/tissue_negative_20260724_131450_001.jpg,archive_local/rnd_20260729/outputs/out/object_anchor_pilot/pilot/overlays/tissue_negative_20260724_131450_001.jpg,ARCHIVE_RND,272530,153f8091b6d35cf8ad4d87c34e0f7c3d5f5ab5587c53b0b06cbb841888965a35,historical or bulk experiment output not used by runtime,,varies,2026-07-29T06:06:57.567175+00:00
out/object_anchor_pilot/pilot/overlays/tissue_negative_20260724_131450_031.jpg,archive_local/rnd_20260729/outputs/out/object_anchor_pilot/pilot/overlays/tissue_negative_20260724_131450_031.jpg,ARCHIVE_RND,276196,ad4bb5ca84663ab729432f734ab6b25a8c490111ae3d199c512691f5f2777a96,historical or bulk experiment output not used by runtime,,varies,2026-07-29T06:06:57.567175+00:00
out/object_anchor_pilot/pilot/overlays/tissue_negative_20260724_131450_066.jpg,archive_local/rnd_20260729/outputs/out/object_anchor_pilot/pilot/overlays/tissue_negative_20260724_131450_066.jpg,ARCHIVE_RND,278216,1d6ece75f3d01873d620502f54ce93541867e860f4959d19f4d58637718bc9fb,historical or bulk experiment output not used by runtime,,varies,2026-07-29T06:06:57.567175+00:00
out/object_anchor_pilot/pilot/overlays/tissue_negative_20260724_131450_096.jpg,archive_local/rnd_20260729/outputs/out/object_anchor_pilot/pilot/overlays/tissue_negative_20260724_131450_096.jpg,ARCHIVE_RND,297455,0dfe3d81385abc1ab084dd4e99befc1e61827c41703387dca4df7de403a3a287,historical or bulk experiment output not used by runtime,,varies,2026-07-29T06:06:57.567175+00:00
out/object_anchor_pilot/pilot/overlays/tissue_positive_20260724_131652_001.jpg,archive_local/rnd_20260729/outputs/out/object_anchor_pilot/pilot/overlays/tissue_positive_20260724_131652_001.jpg,ARCHIVE_RND,286157,caaf3469aeee58227679a8b638b7178c1d8f91223459dc7d71276b02988e6167,historical or bulk experiment output not used by runtime,,varies,2026-07-29T06:06:57.567175+00:00
out/object_anchor_pilot/pilot/overlays/tissue_positive_20260724_131652_031.jpg,archive_local/rnd_20260729/outputs/out/object_anchor_pilot/pilot/overlays/tissue_positive_20260724_131652_031.jpg,ARCHIVE_RND,287739,8aa85d35784dc34623622b873837823a939d0f3aba337a0f24587aba7afb8c0c,historical or bulk experiment output not used by runtime,,varies,2026-07-29T06:06:57.567175+00:00
out/object_anchor_pilot/pilot/overlays/tissue_positive_20260724_131652_066.jpg,archive_local/rnd_20260729/outputs/out/object_anchor_pilot/pilot/overlays/tissue_positive_20260724_131652_066.jpg,ARCHIVE_RND,301241,9793cbbc27d390ce205361c5bfe06ee07c4233ed55325f268f20c19f5696ec74,historical or bulk experiment output not used by runtime,,varies,2026-07-29T06:06:57.567175+00:00
out/object_anchor_pilot/pilot/overlays/tissue_positive_20260724_131652_096.jpg,archive_local/rnd_20260729/outputs/out/object_anchor_pilot/pilot/overlays/tissue_positive_20260724_131652_096.jpg,ARCHIVE_RND,302625,3aef5b77e92eadf24c1b39f2e938a9edbf72cc0c262fa430391706e2301d1b7a,historical or bulk experiment output not used by runtime,,varies,2026-07-29T06:06:57.567175+00:00
out/object_anchor_pilot/pilot/summary.json,archive_local/rnd_20260729/outputs/out/object_anchor_pilot/pilot/summary.json,ARCHIVE_RND,1445,412710d1ec5a666713d2408767f10941d28fc5b6182cc93f6df03c343fef042e,historical or bulk experiment output not used by runtime,,varies,2026-07-29T06:06:57.567175+00:00
out/object_anchor_pilot/regression_baseline/frames.csv,archive_local/rnd_20260729/outputs/out/object_anchor_pilot/regression_baseline/frames.csv,ARCHIVE_RND,1574,0471d26fd0dede7b74262b072d8790fb47eb987a4d0dd2c85dd134d2b7e3d56e,historical or bulk experiment output not used by runtime,,varies,2026-07-29T06:06:57.567175+00:00
out/object_anchor_pilot/regression_baseline/overlays/tissue_F_001.jpg,archive_local/rnd_20260729/outputs/out/object_anchor_pilot/regression_baseline/overlays/tissue_F_001.jpg,ARCHIVE_RND,2753846,fa2fa14c24249a198e95d5e0dc0bf16fa0efe63dd80aabfae03adcee97dd6d4a,historical or bulk experiment output not used by runtime,,varies,2026-07-29T06:06:57.567175+00:00
out/object_anchor_pilot/regression_baseline/overlays/tissue_F_005.jpg,archive_local/rnd_20260729/outputs/out/object_anchor_pilot/regression_baseline/overlays/tissue_F_005.jpg,ARCHIVE_RND,2279888,772eb4cb9503225e6485aa1887348dcf1e213fb1b816cf39bc9cbf02a8b6fe2d,historical or bulk experiment output not used by runtime,,varies,2026-07-29T06:06:57.567175+00:00
out/object_anchor_pilot/regression_baseline/overlays/tissue_FDL_004.jpg,archive_local/rnd_20260729/outputs/out/object_anchor_pilot/regression_baseline/overlays/tissue_FDL_004.jpg,ARCHIVE_RND,2491270,5822368b2d123c856f70ac73c9a5a35c5059a7979bbfb1b07439c32c48123c43,historical or bulk experiment output not used by runtime,,varies,2026-07-29T06:06:57.567175+00:00
out/object_anchor_pilot/regression_baseline/overlays/tissue_FDR_005.jpg,archive_local/rnd_20260729/outputs/out/object_anchor_pilot/regression_baseline/overlays/tissue_FDR_005.jpg,ARCHIVE_RND,2297288,af29c078f23c0ea0198439d7781c4b97fe223878f14f6a3ccb3e5bb062492b9a,historical or bulk experiment output not used by runtime,,varies,2026-07-29T06:06:57.567175+00:00
out/object_anchor_pilot/regression_baseline/overlays/tissue_FTL_005.jpg,archive_local/rnd_20260729/outputs/out/object_anchor_pilot/regression_baseline/overlays/tissue_FTL_005.jpg,ARCHIVE_RND,2205686,dcc946976265d921379909237dabb07c68cbad40f6c3f6efafe737be06586311,historical or bulk experiment output not used by runtime,,varies,2026-07-29T06:06:57.567175+00:00
out/object_anchor_pilot/regression_baseline/overlays/tissue_FTR_005.jpg,archive_local/rnd_20260729/outputs/out/object_anchor_pilot/regression_baseline/overlays/tissue_FTR_005.jpg,ARCHIVE_RND,1791203,cae28b6a87fac362fb32432c2cec491196247824e5d4701801effeb3cbed3f8e,historical or bulk experiment output not used by runtime,,varies,2026-07-29T06:06:57.567175+00:00
out/object_anchor_pilot/regression_baseline/summary.json,archive_local/rnd_20260729/outputs/out/object_anchor_pilot/regression_baseline/summary.json,ARCHIVE_RND,1383,ff5a72c73f65b17502354c0a9ae731c0c790e56795df0bb3b5b5ef11d7cc09eb,historical or bulk experiment output not used by runtime,,varies,2026-07-29T06:06:57.567175+00:00
out/object_anchor_pilot/regression_pilot/frames.csv,archive_local/rnd_20260729/outputs/out/object_anchor_pilot/regression_pilot/frames.csv,ARCHIVE_RND,1587,8de3c863ba5d5ef131aab6caa7603141f5a93be3e11a09b4d40904b07399cb53,historical or bulk experiment output not used by runtime,,varies,2026-07-29T06:06:57.567175+00:00
out/object_anchor_pilot/regression_pilot/overlays/tissue_F_001.jpg,archive_local/rnd_20260729/outputs/out/object_anchor_pilot/regression_pilot/overlays/tissue_F_001.jpg,ARCHIVE_RND,2745456,90f6aafd9e3f93d078fe08e190476b39456228da5801132ff911e52032b1d2e4,historical or bulk experiment output not used by runtime,,varies,2026-07-29T06:06:57.567175+00:00
out/object_anchor_pilot/regression_pilot/overlays/tissue_F_005.jpg,archive_local/rnd_20260729/outputs/out/object_anchor_pilot/regression_pilot/overlays/tissue_F_005.jpg,ARCHIVE_RND,2289846,694066d04f4094db8ebc36f6ea963c90a2f4aabaf52233a2de56f0bb318493e3,historical or bulk experiment output not used by runtime,,varies,2026-07-29T06:06:57.567175+00:00
out/object_anchor_pilot/regression_pilot/overlays/tissue_FDL_004.jpg,archive_local/rnd_20260729/outputs/out/object_anchor_pilot/regression_pilot/overlays/tissue_FDL_004.jpg,ARCHIVE_RND,2504837,883e672e15d2200f20b5a7cd640c9c3a5fb618b00128e240e3990f1e8e190f63,historical or bulk experiment output not used by runtime,,varies,2026-07-29T06:06:57.567175+00:00
out/object_anchor_pilot/regression_pilot/overlays/tissue_FDR_005.jpg,archive_local/rnd_20260729/outputs/out/object_anchor_pilot/regression_pilot/overlays/tissue_FDR_005.jpg,ARCHIVE_RND,2305238,114fe0ac5a58341ee92022c52136ce8abeb0d906bd25d703af678c48b7d9a6fe,historical or bulk experiment output not used by runtime,,varies,2026-07-29T06:06:57.567175+00:00
out/object_anchor_pilot/regression_pilot/overlays/tissue_FTL_005.jpg,archive_local/rnd_20260729/outputs/out/object_anchor_pilot/regression_pilot/overlays/tissue_FTL_005.jpg,ARCHIVE_RND,2222949,ae5088bb6c586fae0093669e0807b9be34931166407c496459d39c29b79f7369,historical or bulk experiment output not used by runtime,,varies,2026-07-29T06:06:57.567175+00:00
out/object_anchor_pilot/regression_pilot/overlays/tissue_FTR_005.jpg,archive_local/rnd_20260729/outputs/out/object_anchor_pilot/regression_pilot/overlays/tissue_FTR_005.jpg,ARCHIVE_RND,1794224,b8eca13707273d92f7baf977356c5c98fa7b945c4605ff5975ce1806387f0bb5,historical or bulk experiment output not used by runtime,,varies,2026-07-29T06:06:57.567175+00:00
out/object_anchor_pilot/regression_pilot/summary.json,archive_local/rnd_20260729/outputs/out/object_anchor_pilot/regression_pilot/summary.json,ARCHIVE_RND,1443,8c204efd709cd3b554d5e1797367b23f875500dcbcfbacf5b5c02bd255afabba,historical or bulk experiment output not used by runtime,,varies,2026-07-29T06:06:57.567175+00:00
out/object_anchor_pilot/training_command.txt,archive_local/rnd_20260729/outputs/out/object_anchor_pilot/training_command.txt,ARCHIVE_RND,308,db2991b9eb3a8993dc618e5361f3e71073c70a6cc9ae8bbf30139ab082137f90,historical or bulk experiment output not used by runtime,,varies,2026-07-29T06:06:57.567175+00:00
out/object_anchor_preview/20260728_112845/preview_frames.csv,archive_local/rnd_20260729/outputs/out/object_anchor_preview/20260728_112845/preview_frames.csv,ARCHIVE_RND,292058,d0cdda5b01ee33291dbafe8b4cee2ad5cd372f4895d70618aae593097e555bfc,historical or bulk experiment output not used by runtime,,varies,2026-07-29T06:06:57.567175+00:00
out/object_anchor_preview/20260728_112845/representative_frames/both_active_f000079.jpg,archive_local/rnd_20260729/outputs/out/object_anchor_preview/20260728_112845/representative_frames/both_active_f000079.jpg,ARCHIVE_RND,301341,20f3b69c11a2e0fe8c43ab506e699544bca6a2b32a135de967e53fc24c276298,historical or bulk experiment output not used by runtime,,varies,2026-07-29T06:06:57.567175+00:00
out/object_anchor_preview/20260728_112845/representative_frames/ready_f000079.jpg,archive_local/rnd_20260729/outputs/out/object_anchor_preview/20260728_112845/representative_frames/ready_f000079.jpg,ARCHIVE_RND,301341,20f3b69c11a2e0fe8c43ab506e699544bca6a2b32a135de967e53fc24c276298,historical or bulk experiment output not used by runtime,,varies,2026-07-29T06:06:57.567175+00:00
out/object_anchor_preview/20260728_113229/preview_frames.csv,archive_local/rnd_20260729/outputs/out/object_anchor_preview/20260728_113229/preview_frames.csv,ARCHIVE_RND,286720,7ad06922dfe71c2dc0bc0e2f57607c25690f243d36606d4749f3dfb03278c625,historical or bulk experiment output not used by runtime,,varies,2026-07-29T06:06:57.567175+00:00
out/object_anchor_preview/20260728_113229/representative_frames/both_active_f000526.jpg,archive_local/rnd_20260729/outputs/out/object_anchor_preview/20260728_113229/representative_frames/both_active_f000526.jpg,ARCHIVE_RND,295466,5bfbf59555222ed3aaab5e5b510d40359d7bfe4f2da88e197f4ac6daf6d0cb22,historical or bulk experiment output not used by runtime,,varies,2026-07-29T06:06:57.567175+00:00
out/object_anchor_preview/20260728_113229/representative_frames/ready_f000526.jpg,archive_local/rnd_20260729/outputs/out/object_anchor_preview/20260728_113229/representative_frames/ready_f000526.jpg,ARCHIVE_RND,295466,5bfbf59555222ed3aaab5e5b510d40359d7bfe4f2da88e197f4ac6daf6d0cb22,historical or bulk experiment output not used by runtime,,varies,2026-07-29T06:06:57.567175+00:00
out/object_anchor_preview/20260728_113229/representative_frames/tag_lost_oa_active_f000647.jpg,archive_local/rnd_20260729/outputs/out/object_anchor_preview/20260728_113229/representative_frames/tag_lost_oa_active_f000647.jpg,ARCHIVE_RND,310150,65c457ee5ff718cd54af8ebf89550e6da070d008da39152e61be326d6ab19f26,historical or bulk experiment output not used by runtime,,varies,2026-07-29T06:06:57.567175+00:00
out/object_anchor_preview/20260729_123354/preview_frames.csv,archive_local/rnd_20260729/outputs/out/object_anchor_preview/20260729_123354/preview_frames.csv,ARCHIVE_RND,8594,fe4962870038535371dc4d23eda32ba0e882c1ac4d434505df2b97a58686e47e,historical or bulk experiment output not used by runtime,,varies,2026-07-29T06:06:57.567175+00:00
out/object_anchor_valid99/excluded/tissue_positive_20260724_131652_067.jpg,archive_local/rnd_20260729/outputs/out/object_anchor_valid99/excluded/tissue_positive_20260724_131652_067.jpg,ARCHIVE_RND,268622,57b3f886231c733f1dddde07463561adce8547fff44b9325b3265dbd95a8bd64,historical or bulk experiment output not used by runtime,,varies,2026-07-29T06:06:57.567175+00:00
out/object_anchor_valid99/label_overlays/tissue_positive_20260724_131652_001.jpg,archive_local/rnd_20260729/outputs/out/object_anchor_valid99/label_overlays/tissue_positive_20260724_131652_001.jpg,ARCHIVE_RND,264004,9f04aba6b595446f8334aaa702234944ff6945ba5bf0f8efdc35ea68e7c7d15f,historical or bulk experiment output not used by runtime,,varies,2026-07-29T06:06:57.567175+00:00
out/object_anchor_valid99/label_overlays/tissue_positive_20260724_131652_002.jpg,archive_local/rnd_20260729/outputs/out/object_anchor_valid99/label_overlays/tissue_positive_20260724_131652_002.jpg,ARCHIVE_RND,263601,0423e1c0fd258986b59b81498ab4df751faccef6f290788f9fd456720d06dcf3,historical or bulk experiment output not used by runtime,,varies,2026-07-29T06:06:57.567175+00:00
out/object_anchor_valid99/label_overlays/tissue_positive_20260724_131652_003.jpg,archive_local/rnd_20260729/outputs/out/object_anchor_valid99/label_overlays/tissue_positive_20260724_131652_003.jpg,ARCHIVE_RND,260350,85bbcb05608fc1dc6630ef1742bd2c06ace6e90b27f84f096dff4ba68f91d033,historical or bulk experiment output not used by runtime,,varies,2026-07-29T06:06:57.567175+00:00
out/object_anchor_valid99/label_overlays/tissue_positive_20260724_131652_004.jpg,archive_local/rnd_20260729/outputs/out/object_anchor_valid99/label_overlays/tissue_positive_20260724_131652_004.jpg,ARCHIVE_RND,263758,25b0efa3d957e2c587d4c91c40b8c77d9ef40210f13e2b175fcae2de50cc2a5a,historical or bulk experiment output not used by runtime,,varies,2026-07-29T06:06:57.567175+00:00
out/object_anchor_valid99/label_overlays/tissue_positive_20260724_131652_005.jpg,archive_local/rnd_20260729/outputs/out/object_anchor_valid99/label_overlays/tissue_positive_20260724_131652_005.jpg,ARCHIVE_RND,266044,3ac5bacb9a73fbd455ed8511092c611cccde9f6f0ab025f98e2b9e6cb58f538c,historical or bulk experiment output not used by runtime,,varies,2026-07-29T06:06:57.567175+00:00
out/object_anchor_valid99/label_overlays/tissue_positive_20260724_131652_006.jpg,archive_local/rnd_20260729/outputs/out/object_anchor_valid99/label_overlays/tissue_positive_20260724_131652_006.jpg,ARCHIVE_RND,262783,588cd2fc718c596f96103e19112f728e5a6885f8344a17c3faa1a3437c333ac6,historical or bulk experiment output not used by runtime,,varies,2026-07-29T06:06:57.567175+00:00
out/object_anchor_valid99/label_overlays/tissue_positive_20260724_131652_007.jpg,archive_local/rnd_20260729/outputs/out/object_anchor_valid99/label_overlays/tissue_positive_20260724_131652_007.jpg,ARCHIVE_RND,260589,de1c99c837581879a1246a1f1f5810fe224d2c13c81810ed2e39590850bd8290,historical or bulk experiment output not used by runtime,,varies,2026-07-29T06:06:57.567175+00:00
out/object_anchor_valid99/label_overlays/tissue_positive_20260724_131652_008.jpg,archive_local/rnd_20260729/outputs/out/object_anchor_valid99/label_overlays/tissue_positive_20260724_131652_008.jpg,ARCHIVE_RND,264146,4db6f88511d68f0ed5e55dd5e3ed5c03d8dfe1f33391e87c9bc724e31a344caa,historical or bulk experiment output not used by runtime,,varies,2026-07-29T06:06:57.567175+00:00
out/object_anchor_valid99/label_overlays/tissue_positive_20260724_131652_009.jpg,archive_local/rnd_20260729/outputs/out/object_anchor_valid99/label_overlays/tissue_positive_20260724_131652_009.jpg,ARCHIVE_RND,262461,6f0277d2683c4a8e753887766b3b696aef5d1fe8b174869fba6c502d64c63282,historical or bulk experiment output not used by runtime,,varies,2026-07-29T06:06:57.567175+00:00
out/object_anchor_valid99/label_overlays/tissue_positive_20260724_131652_010.jpg,archive_local/rnd_20260729/outputs/out/object_anchor_valid99/label_overlays/tissue_positive_20260724_131652_010.jpg,ARCHIVE_RND,262993,7dcebb00f5c24680e02992c5614d6672a49891105a8b81f9406a7f0b081823cb,historical or bulk experiment output not used by runtime,,varies,2026-07-29T06:06:57.567175+00:00
out/object_anchor_valid99/label_overlays/tissue_positive_20260724_131652_011.jpg,archive_local/rnd_20260729/outputs/out/object_anchor_valid99/label_overlays/tissue_positive_20260724_131652_011.jpg,ARCHIVE_RND,269709,791db56c19d383d5a5e33e9e121e5285c034e35f6742402059e5c2b992ce89c5,historical or bulk experiment output not used by runtime,,varies,2026-07-29T06:06:57.567175+00:00
out/object_anchor_valid99/label_overlays/tissue_positive_20260724_131652_012.jpg,archive_local/rnd_20260729/outputs/out/object_anchor_valid99/label_overlays/tissue_positive_20260724_131652_012.jpg,ARCHIVE_RND,274814,0a611ec66a637cd4177e057b97371c587bd157d7671b351ab2d2237a390d747d,historical or bulk experiment output not used by runtime,,varies,2026-07-29T06:06:57.567175+00:00
out/object_anchor_valid99/label_overlays/tissue_positive_20260724_131652_013.jpg,archive_local/rnd_20260729/outputs/out/object_anchor_valid99/label_overlays/tissue_positive_20260724_131652_013.jpg,ARCHIVE_RND,274666,755590ffbb7569e57068187925d9f78fe484c53d5b0ebdddec1ec79444578ed5,historical or bulk experiment output not used by runtime,,varies,2026-07-29T06:06:57.567175+00:00
out/object_anchor_valid99/label_overlays/tissue_positive_20260724_131652_014.jpg,archive_local/rnd_20260729/outputs/out/object_anchor_valid99/label_overlays/tissue_positive_20260724_131652_014.jpg,ARCHIVE_RND,276521,823323fba11a05b97ce2b1a6fd9d7ead3cb4cac77613b2e4e0b0d286523a5f37,historical or bulk experiment output not used by runtime,,varies,2026-07-29T06:06:57.567175+00:00
out/object_anchor_valid99/label_overlays/tissue_positive_20260724_131652_015.jpg,archive_local/rnd_20260729/outputs/out/object_anchor_valid99/label_overlays/tissue_positive_20260724_131652_015.jpg,ARCHIVE_RND,277473,010a90680dc8a3e2b08833be37fb57f2082012d2bccc650ae5d9d5f4bea94031,historical or bulk experiment output not used by runtime,,varies,2026-07-29T06:06:57.567175+00:00
out/object_anchor_valid99/label_overlays/tissue_positive_20260724_131652_016.jpg,archive_local/rnd_20260729/outputs/out/object_anchor_valid99/label_overlays/tissue_positive_20260724_131652_016.jpg,ARCHIVE_RND,269164,df9a97da696702d95a6d9f45656243ca9327c58b4958f5a7d1906e58023a0b18,historical or bulk experiment output not used by runtime,,varies,2026-07-29T06:06:57.567175+00:00
out/object_anchor_valid99/label_overlays/tissue_positive_20260724_131652_017.jpg,archive_local/rnd_20260729/outputs/out/object_anchor_valid99/label_overlays/tissue_positive_20260724_131652_017.jpg,ARCHIVE_RND,265156,a7c567aea914a1ae8c5c6b1c3227f7575e87f17a25e7a1200f2c0e25be3ebbaa,historical or bulk experiment output not used by runtime,,varies,2026-07-29T06:06:57.567175+00:00
out/object_anchor_valid99/label_overlays/tissue_positive_20260724_131652_018.jpg,archive_local/rnd_20260729/outputs/out/object_anchor_valid99/label_overlays/tissue_positive_20260724_131652_018.jpg,ARCHIVE_RND,265619,fadbf234a73c7470af2f8ef8f12a61917dc8f2f9126020bd135c6a39c1b2dbf1,historical or bulk experiment output not used by runtime,,varies,2026-07-29T06:06:57.567175+00:00
out/object_anchor_valid99/label_overlays/tissue_positive_20260724_131652_019.jpg,archive_local/rnd_20260729/outputs/out/object_anchor_valid99/label_overlays/tissue_positive_20260724_131652_019.jpg,ARCHIVE_RND,271190,3852cf843bd36cf8c2e7fd860bbf901458f401c05233692172e9a06c2110416e,historical or bulk experiment output not used by runtime,,varies,2026-07-29T06:06:57.567175+00:00
out/object_anchor_valid99/label_overlays/tissue_positive_20260724_131652_020.jpg,archive_local/rnd_20260729/outputs/out/object_anchor_valid99/label_overlays/tissue_positive_20260724_131652_020.jpg,ARCHIVE_RND,272415,f67f0dd33aecc2634e2f4b08a523c4d2ff12c32cbb18c2f87611cb1f5e7bbff1,historical or bulk experiment output not used by runtime,,varies,2026-07-29T06:06:57.567175+00:00
out/object_anchor_valid99/label_overlays/tissue_positive_20260724_131652_021.jpg,archive_local/rnd_20260729/outputs/out/object_anchor_valid99/label_overlays/tissue_positive_20260724_131652_021.jpg,ARCHIVE_RND,269720,5962431c90488d4d2056f6b05c8260a60a73dd01f83840b7227b6b8a9d1f4f04,historical or bulk experiment output not used by runtime,,varies,2026-07-29T06:06:57.567175+00:00
out/object_anchor_valid99/label_overlays/tissue_positive_20260724_131652_022.jpg,archive_local/rnd_20260729/outputs/out/object_anchor_valid99/label_overlays/tissue_positive_20260724_131652_022.jpg,ARCHIVE_RND,270741,51ae763425f0acae22c3c2880541e5e010346e3827ad554c7cae40b19fceff46,historical or bulk experiment output not used by runtime,,varies,2026-07-29T06:06:57.567175+00:00
out/object_anchor_valid99/label_overlays/tissue_positive_20260724_131652_023.jpg,archive_local/rnd_20260729/outputs/out/object_anchor_valid99/label_overlays/tissue_positive_20260724_131652_023.jpg,ARCHIVE_RND,272908,9d9d581dd29dfd15d16c6f84635937345f1c0022b1e1b21b20b06c565c931062,historical or bulk experiment output not used by runtime,,varies,2026-07-29T06:06:57.567175+00:00
out/object_anchor_valid99/label_overlays/tissue_positive_20260724_131652_024.jpg,archive_local/rnd_20260729/outputs/out/object_anchor_valid99/label_overlays/tissue_positive_20260724_131652_024.jpg,ARCHIVE_RND,274515,2541ddb5ae8919d936df50b2a7edca0c8e6187a0978fcca0b155d329684449ca,historical or bulk experiment output not used by runtime,,varies,2026-07-29T06:06:57.567175+00:00
out/object_anchor_valid99/label_overlays/tissue_positive_20260724_131652_025.jpg,archive_local/rnd_20260729/outputs/out/object_anchor_valid99/label_overlays/tissue_positive_20260724_131652_025.jpg,ARCHIVE_RND,271062,fe8ac3e69fe3a3b67c0d662b86121ff372c01c446528aa7b476b70022543fd1d,historical or bulk experiment output not used by runtime,,varies,2026-07-29T06:06:57.567175+00:00
out/object_anchor_valid99/label_overlays/tissue_positive_20260724_131652_026.jpg,archive_local/rnd_20260729/outputs/out/object_anchor_valid99/label_overlays/tissue_positive_20260724_131652_026.jpg,ARCHIVE_RND,270612,ce976e9f6c3cd5cf471c3c99758108d3769e9218b1a05c5dd4761377c1e51f7c,historical or bulk experiment output not used by runtime,,varies,2026-07-29T06:06:57.567175+00:00
out/object_anchor_valid99/label_overlays/tissue_positive_20260724_131652_027.jpg,archive_local/rnd_20260729/outputs/out/object_anchor_valid99/label_overlays/tissue_positive_20260724_131652_027.jpg,ARCHIVE_RND,269827,18b1e8ff0e397fcd53a1db83e7feee23967efe66cdc94fb59637913087c875a2,historical or bulk experiment output not used by runtime,,varies,2026-07-29T06:06:57.567175+00:00
out/object_anchor_valid99/label_overlays/tissue_positive_20260724_131652_028.jpg,archive_local/rnd_20260729/outputs/out/object_anchor_valid99/label_overlays/tissue_positive_20260724_131652_028.jpg,ARCHIVE_RND,267517,fd38fffe3587f2a28c21891246988e0d74f63b480366c30d75173962471fbf25,historical or bulk experiment output not used by runtime,,varies,2026-07-29T06:06:57.567175+00:00
out/object_anchor_valid99/label_overlays/tissue_positive_20260724_131652_029.jpg,archive_local/rnd_20260729/outputs/out/object_anchor_valid99/label_overlays/tissue_positive_20260724_131652_029.jpg,ARCHIVE_RND,265638,473627db40c414a0c328d0781b90d39649c405f9b6be32c04917bb197bd341cd,historical or bulk experiment output not used by runtime,,varies,2026-07-29T06:06:57.567175+00:00
out/object_anchor_valid99/label_overlays/tissue_positive_20260724_131652_030.jpg,archive_local/rnd_20260729/outputs/out/object_anchor_valid99/label_overlays/tissue_positive_20260724_131652_030.jpg,ARCHIVE_RND,265607,4210e99fce29df4bc69e3b6c74c882d990df391c1b6e9bf527712057c70f8fe6,historical or bulk experiment output not used by runtime,,varies,2026-07-29T06:06:57.567175+00:00
out/object_anchor_valid99/label_overlays/tissue_positive_20260724_131652_031.jpg,archive_local/rnd_20260729/outputs/out/object_anchor_valid99/label_overlays/tissue_positive_20260724_131652_031.jpg,ARCHIVE_RND,264638,d8514d0cc2458ef5788f8c1028c5c08eb47d7d9a2e00a6d264c5eb8c4aad13ed,historical or bulk experiment output not used by runtime,,varies,2026-07-29T06:06:57.567175+00:00
out/object_anchor_valid99/label_overlays/tissue_positive_20260724_131652_032.jpg,archive_local/rnd_20260729/outputs/out/object_anchor_valid99/label_overlays/tissue_positive_20260724_131652_032.jpg,ARCHIVE_RND,264886,98093f64b4d7d1b8037d9c920b6a31c6be358afc1fffd69a4d9b06303bc25957,historical or bulk experiment output not used by runtime,,varies,2026-07-29T06:06:57.567175+00:00
out/object_anchor_valid99/label_overlays/tissue_positive_20260724_131652_033.jpg,archive_local/rnd_20260729/outputs/out/object_anchor_valid99/label_overlays/tissue_positive_20260724_131652_033.jpg,ARCHIVE_RND,264927,b4197137afb4be4da47613e93a9d07fa055aa127b84f090c3ec751973fae8ef4,historical or bulk experiment output not used by runtime,,varies,2026-07-29T06:06:57.567175+00:00
out/object_anchor_valid99/label_overlays/tissue_positive_20260724_131652_034.jpg,archive_local/rnd_20260729/outputs/out/object_anchor_valid99/label_overlays/tissue_positive_20260724_131652_034.jpg,ARCHIVE_RND,264268,c9503dcb9c6ebd325f45f4ce4c487700f49f6aa177ee1a1f0f7dd343e5ea4858,historical or bulk experiment output not used by runtime,,varies,2026-07-29T06:06:57.567175+00:00
out/object_anchor_valid99/label_overlays/tissue_positive_20260724_131652_035.jpg,archive_local/rnd_20260729/outputs/out/object_anchor_valid99/label_overlays/tissue_positive_20260724_131652_035.jpg,ARCHIVE_RND,264535,8037c90299fb4780232c2f22caf22ee349d4cb20b84c093b7a502f050a0e33a0,historical or bulk experiment output not used by runtime,,varies,2026-07-29T06:06:57.567175+00:00
out/object_anchor_valid99/label_overlays/tissue_positive_20260724_131652_036.jpg,archive_local/rnd_20260729/outputs/out/object_anchor_valid99/label_overlays/tissue_positive_20260724_131652_036.jpg,ARCHIVE_RND,264427,a8fa62b4fb07e2229d584b536c8230efd01549bf9ecfe141bf07677de2d11921,historical or bulk experiment output not used by runtime,,varies,2026-07-29T06:06:57.567175+00:00
out/object_anchor_valid99/label_overlays/tissue_positive_20260724_131652_037.jpg,archive_local/rnd_20260729/outputs/out/object_anchor_valid99/label_overlays/tissue_positive_20260724_131652_037.jpg,ARCHIVE_RND,266558,dee8d3eeddcbcd6a6156ad6bc6b3fc38f032133dfec9ae41a4a85a2faae9c24d,historical or bulk experiment output not used by runtime,,varies,2026-07-29T06:06:57.567175+00:00
out/object_anchor_valid99/label_overlays/tissue_positive_20260724_131652_038.jpg,archive_local/rnd_20260729/outputs/out/object_anchor_valid99/label_overlays/tissue_positive_20260724_131652_038.jpg,ARCHIVE_RND,265756,c458cfbb8553f95f02b0fe5f4b84736563923f40f8a3daf46a38b1d325795a39,historical or bulk experiment output not used by runtime,,varies,2026-07-29T06:06:57.567175+00:00
out/object_anchor_valid99/label_overlays/tissue_positive_20260724_131652_039.jpg,archive_local/rnd_20260729/outputs/out/object_anchor_valid99/label_overlays/tissue_positive_20260724_131652_039.jpg,ARCHIVE_RND,264201,d31b1a743ea507e2343b45e542c87b58801423dd84ebbdf6cfa3ae10ebab400e,historical or bulk experiment output not used by runtime,,varies,2026-07-29T06:06:57.567175+00:00
out/object_anchor_valid99/label_overlays/tissue_positive_20260724_131652_040.jpg,archive_local/rnd_20260729/outputs/out/object_anchor_valid99/label_overlays/tissue_positive_20260724_131652_040.jpg,ARCHIVE_RND,262231,a5dbdb6b123832278829807e9295ef480f523badf70980852c36b6a630fcdf57,historical or bulk experiment output not used by runtime,,varies,2026-07-29T06:06:57.567175+00:00
out/object_anchor_valid99/label_overlays/tissue_positive_20260724_131652_041.jpg,archive_local/rnd_20260729/outputs/out/object_anchor_valid99/label_overlays/tissue_positive_20260724_131652_041.jpg,ARCHIVE_RND,262439,3833017f5b32aa02b8fcb6b3b344a0074e1792639b2a93315c61b898cada5899,historical or bulk experiment output not used by runtime,,varies,2026-07-29T06:06:57.567175+00:00
out/object_anchor_valid99/label_overlays/tissue_positive_20260724_131652_042.jpg,archive_local/rnd_20260729/outputs/out/object_anchor_valid99/label_overlays/tissue_positive_20260724_131652_042.jpg,ARCHIVE_RND,262451,ba44145f9ef97518a9f98df1a8ae3b596cb0a3d129a1a77b494875b14521b873,historical or bulk experiment output not used by runtime,,varies,2026-07-29T06:06:57.567175+00:00
out/object_anchor_valid99/label_overlays/tissue_positive_20260724_131652_043.jpg,archive_local/rnd_20260729/outputs/out/object_anchor_valid99/label_overlays/tissue_positive_20260724_131652_043.jpg,ARCHIVE_RND,262986,9f6fb726fd923d9ab29261248b111dd6cdf792dc1ebd287110382a6f178e42e5,historical or bulk experiment output not used by runtime,,varies,2026-07-29T06:06:57.567175+00:00
out/object_anchor_valid99/label_overlays/tissue_positive_20260724_131652_044.jpg,archive_local/rnd_20260729/outputs/out/object_anchor_valid99/label_overlays/tissue_positive_20260724_131652_044.jpg,ARCHIVE_RND,262938,62caea1d4a6240d23928cbd3cb28ce695f89ff7f4c893e19ae2109008ca8e359,historical or bulk experiment output not used by runtime,,varies,2026-07-29T06:06:57.567175+00:00
out/object_anchor_valid99/label_overlays/tissue_positive_20260724_131652_045.jpg,archive_local/rnd_20260729/outputs/out/object_anchor_valid99/label_overlays/tissue_positive_20260724_131652_045.jpg,ARCHIVE_RND,262284,3c0a1fe9881bfd3ccf32e3d4d43bae4236af51d12d03abd27981e54cb3050dfa,historical or bulk experiment output not used by runtime,,varies,2026-07-29T06:06:57.567175+00:00
out/object_anchor_valid99/label_overlays/tissue_positive_20260724_131652_046.jpg,archive_local/rnd_20260729/outputs/out/object_anchor_valid99/label_overlays/tissue_positive_20260724_131652_046.jpg,ARCHIVE_RND,261282,a083b1f4ca6ae23762ec9c5957ba3a6b235f7af027320075d457e47d99d50fa8,historical or bulk experiment output not used by runtime,,varies,2026-07-29T06:06:57.567175+00:00
out/object_anchor_valid99/label_overlays/tissue_positive_20260724_131652_047.jpg,archive_local/rnd_20260729/outputs/out/object_anchor_valid99/label_overlays/tissue_positive_20260724_131652_047.jpg,ARCHIVE_RND,261599,c9bb171b19849f451548011ded8e822d12c75921d3830174d676db57a29376b6,historical or bulk experiment output not used by runtime,,varies,2026-07-29T06:06:57.567175+00:00
out/object_anchor_valid99/label_overlays/tissue_positive_20260724_131652_048.jpg,archive_local/rnd_20260729/outputs/out/object_anchor_valid99/label_overlays/tissue_positive_20260724_131652_048.jpg,ARCHIVE_RND,259968,d267d1d368c6632bd44402f48d377a436207e1acb33dcb0e9f783590fe213819,historical or bulk experiment output not used by runtime,,varies,2026-07-29T06:06:57.567175+00:00
out/object_anchor_valid99/label_overlays/tissue_positive_20260724_131652_049.jpg,archive_local/rnd_20260729/outputs/out/object_anchor_valid99/label_overlays/tissue_positive_20260724_131652_049.jpg,ARCHIVE_RND,259515,56839a13a07cb62f56c3521c5f31515acf6bc03547e06ce58744db046c1db7e0,historical or bulk experiment output not used by runtime,,varies,2026-07-29T06:06:57.567175+00:00
out/object_anchor_valid99/label_overlays/tissue_positive_20260724_131652_050.jpg,archive_local/rnd_20260729/outputs/out/object_anchor_valid99/label_overlays/tissue_positive_20260724_131652_050.jpg,ARCHIVE_RND,259820,701115e78595bc6a59d4a4a4197e48c21be3692b2beb448c261c5b9db4cebf6e,historical or bulk experiment output not used by runtime,,varies,2026-07-29T06:06:57.567175+00:00
out/object_anchor_valid99/label_overlays/tissue_positive_20260724_131652_051.jpg,archive_local/rnd_20260729/outputs/out/object_anchor_valid99/label_overlays/tissue_positive_20260724_131652_051.jpg,ARCHIVE_RND,261158,42a79f5a61bc3c2c1bb0f71770857b8e8db6142398e0eb8cdcc51937a57fbea3,historical or bulk experiment output not used by runtime,,varies,2026-07-29T06:06:57.567175+00:00
out/object_anchor_valid99/label_overlays/tissue_positive_20260724_131652_052.jpg,archive_local/rnd_20260729/outputs/out/object_anchor_valid99/label_overlays/tissue_positive_20260724_131652_052.jpg,ARCHIVE_RND,262484,2fec16b8b06513591bc7e7b18ded77a3554cddc4a088c42ee41207c9c12a7318,historical or bulk experiment output not used by runtime,,varies,2026-07-29T06:06:57.567175+00:00
out/object_anchor_valid99/label_overlays/tissue_positive_20260724_131652_053.jpg,archive_local/rnd_20260729/outputs/out/object_anchor_valid99/label_overlays/tissue_positive_20260724_131652_053.jpg,ARCHIVE_RND,270045,e436edacba4a1ee02ac77b5facc0a592f21f84e2ed5871402321b2763b779de8,historical or bulk experiment output not used by runtime,,varies,2026-07-29T06:06:57.567175+00:00
out/object_anchor_valid99/label_overlays/tissue_positive_20260724_131652_054.jpg,archive_local/rnd_20260729/outputs/out/object_anchor_valid99/label_overlays/tissue_positive_20260724_131652_054.jpg,ARCHIVE_RND,270931,767ec53c821b238906fe0998a816dad0489cb8c26c0277798a0b641c7eee26d5,historical or bulk experiment output not used by runtime,,varies,2026-07-29T06:06:57.567175+00:00
out/object_anchor_valid99/label_overlays/tissue_positive_20260724_131652_055.jpg,archive_local/rnd_20260729/outputs/out/object_anchor_valid99/label_overlays/tissue_positive_20260724_131652_055.jpg,ARCHIVE_RND,270438,04a6d0cc11418b0c618e78bc8c3e83aa21cafb197f04d76e3938ff9a4ea5f277,historical or bulk experiment output not used by runtime,,varies,2026-07-29T06:06:57.567175+00:00
out/object_anchor_valid99/label_overlays/tissue_positive_20260724_131652_056.jpg,archive_local/rnd_20260729/outputs/out/object_anchor_valid99/label_overlays/tissue_positive_20260724_131652_056.jpg,ARCHIVE_RND,269743,f140532d72e4fc5d068efe6ea5570e993fbcf0f60941bad0e4065d11f5fd7102,historical or bulk experiment output not used by runtime,,varies,2026-07-29T06:06:57.567175+00:00
out/object_anchor_valid99/label_overlays/tissue_positive_20260724_131652_057.jpg,archive_local/rnd_20260729/outputs/out/object_anchor_valid99/label_overlays/tissue_positive_20260724_131652_057.jpg,ARCHIVE_RND,275248,3eb5b1fa2e3d0a315b32657a3fa7be075cd44243f6b3ccf6cbf66da7c226d6ee,historical or bulk experiment output not used by runtime,,varies,2026-07-29T06:06:57.567175+00:00
out/object_anchor_valid99/label_overlays/tissue_positive_20260724_131652_058.jpg,archive_local/rnd_20260729/outputs/out/object_anchor_valid99/label_overlays/tissue_positive_20260724_131652_058.jpg,ARCHIVE_RND,273509,535eb8f1ad2d4d3922ff421c2636a25ed658105301ce57c6c8f6354687c5b10a,historical or bulk experiment output not used by runtime,,varies,2026-07-29T06:06:57.567175+00:00
out/object_anchor_valid99/label_overlays/tissue_positive_20260724_131652_059.jpg,archive_local/rnd_20260729/outputs/out/object_anchor_valid99/label_overlays/tissue_positive_20260724_131652_059.jpg,ARCHIVE_RND,275384,d1a65734f1706eea578756546eddc51f697bc884ee4c3a29951e324c67c26c37,historical or bulk experiment output not used by runtime,,varies,2026-07-29T06:06:57.567175+00:00
out/object_anchor_valid99/label_overlays/tissue_positive_20260724_131652_060.jpg,archive_local/rnd_20260729/outputs/out/object_anchor_valid99/label_overlays/tissue_positive_20260724_131652_060.jpg,ARCHIVE_RND,279863,5119107ffb4a8cc8a7a9a8ae215adc93a027fa11e40f723fbbb6d9dd50f2b3ee,historical or bulk experiment output not used by runtime,,varies,2026-07-29T06:06:57.567175+00:00
out/object_anchor_valid99/label_overlays/tissue_positive_20260724_131652_061.jpg,archive_local/rnd_20260729/outputs/out/object_anchor_valid99/label_overlays/tissue_positive_20260724_131652_061.jpg,ARCHIVE_RND,283619,c5d103558c955629545afc027e2339d8ecbcbffd9d3f6fd2b5804959fd7d6194,historical or bulk experiment output not used by runtime,,varies,2026-07-29T06:06:57.567175+00:00
out/object_anchor_valid99/label_overlays/tissue_positive_20260724_131652_062.jpg,archive_local/rnd_20260729/outputs/out/object_anchor_valid99/label_overlays/tissue_positive_20260724_131652_062.jpg,ARCHIVE_RND,286398,0e37cfb99462e875a4d9393bb19ce3c0a1d10c4e3cac6785a9debcb86cde67b8,historical or bulk experiment output not used by runtime,,varies,2026-07-29T06:06:57.567175+00:00
out/object_anchor_valid99/label_overlays/tissue_positive_20260724_131652_063.jpg,archive_local/rnd_20260729/outputs/out/object_anchor_valid99/label_overlays/tissue_positive_20260724_131652_063.jpg,ARCHIVE_RND,288539,6c51e5cb38b5cdb9f784ee7136d87635be69301d6c38e3af34967f7c72fdcb9e,historical or bulk experiment output not used by runtime,,varies,2026-07-29T06:06:57.567175+00:00
out/object_anchor_valid99/label_overlays/tissue_positive_20260724_131652_064.jpg,archive_local/rnd_20260729/outputs/out/object_anchor_valid99/label_overlays/tissue_positive_20260724_131652_064.jpg,ARCHIVE_RND,288093,03d7ac066d2889a0ffdb8a2060e59fcd9b53c293e996845ea096f687ee850c58,historical or bulk experiment output not used by runtime,,varies,2026-07-29T06:06:57.567175+00:00
out/object_anchor_valid99/label_overlays/tissue_positive_20260724_131652_065.jpg,archive_local/rnd_20260729/outputs/out/object_anchor_valid99/label_overlays/tissue_positive_20260724_131652_065.jpg,ARCHIVE_RND,275175,d043527283df29d48a95391091f630a08b131d8e93fb80914b97d7d882672702,historical or bulk experiment output not used by runtime,,varies,2026-07-29T06:06:57.567175+00:00
out/object_anchor_valid99/label_overlays/tissue_positive_20260724_131652_066.jpg,archive_local/rnd_20260729/outputs/out/object_anchor_valid99/label_overlays/tissue_positive_20260724_131652_066.jpg,ARCHIVE_RND,271840,29708e14bed013b16a0588e4e3c896c641c888e7e51c7057b6dd63dccffb35b0,historical or bulk experiment output not used by runtime,,varies,2026-07-29T06:06:57.567175+00:00
out/object_anchor_valid99/label_overlays/tissue_positive_20260724_131652_068.jpg,archive_local/rnd_20260729/outputs/out/object_anchor_valid99/label_overlays/tissue_positive_20260724_131652_068.jpg,ARCHIVE_RND,283710,f70488d9fc0aa1d7dd4ba2ab7afab307444a41c4bb5497276f50b75206315549,historical or bulk experiment output not used by runtime,,varies,2026-07-29T06:06:57.567175+00:00
out/object_anchor_valid99/label_overlays/tissue_positive_20260724_131652_069.jpg,archive_local/rnd_20260729/outputs/out/object_anchor_valid99/label_overlays/tissue_positive_20260724_131652_069.jpg,ARCHIVE_RND,278521,79256dfe8c601780b689d3f4d0eb6966143b888a42102436569a013967fc7c81,historical or bulk experiment output not used by runtime,,varies,2026-07-29T06:06:57.567175+00:00
out/object_anchor_valid99/label_overlays/tissue_positive_20260724_131652_070.jpg,archive_local/rnd_20260729/outputs/out/object_anchor_valid99/label_overlays/tissue_positive_20260724_131652_070.jpg,ARCHIVE_RND,281534,a28b0e98341495636930c7aee556bfcfa0111dd841176e744792922884df6082,historical or bulk experiment output not used by runtime,,varies,2026-07-29T06:06:57.567175+00:00
out/object_anchor_valid99/label_overlays/tissue_positive_20260724_131652_071.jpg,archive_local/rnd_20260729/outputs/out/object_anchor_valid99/label_overlays/tissue_positive_20260724_131652_071.jpg,ARCHIVE_RND,280066,e06f638bea445e2f0dfa39ed9f680f481c546dabf8d657051d6199614e349e63,historical or bulk experiment output not used by runtime,,varies,2026-07-29T06:06:57.567175+00:00
out/object_anchor_valid99/label_overlays/tissue_positive_20260724_131652_072.jpg,archive_local/rnd_20260729/outputs/out/object_anchor_valid99/label_overlays/tissue_positive_20260724_131652_072.jpg,ARCHIVE_RND,277728,0d8a46167f7c6576be4e72f3851a75d259673136fc85b49f6e2ceef2f2ce51b7,historical or bulk experiment output not used by runtime,,varies,2026-07-29T06:06:57.567175+00:00
out/object_anchor_valid99/label_overlays/tissue_positive_20260724_131652_073.jpg,archive_local/rnd_20260729/outputs/out/object_anchor_valid99/label_overlays/tissue_positive_20260724_131652_073.jpg,ARCHIVE_RND,278263,a6cf52a59fef091186271a72e614bcbcce3e0938d5e57385ee5bbfa9fad526d9,historical or bulk experiment output not used by runtime,,varies,2026-07-29T06:06:57.567175+00:00
out/object_anchor_valid99/label_overlays/tissue_positive_20260724_131652_074.jpg,archive_local/rnd_20260729/outputs/out/object_anchor_valid99/label_overlays/tissue_positive_20260724_131652_074.jpg,ARCHIVE_RND,277153,2e0d8421a6b5972bf9e3acbdfaa4834322558338f2be875464356d651688ecb0,historical or bulk experiment output not used by runtime,,varies,2026-07-29T06:06:57.567175+00:00
out/object_anchor_valid99/label_overlays/tissue_positive_20260724_131652_075.jpg,archive_local/rnd_20260729/outputs/out/object_anchor_valid99/label_overlays/tissue_positive_20260724_131652_075.jpg,ARCHIVE_RND,280963,63df20132afb136a7fdc4e2ad95f5dcb61b7d1c1d6d741181bea1844ce5871d5,historical or bulk experiment output not used by runtime,,varies,2026-07-29T06:06:57.567175+00:00
out/object_anchor_valid99/label_overlays/tissue_positive_20260724_131652_076.jpg,archive_local/rnd_20260729/outputs/out/object_anchor_valid99/label_overlays/tissue_positive_20260724_131652_076.jpg,ARCHIVE_RND,280942,2ed8c89af18f3cdbf48ffda4e849ccbd683a8ab44fdca09cf3078a772264634a,historical or bulk experiment output not used by runtime,,varies,2026-07-29T06:06:57.567175+00:00
out/object_anchor_valid99/label_overlays/tissue_positive_20260724_131652_077.jpg,archive_local/rnd_20260729/outputs/out/object_anchor_valid99/label_overlays/tissue_positive_20260724_131652_077.jpg,ARCHIVE_RND,275958,222b0d5db7581f756ba89a4535fd3ba84703f9bfb32c0a7e1a4912d6fd6d3556,historical or bulk experiment output not used by runtime,,varies,2026-07-29T06:06:57.567175+00:00
out/object_anchor_valid99/label_overlays/tissue_positive_20260724_131652_078.jpg,archive_local/rnd_20260729/outputs/out/object_anchor_valid99/label_overlays/tissue_positive_20260724_131652_078.jpg,ARCHIVE_RND,272859,cf4952bbcf942c69f031c5c04ef9d6d45d3c44a714865a092dd2685ce584f9c5,historical or bulk experiment output not used by runtime,,varies,2026-07-29T06:06:57.567175+00:00
out/object_anchor_valid99/label_overlays/tissue_positive_20260724_131652_079.jpg,archive_local/rnd_20260729/outputs/out/object_anchor_valid99/label_overlays/tissue_positive_20260724_131652_079.jpg,ARCHIVE_RND,272064,625f66d1145b16bb0222ff18de02f16c0478bb0c5a2c817b5bd52640d8ae9ddb,historical or bulk experiment output not used by runtime,,varies,2026-07-29T06:06:57.567175+00:00
out/object_anchor_valid99/label_overlays/tissue_positive_20260724_131652_080.jpg,archive_local/rnd_20260729/outputs/out/object_anchor_valid99/label_overlays/tissue_positive_20260724_131652_080.jpg,ARCHIVE_RND,272093,56ee462c0351a2720ccbe6ad5eb919b882e995f8aee778fd77dc7a465b6c9144,historical or bulk experiment output not used by runtime,,varies,2026-07-29T06:06:57.567175+00:00
out/object_anchor_valid99/label_overlays/tissue_positive_20260724_131652_081.jpg,archive_local/rnd_20260729/outputs/out/object_anchor_valid99/label_overlays/tissue_positive_20260724_131652_081.jpg,ARCHIVE_RND,270353,455a91a75c810b1e4c6cfadd44e041c7231b201520b5851018bd0137351a6453,historical or bulk experiment output not used by runtime,,varies,2026-07-29T06:06:57.567175+00:00
out/object_anchor_valid99/label_overlays/tissue_positive_20260724_131652_082.jpg,archive_local/rnd_20260729/outputs/out/object_anchor_valid99/label_overlays/tissue_positive_20260724_131652_082.jpg,ARCHIVE_RND,269905,bb62650ae1d381036d6694fabe43e3293ef5ce1b8f6edcf7f282428a207cd257,historical or bulk experiment output not used by runtime,,varies,2026-07-29T06:06:57.567175+00:00
out/object_anchor_valid99/label_overlays/tissue_positive_20260724_131652_083.jpg,archive_local/rnd_20260729/outputs/out/object_anchor_valid99/label_overlays/tissue_positive_20260724_131652_083.jpg,ARCHIVE_RND,269709,cddc06915e323dbb7878b89a26fdd559315f4400b31c707b607b5ccc6c62c85e,historical or bulk experiment output not used by runtime,,varies,2026-07-29T06:06:57.567175+00:00
out/object_anchor_valid99/label_overlays/tissue_positive_20260724_131652_084.jpg,archive_local/rnd_20260729/outputs/out/object_anchor_valid99/label_overlays/tissue_positive_20260724_131652_084.jpg,ARCHIVE_RND,271026,545874a32d264f465dd1ecd25da64f29c28b9065c0f0f7814116eb84b22f77fd,historical or bulk experiment output not used by runtime,,varies,2026-07-29T06:06:57.567175+00:00
out/object_anchor_valid99/label_overlays/tissue_positive_20260724_131652_085.jpg,archive_local/rnd_20260729/outputs/out/object_anchor_valid99/label_overlays/tissue_positive_20260724_131652_085.jpg,ARCHIVE_RND,270604,1696dd1da47efdf43743091b8d3b3276cd3598b252ccc89363ae84c9871794a7,historical or bulk experiment output not used by runtime,,varies,2026-07-29T06:06:57.567175+00:00
out/object_anchor_valid99/label_overlays/tissue_positive_20260724_131652_086.jpg,archive_local/rnd_20260729/outputs/out/object_anchor_valid99/label_overlays/tissue_positive_20260724_131652_086.jpg,ARCHIVE_RND,271108,805a19f8073f0ac1e219d51a2be098ce10d58222b6b2286ea31ec4d62eae49e2,historical or bulk experiment output not used by runtime,,varies,2026-07-29T06:06:57.567175+00:00
out/object_anchor_valid99/label_overlays/tissue_positive_20260724_131652_087.jpg,archive_local/rnd_20260729/outputs/out/object_anchor_valid99/label_overlays/tissue_positive_20260724_131652_087.jpg,ARCHIVE_RND,272585,901141c1ff658cb7cc848b7ea12b8c71c73e991a078bb23121b918339275b317,historical or bulk experiment output not used by runtime,,varies,2026-07-29T06:06:57.567175+00:00
out/object_anchor_valid99/label_overlays/tissue_positive_20260724_131652_088.jpg,archive_local/rnd_20260729/outputs/out/object_anchor_valid99/label_overlays/tissue_positive_20260724_131652_088.jpg,ARCHIVE_RND,275723,5fc1064756bcc6f5817c47459e6b1502f83c831f0618841630a38d237fdaebcb,historical or bulk experiment output not used by runtime,,varies,2026-07-29T06:06:57.567175+00:00
out/object_anchor_valid99/label_overlays/tissue_positive_20260724_131652_089.jpg,archive_local/rnd_20260729/outputs/out/object_anchor_valid99/label_overlays/tissue_positive_20260724_131652_089.jpg,ARCHIVE_RND,276814,4dacd085e31b88abf79b0e04e3fc7c664de144df440ad0792732fc802f3d81da,historical or bulk experiment output not used by runtime,,varies,2026-07-29T06:06:57.567175+00:00
out/object_anchor_valid99/label_overlays/tissue_positive_20260724_131652_090.jpg,archive_local/rnd_20260729/outputs/out/object_anchor_valid99/label_overlays/tissue_positive_20260724_131652_090.jpg,ARCHIVE_RND,277821,70ed4503da44adeeb1e1f12a19194e4d77f91cb6aeb77056e9b92ab07ddffc11,historical or bulk experiment output not used by runtime,,varies,2026-07-29T06:06:57.567175+00:00
out/object_anchor_valid99/label_overlays/tissue_positive_20260724_131652_091.jpg,archive_local/rnd_20260729/outputs/out/object_anchor_valid99/label_overlays/tissue_positive_20260724_131652_091.jpg,ARCHIVE_RND,279236,3961f28eec6c7ac406536e88f83ccbb8689364f7021b6e51f9fa1f51698fbebc,historical or bulk experiment output not used by runtime,,varies,2026-07-29T06:06:57.567175+00:00
out/object_anchor_valid99/label_overlays/tissue_positive_20260724_131652_092.jpg,archive_local/rnd_20260729/outputs/out/object_anchor_valid99/label_overlays/tissue_positive_20260724_131652_092.jpg,ARCHIVE_RND,278497,70f8dbd8069992591c1f1ffe79407e86df37ff3370abc7cbb53628ab0ec8092e,historical or bulk experiment output not used by runtime,,varies,2026-07-29T06:06:57.567175+00:00
out/object_anchor_valid99/label_overlays/tissue_positive_20260724_131652_093.jpg,archive_local/rnd_20260729/outputs/out/object_anchor_valid99/label_overlays/tissue_positive_20260724_131652_093.jpg,ARCHIVE_RND,267064,079069ffef64c659088057db3cb210a620499acb5f0b68232667b8ca35f5d5d2,historical or bulk experiment output not used by runtime,,varies,2026-07-29T06:06:57.567175+00:00
out/object_anchor_valid99/label_overlays/tissue_positive_20260724_131652_094.jpg,archive_local/rnd_20260729/outputs/out/object_anchor_valid99/label_overlays/tissue_positive_20260724_131652_094.jpg,ARCHIVE_RND,278509,831a4e33920ad879c44d586dac6f753a644d95f7596e4c5b7d236ea973e39942,historical or bulk experiment output not used by runtime,,varies,2026-07-29T06:06:57.567175+00:00
out/object_anchor_valid99/label_overlays/tissue_positive_20260724_131652_095.jpg,archive_local/rnd_20260729/outputs/out/object_anchor_valid99/label_overlays/tissue_positive_20260724_131652_095.jpg,ARCHIVE_RND,276792,35bf122b8194867325b2415bdbc32518f571ad145e53fb68ca2f0acf0559087c,historical or bulk experiment output not used by runtime,,varies,2026-07-29T06:06:57.567175+00:00
out/object_anchor_valid99/label_overlays/tissue_positive_20260724_131652_096.jpg,archive_local/rnd_20260729/outputs/out/object_anchor_valid99/label_overlays/tissue_positive_20260724_131652_096.jpg,ARCHIVE_RND,275432,8db65ca091d3310f107879efe42de63fde538ca20aa93b63c71586257da2f8ba,historical or bulk experiment output not used by runtime,,varies,2026-07-29T06:06:57.567175+00:00
out/object_anchor_valid99/label_overlays/tissue_positive_20260724_131652_097.jpg,archive_local/rnd_20260729/outputs/out/object_anchor_valid99/label_overlays/tissue_positive_20260724_131652_097.jpg,ARCHIVE_RND,278111,4ba6085c688c36a74a8c76f122b9aa2f91d4af80efeb888ab63f61fff648e029,historical or bulk experiment output not used by runtime,,varies,2026-07-29T06:06:57.567175+00:00
out/object_anchor_valid99/label_overlays/tissue_positive_20260724_131652_098.jpg,archive_local/rnd_20260729/outputs/out/object_anchor_valid99/label_overlays/tissue_positive_20260724_131652_098.jpg,ARCHIVE_RND,277183,12bb597413f45a5da902de0fefc041218670b112eafd94c5472a6994bd09911a,historical or bulk experiment output not used by runtime,,varies,2026-07-29T06:06:57.567175+00:00
out/object_anchor_valid99/label_overlays/tissue_positive_20260724_131652_099.jpg,archive_local/rnd_20260729/outputs/out/object_anchor_valid99/label_overlays/tissue_positive_20260724_131652_099.jpg,ARCHIVE_RND,275728,ef28d2b36e32ea510f4c2abe288a1a44f8250e72f9e57d2a6dff4e4ef2196706,historical or bulk experiment output not used by runtime,,varies,2026-07-29T06:06:57.567175+00:00
out/object_anchor_valid99/label_overlays/tissue_positive_20260724_131652_100.jpg,archive_local/rnd_20260729/outputs/out/object_anchor_valid99/label_overlays/tissue_positive_20260724_131652_100.jpg,ARCHIVE_RND,274155,04c524aaf61eaf0c4024cd3a1371d98a4b654eb0dd956302c00e393933a71bf4,historical or bulk experiment output not used by runtime,,varies,2026-07-29T06:06:57.567175+00:00
out/object_anchor_valid99/review_sheets/valid99_review_01.jpg,archive_local/rnd_20260729/outputs/out/object_anchor_valid99/review_sheets/valid99_review_01.jpg,ARCHIVE_RND,637398,dcad7b5e7417a499323eea05df74e79f84c6cf656bb0034a0d9c8dc9957d508c,historical or bulk experiment output not used by runtime,,varies,2026-07-29T06:06:57.567175+00:00
out/object_anchor_valid99/review_sheets/valid99_review_02.jpg,archive_local/rnd_20260729/outputs/out/object_anchor_valid99/review_sheets/valid99_review_02.jpg,ARCHIVE_RND,630685,3d72d2964346b5103037eb664ac85fde0ae1351f9eea9ed56738f1916674d38c,historical or bulk experiment output not used by runtime,,varies,2026-07-29T06:06:57.567175+00:00
out/object_anchor_valid99/review_sheets/valid99_review_03.jpg,archive_local/rnd_20260729/outputs/out/object_anchor_valid99/review_sheets/valid99_review_03.jpg,ARCHIVE_RND,647203,7d7e6fa2ff156afe30cbe8c8e3c47540741c73d35514df2a061d6d249760df1e,historical or bulk experiment output not used by runtime,,varies,2026-07-29T06:06:57.567175+00:00
out/object_anchor_valid99/review_sheets/valid99_review_04.jpg,archive_local/rnd_20260729/outputs/out/object_anchor_valid99/review_sheets/valid99_review_04.jpg,ARCHIVE_RND,658777,fd5cdeb7486f183692a654d1c6398a9b250758a0e5a37844586cfcaf40b0e6da,historical or bulk experiment output not used by runtime,,varies,2026-07-29T06:06:57.567175+00:00
out/object_anchor_valid99/review_sheets/valid99_review_05.jpg,archive_local/rnd_20260729/outputs/out/object_anchor_valid99/review_sheets/valid99_review_05.jpg,ARCHIVE_RND,83979,c4481188d4b774ae4e6df3fab98edfa3856383d9e43c02f56d75ffefc9f0e4d5,historical or bulk experiment output not used by runtime,,varies,2026-07-29T06:06:57.567175+00:00
out/object_anchor_valid99/validation_summary.json,archive_local/rnd_20260729/outputs/out/object_anchor_valid99/validation_summary.json,ARCHIVE_RND,1000,59738bd1a64d26bb50a0030baa0e3df99a0c584e75eeda5ba4c4a0b210b26113,historical or bulk experiment output not used by runtime,,varies,2026-07-29T06:06:57.567175+00:00
out/object_anchor_world/20260722_145243/failures/20260722_145247_036_f000007_reprojection_error_overlay.jpg,archive_local/rnd_20260729/outputs/out/object_anchor_world/20260722_145243/failures/20260722_145247_036_f000007_reprojection_error_overlay.jpg,ARCHIVE_RND,281839,6f1b7bfc55ae0fdc477d148fa108d4b2176564db56142de74cacf2555915fb4d,historical or bulk experiment output not used by runtime,,varies,2026-07-29T06:06:57.567175+00:00
out/object_anchor_world/20260722_145243/failures/20260722_145247_036_f000007_reprojection_error_raw.jpg,archive_local/rnd_20260729/outputs/out/object_anchor_world/20260722_145243/failures/20260722_145247_036_f000007_reprojection_error_raw.jpg,ARCHIVE_RND,259729,38a997577411f9e4b297c4082dcbd67cd78eefaa2192a4893b1776152ada22a5,historical or bulk experiment output not used by runtime,,varies,2026-07-29T06:06:57.567175+00:00
out/object_anchor_world/20260722_145243/failures/20260722_145247_616_f000011_reprojection_error_overlay.jpg,archive_local/rnd_20260729/outputs/out/object_anchor_world/20260722_145243/failures/20260722_145247_616_f000011_reprojection_error_overlay.jpg,ARCHIVE_RND,280745,6ea314346e8df358efdbcf2466407ea0e602ef937e7a14108874a71c09c4572f,historical or bulk experiment output not used by runtime,,varies,2026-07-29T06:06:57.567175+00:00
out/object_anchor_world/20260722_145243/failures/20260722_145247_616_f000011_reprojection_error_raw.jpg,archive_local/rnd_20260729/outputs/out/object_anchor_world/20260722_145243/failures/20260722_145247_616_f000011_reprojection_error_raw.jpg,ARCHIVE_RND,262306,41101d1045abb71285b180bf578c1346d33efec5af5e57b97afa19497b47e700,historical or bulk experiment output not used by runtime,,varies,2026-07-29T06:06:57.567175+00:00
out/object_anchor_world/20260722_145243/failures/20260722_145247_768_f000012_keypoint_confidence_overlay.jpg,archive_local/rnd_20260729/outputs/out/object_anchor_world/20260722_145243/failures/20260722_145247_768_f000012_keypoint_confidence_overlay.jpg,ARCHIVE_RND,278606,6e5cd6ac00b0046907ce5fd938df950f5d8ff7d8d0a70cafa15a7bd266495036,historical or bulk experiment output not used by runtime,,varies,2026-07-29T06:06:57.567175+00:00
out/object_anchor_world/20260722_145243/failures/20260722_145247_768_f000012_keypoint_confidence_raw.jpg,archive_local/rnd_20260729/outputs/out/object_anchor_world/20260722_145243/failures/20260722_145247_768_f000012_keypoint_confidence_raw.jpg,ARCHIVE_RND,262867,24a4cddaec68b3a421e26a6b0f003beb4e99a8d7d8c82bbeeaa5acf06ca9de9d,historical or bulk experiment output not used by runtime,,varies,2026-07-29T06:06:57.567175+00:00
out/object_anchor_world/20260722_145243/failures/20260722_145248_346_f000016_reprojection_error_overlay.jpg,archive_local/rnd_20260729/outputs/out/object_anchor_world/20260722_145243/failures/20260722_145248_346_f000016_reprojection_error_overlay.jpg,ARCHIVE_RND,283332,9ccbecdeaeb5a92b352ace9c1cfbd871bd286ebaf894c76ca63eae4370422aed,historical or bulk experiment output not used by runtime,,varies,2026-07-29T06:06:57.567175+00:00
out/object_anchor_world/20260722_145243/failures/20260722_145248_346_f000016_reprojection_error_raw.jpg,archive_local/rnd_20260729/outputs/out/object_anchor_world/20260722_145243/failures/20260722_145248_346_f000016_reprojection_error_raw.jpg,ARCHIVE_RND,262645,6db5ef2073f63b4b9b55763846ca66db7431a04c8ec0c9850183657d861acc01,historical or bulk experiment output not used by runtime,,varies,2026-07-29T06:06:57.567175+00:00
out/object_anchor_world/20260722_145243/failures/20260722_145248_924_f000020_keypoint_confidence_overlay.jpg,archive_local/rnd_20260729/outputs/out/object_anchor_world/20260722_145243/failures/20260722_145248_924_f000020_keypoint_confidence_overlay.jpg,ARCHIVE_RND,281068,eebfb885e4288719d1c2da382fe94aabec95fb304266a71bc50c006dc5026b4f,historical or bulk experiment output not used by runtime,,varies,2026-07-29T06:06:57.567175+00:00
out/object_anchor_world/20260722_145243/failures/20260722_145248_924_f000020_keypoint_confidence_raw.jpg,archive_local/rnd_20260729/outputs/out/object_anchor_world/20260722_145243/failures/20260722_145248_924_f000020_keypoint_confidence_raw.jpg,ARCHIVE_RND,266446,8387c6e993c60db2ffb78de81f5421b401dc70583da82c4378ad60f4e7590462,historical or bulk experiment output not used by runtime,,varies,2026-07-29T06:06:57.567175+00:00
out/object_anchor_world/20260722_145243/failures/20260722_145249_512_f000024_keypoint_confidence_overlay.jpg,archive_local/rnd_20260729/outputs/out/object_anchor_world/20260722_145243/failures/20260722_145249_512_f000024_keypoint_confidence_overlay.jpg,ARCHIVE_RND,274055,fd980ce178fca93f16f483ee0df704448196e093461ff197e8c99967be9c2674,historical or bulk experiment output not used by runtime,,varies,2026-07-29T06:06:57.567175+00:00
out/object_anchor_world/20260722_145243/failures/20260722_145249_512_f000024_keypoint_confidence_raw.jpg,archive_local/rnd_20260729/outputs/out/object_anchor_world/20260722_145243/failures/20260722_145249_512_f000024_keypoint_confidence_raw.jpg,ARCHIVE_RND,260085,f65c2c6930354f980d53b80119359f044f339cfbbb91057ec928b29db969e3b1,historical or bulk experiment output not used by runtime,,varies,2026-07-29T06:06:57.567175+00:00
out/object_anchor_world/20260722_145243/failures/20260722_145250_092_f000028_keypoint_confidence_overlay.jpg,archive_local/rnd_20260729/outputs/out/object_anchor_world/20260722_145243/failures/20260722_145250_092_f000028_keypoint_confidence_overlay.jpg,ARCHIVE_RND,275215,e9593bd14504cba5536623d90e46078ff501ff6a2cb3636af96f3e05a5ae1334,historical or bulk experiment output not used by runtime,,varies,2026-07-29T06:06:57.567175+00:00
out/object_anchor_world/20260722_145243/failures/20260722_145250_092_f000028_keypoint_confidence_raw.jpg,archive_local/rnd_20260729/outputs/out/object_anchor_world/20260722_145243/failures/20260722_145250_092_f000028_keypoint_confidence_raw.jpg,ARCHIVE_RND,259414,048bab57841770ca91b9f0582d8b60af850adafad68b8ba536df125a49817647,historical or bulk experiment output not used by runtime,,varies,2026-07-29T06:06:57.567175+00:00
out/object_anchor_world/20260722_145243/failures/20260722_145250_670_f000032_keypoint_confidence_overlay.jpg,archive_local/rnd_20260729/outputs/out/object_anchor_world/20260722_145243/failures/20260722_145250_670_f000032_keypoint_confidence_overlay.jpg,ARCHIVE_RND,274234,ae7d8a42369600b69bf8a158caaa69e2989a4b1137b6184a7f6dbab118a18afd,historical or bulk experiment output not used by runtime,,varies,2026-07-29T06:06:57.567175+00:00
out/object_anchor_world/20260722_145243/failures/20260722_145250_670_f000032_keypoint_confidence_raw.jpg,archive_local/rnd_20260729/outputs/out/object_anchor_world/20260722_145243/failures/20260722_145250_670_f000032_keypoint_confidence_raw.jpg,ARCHIVE_RND,259480,d729b27a389606e4fc0561e4038b4fc5773c2c80c2dd06bff0a401b721adb047,historical or bulk experiment output not used by runtime,,varies,2026-07-29T06:06:57.567175+00:00
out/object_anchor_world/20260722_145243/failures/20260722_145251_246_f000036_keypoint_confidence_overlay.jpg,archive_local/rnd_20260729/outputs/out/object_anchor_world/20260722_145243/failures/20260722_145251_246_f000036_keypoint_confidence_overlay.jpg,ARCHIVE_RND,275508,ca994fdfb971ba1429b06191533faefe1e02f8d37c9a47f9eca179772515e3c2,historical or bulk experiment output not used by runtime,,varies,2026-07-29T06:06:57.567175+00:00
out/object_anchor_world/20260722_145243/failures/20260722_145251_246_f000036_keypoint_confidence_raw.jpg,archive_local/rnd_20260729/outputs/out/object_anchor_world/20260722_145243/failures/20260722_145251_246_f000036_keypoint_confidence_raw.jpg,ARCHIVE_RND,259354,edfdb8b1eefcbbbf96f151f7e47b5c3775ea17332f65331305d9ebf492c25be3,historical or bulk experiment output not used by runtime,,varies,2026-07-29T06:06:57.567175+00:00
out/object_anchor_world/20260722_145243/failures/20260722_145251_824_f000040_keypoint_confidence_overlay.jpg,archive_local/rnd_20260729/outputs/out/object_anchor_world/20260722_145243/failures/20260722_145251_824_f000040_keypoint_confidence_overlay.jpg,ARCHIVE_RND,273850,f695b7f42214a970f5c6cf1b98f596185be62af12ceff2543312500e9ea3730e,historical or bulk experiment output not used by runtime,,varies,2026-07-29T06:06:57.567175+00:00
out/object_anchor_world/20260722_145243/failures/20260722_145251_824_f000040_keypoint_confidence_raw.jpg,archive_local/rnd_20260729/outputs/out/object_anchor_world/20260722_145243/failures/20260722_145251_824_f000040_keypoint_confidence_raw.jpg,ARCHIVE_RND,258924,2e094046aa88f189e0d4001c2aca783d49dfd6786e4ecd05288df2c64469b2d7,historical or bulk experiment output not used by runtime,,varies,2026-07-29T06:06:57.567175+00:00
out/object_anchor_world/20260722_145243/failures/20260722_145252_443_f000044_keypoint_confidence_overlay.jpg,archive_local/rnd_20260729/outputs/out/object_anchor_world/20260722_145243/failures/20260722_145252_443_f000044_keypoint_confidence_overlay.jpg,ARCHIVE_RND,275814,a3eee835b2507aeb41439c36f3992787bd879885f3fa3b5eb314c1d8a523141f,historical or bulk experiment output not used by runtime,,varies,2026-07-29T06:06:57.567175+00:00
out/object_anchor_world/20260722_145243/failures/20260722_145252_443_f000044_keypoint_confidence_raw.jpg,archive_local/rnd_20260729/outputs/out/object_anchor_world/20260722_145243/failures/20260722_145252_443_f000044_keypoint_confidence_raw.jpg,ARCHIVE_RND,258970,ccd915b8463248cfec28677b706e4e2ca7944659b0189983410a022f9865491c,historical or bulk experiment output not used by runtime,,varies,2026-07-29T06:06:57.567175+00:00
out/object_anchor_world/20260722_145243/failures/20260722_145253_024_f000048_keypoint_confidence_overlay.jpg,archive_local/rnd_20260729/outputs/out/object_anchor_world/20260722_145243/failures/20260722_145253_024_f000048_keypoint_confidence_overlay.jpg,ARCHIVE_RND,272943,d0469e6fc54e5391c60017dcb7b8996e8cb6117c1746eac44a9f90e04fd485b5,historical or bulk experiment output not used by runtime,,varies,2026-07-29T06:06:57.567175+00:00
out/object_anchor_world/20260722_145243/failures/20260722_145253_024_f000048_keypoint_confidence_raw.jpg,archive_local/rnd_20260729/outputs/out/object_anchor_world/20260722_145243/failures/20260722_145253_024_f000048_keypoint_confidence_raw.jpg,ARCHIVE_RND,257430,1e1c09986e8972efbba6a0814f222a11678b53c241a332fcfcab8c54695ee57b,historical or bulk experiment output not used by runtime,,varies,2026-07-29T06:06:57.567175+00:00
out/object_anchor_world/20260722_145243/failures/20260722_145253_615_f000052_keypoint_confidence_overlay.jpg,archive_local/rnd_20260729/outputs/out/object_anchor_world/20260722_145243/failures/20260722_145253_615_f000052_keypoint_confidence_overlay.jpg,ARCHIVE_RND,274426,ceb1a3ed28b8029f7d8d63ad96065c101f69148d48634393c5fbae700a03b9ae,historical or bulk experiment output not used by runtime,,varies,2026-07-29T06:06:57.567175+00:00
out/object_anchor_world/20260722_145243/failures/20260722_145253_615_f000052_keypoint_confidence_raw.jpg,archive_local/rnd_20260729/outputs/out/object_anchor_world/20260722_145243/failures/20260722_145253_615_f000052_keypoint_confidence_raw.jpg,ARCHIVE_RND,258609,f8cdb098d5ae44c2ef96c8e39c5b76a558df261679e767c344f716eef7083a28,historical or bulk experiment output not used by runtime,,varies,2026-07-29T06:06:57.567175+00:00
out/object_anchor_world/20260722_145243/failures/20260722_145254_210_f000056_keypoint_confidence_overlay.jpg,archive_local/rnd_20260729/outputs/out/object_anchor_world/20260722_145243/failures/20260722_145254_210_f000056_keypoint_confidence_overlay.jpg,ARCHIVE_RND,274539,08b3595083c5ef9d2d6645376dcfe4664fd516faddde4cccd80d5e69fd1dfb6b,historical or bulk experiment output not used by runtime,,varies,2026-07-29T06:06:57.567175+00:00
out/object_anchor_world/20260722_145243/failures/20260722_145254_210_f000056_keypoint_confidence_raw.jpg,archive_local/rnd_20260729/outputs/out/object_anchor_world/20260722_145243/failures/20260722_145254_210_f000056_keypoint_confidence_raw.jpg,ARCHIVE_RND,259893,b39bc6d3bf97a5e90abab8981035767148c266017a3d1ca76cf24c96e9d55cae,historical or bulk experiment output not used by runtime,,varies,2026-07-29T06:06:57.567175+00:00
out/object_anchor_world/20260722_145243/failures/20260722_145254_814_f000060_keypoint_confidence_overlay.jpg,archive_local/rnd_20260729/outputs/out/object_anchor_world/20260722_145243/failures/20260722_145254_814_f000060_keypoint_confidence_overlay.jpg,ARCHIVE_RND,276356,9cfa7584faaae31fcc68e3c46f120559dc0795f803b415ef23227a052e4312e4,historical or bulk experiment output not used by runtime,,varies,2026-07-29T06:06:57.567175+00:00
out/object_anchor_world/20260722_145243/failures/20260722_145254_814_f000060_keypoint_confidence_raw.jpg,archive_local/rnd_20260729/outputs/out/object_anchor_world/20260722_145243/failures/20260722_145254_814_f000060_keypoint_confidence_raw.jpg,ARCHIVE_RND,260690,47caeca0314eeffef6932ccc0c799f742fd6f8c569e0fc0c644e3497de762e44,historical or bulk experiment output not used by runtime,,varies,2026-07-29T06:06:57.567175+00:00
out/object_anchor_world/20260722_145243/failures/20260722_145255_113_f000062_reprojection_error_overlay.jpg,archive_local/rnd_20260729/outputs/out/object_anchor_world/20260722_145243/failures/20260722_145255_113_f000062_reprojection_error_overlay.jpg,ARCHIVE_RND,280826,b72742be05379e00cae941be801e293cb453221dc089980e0d2dfcdbcbcc4bfe,historical or bulk experiment output not used by runtime,,varies,2026-07-29T06:06:57.567175+00:00
out/object_anchor_world/20260722_145243/failures/20260722_145255_113_f000062_reprojection_error_raw.jpg,archive_local/rnd_20260729/outputs/out/object_anchor_world/20260722_145243/failures/20260722_145255_113_f000062_reprojection_error_raw.jpg,ARCHIVE_RND,260792,dd0187c277c3d4ba403e80f81cf845a0bdab52cc16ec947c3c78eb00aaf321b5,historical or bulk experiment output not used by runtime,,varies,2026-07-29T06:06:57.567175+00:00
out/object_anchor_world/20260722_145243/failures/20260722_145255_423_f000064_keypoint_confidence_overlay.jpg,archive_local/rnd_20260729/outputs/out/object_anchor_world/20260722_145243/failures/20260722_145255_423_f000064_keypoint_confidence_overlay.jpg,ARCHIVE_RND,274078,f3452cacad04e94a5739331745a7dd433a5395668268b4b29b33f3bd5f34cfbe,historical or bulk experiment output not used by runtime,,varies,2026-07-29T06:06:57.567175+00:00
out/object_anchor_world/20260722_145243/failures/20260722_145255_423_f000064_keypoint_confidence_raw.jpg,archive_local/rnd_20260729/outputs/out/object_anchor_world/20260722_145243/failures/20260722_145255_423_f000064_keypoint_confidence_raw.jpg,ARCHIVE_RND,258522,3e5bdaf9bcb5c51aec0137186ef4510f3872cbb00381142cd69be75611806300,historical or bulk experiment output not used by runtime,,varies,2026-07-29T06:06:57.567175+00:00
out/object_anchor_world/20260722_145243/failures/20260722_145255_716_f000066_reprojection_error_overlay.jpg,archive_local/rnd_20260729/outputs/out/object_anchor_world/20260722_145243/failures/20260722_145255_716_f000066_reprojection_error_overlay.jpg,ARCHIVE_RND,278370,827693da32d71b95f706b6c0c4fb85a9b13406bd4638c2770ac7071c3eb6855b,historical or bulk experiment output not used by runtime,,varies,2026-07-29T06:06:57.567175+00:00
out/object_anchor_world/20260722_145243/failures/20260722_145255_716_f000066_reprojection_error_raw.jpg,archive_local/rnd_20260729/outputs/out/object_anchor_world/20260722_145243/failures/20260722_145255_716_f000066_reprojection_error_raw.jpg,ARCHIVE_RND,258140,ea0b92abab09623559e059dcc6199fb5ac244d97db77e84bc8377be19efda3f8,historical or bulk experiment output not used by runtime,,varies,2026-07-29T06:06:57.567175+00:00
out/object_anchor_world/20260722_145243/failures/20260722_145256_297_f000070_reprojection_error_overlay.jpg,archive_local/rnd_20260729/outputs/out/object_anchor_world/20260722_145243/failures/20260722_145256_297_f000070_reprojection_error_overlay.jpg,ARCHIVE_RND,278827,f16a0b7c8c3945a6ec19f8c277cf453fa349129b8eb3628d7b8acfd8b1e2042f,historical or bulk experiment output not used by runtime,,varies,2026-07-29T06:06:57.567175+00:00
out/object_anchor_world/20260722_145243/failures/20260722_145256_297_f000070_reprojection_error_raw.jpg,archive_local/rnd_20260729/outputs/out/object_anchor_world/20260722_145243/failures/20260722_145256_297_f000070_reprojection_error_raw.jpg,ARCHIVE_RND,258252,2ca6d92026b004b5f72d97db76b9db29ac66e8cee97c6648d1bdcdb1591de95e,historical or bulk experiment output not used by runtime,,varies,2026-07-29T06:06:57.567175+00:00
out/object_anchor_world/20260722_145243/failures/20260722_145256_871_f000074_reprojection_error_overlay.jpg,archive_local/rnd_20260729/outputs/out/object_anchor_world/20260722_145243/failures/20260722_145256_871_f000074_reprojection_error_overlay.jpg,ARCHIVE_RND,279851,3d8c3ac5d5de98a97586e252be7b710fdc0d4bd92bfe6bb851235256764e4905,historical or bulk experiment output not used by runtime,,varies,2026-07-29T06:06:57.567175+00:00
out/object_anchor_world/20260722_145243/failures/20260722_145256_871_f000074_reprojection_error_raw.jpg,archive_local/rnd_20260729/outputs/out/object_anchor_world/20260722_145243/failures/20260722_145256_871_f000074_reprojection_error_raw.jpg,ARCHIVE_RND,261197,f216d56bcdbadfe5e99677cda84ac32678c59c284bfab0d531c8ce5b6f8ae0d5,historical or bulk experiment output not used by runtime,,varies,2026-07-29T06:06:57.567175+00:00
out/object_anchor_world/20260722_145243/failures/20260722_145257_451_f000078_reprojection_error_overlay.jpg,archive_local/rnd_20260729/outputs/out/object_anchor_world/20260722_145243/failures/20260722_145257_451_f000078_reprojection_error_overlay.jpg,ARCHIVE_RND,280919,1d07ac06233e6772600b66f65641c02bcbbb8b38e20ca3c40c05376f4663caf0,historical or bulk experiment output not used by runtime,,varies,2026-07-29T06:06:57.567175+00:00
out/object_anchor_world/20260722_145243/failures/20260722_145257_451_f000078_reprojection_error_raw.jpg,archive_local/rnd_20260729/outputs/out/object_anchor_world/20260722_145243/failures/20260722_145257_451_f000078_reprojection_error_raw.jpg,ARCHIVE_RND,262098,f260198024fdaf7856b86adc8ac16c4c40291ff628e13bac7e360d8722bea7e1,historical or bulk experiment output not used by runtime,,varies,2026-07-29T06:06:57.567175+00:00
out/object_anchor_world/20260722_145243/failures/20260722_145301_706_f000108_reprojection_error_overlay.jpg,archive_local/rnd_20260729/outputs/out/object_anchor_world/20260722_145243/failures/20260722_145301_706_f000108_reprojection_error_overlay.jpg,ARCHIVE_RND,279634,f93e4a4cb5a1a7e2fedb967658431fef1d8fe4c12c5867e3d9fdfb323977f5bd,historical or bulk experiment output not used by runtime,,varies,2026-07-29T06:06:57.567175+00:00
out/object_anchor_world/20260722_145243/failures/20260722_145301_706_f000108_reprojection_error_raw.jpg,archive_local/rnd_20260729/outputs/out/object_anchor_world/20260722_145243/failures/20260722_145301_706_f000108_reprojection_error_raw.jpg,ARCHIVE_RND,259777,c173e7da657b70a5ec51849cf87e59c55c1e8ebb4fdaae8e1d37515016706ac3,historical or bulk experiment output not used by runtime,,varies,2026-07-29T06:06:57.567175+00:00
out/object_anchor_world/20260722_145243/failures/20260722_145302_416_f000113_reprojection_error_overlay.jpg,archive_local/rnd_20260729/outputs/out/object_anchor_world/20260722_145243/failures/20260722_145302_416_f000113_reprojection_error_overlay.jpg,ARCHIVE_RND,279643,8009c6d8499215e58bab343d9489b9833214bff98a832887929c9483a1da912c,historical or bulk experiment output not used by runtime,,varies,2026-07-29T06:06:57.567175+00:00
out/object_anchor_world/20260722_145243/failures/20260722_145302_416_f000113_reprojection_error_raw.jpg,archive_local/rnd_20260729/outputs/out/object_anchor_world/20260722_145243/failures/20260722_145302_416_f000113_reprojection_error_raw.jpg,ARCHIVE_RND,259933,3d1d454d01bd9581ce6bb1e40d62dfc336b74fdd95a39609394d4f9083228446,historical or bulk experiment output not used by runtime,,varies,2026-07-29T06:06:57.567175+00:00
out/object_anchor_world/20260722_145243/failures/20260722_145303_008_f000117_reprojection_error_overlay.jpg,archive_local/rnd_20260729/outputs/out/object_anchor_world/20260722_145243/failures/20260722_145303_008_f000117_reprojection_error_overlay.jpg,ARCHIVE_RND,278869,9f35921e2cdd6741afe95c80ea573042b16410a67c976edd57ff0461fa08ad73,historical or bulk experiment output not used by runtime,,varies,2026-07-29T06:06:57.567175+00:00
out/object_anchor_world/20260722_145243/failures/20260722_145303_008_f000117_reprojection_error_raw.jpg,archive_local/rnd_20260729/outputs/out/object_anchor_world/20260722_145243/failures/20260722_145303_008_f000117_reprojection_error_raw.jpg,ARCHIVE_RND,259170,33f0adb7b07580f810cb7b8554bc5d5d1ecd48ee0e5772724e63e433ca43c9cd,historical or bulk experiment output not used by runtime,,varies,2026-07-29T06:06:57.567175+00:00
out/object_anchor_world/20260722_145243/failures/20260722_145303_597_f000121_reprojection_error_overlay.jpg,archive_local/rnd_20260729/outputs/out/object_anchor_world/20260722_145243/failures/20260722_145303_597_f000121_reprojection_error_overlay.jpg,ARCHIVE_RND,280055,0e2077b0c892d263172fa2e4de03c847927ba647b2477e59691db56f08ca4cc1,historical or bulk experiment output not used by runtime,,varies,2026-07-29T06:06:57.567175+00:00
out/object_anchor_world/20260722_145243/failures/20260722_145303_597_f000121_reprojection_error_raw.jpg,archive_local/rnd_20260729/outputs/out/object_anchor_world/20260722_145243/failures/20260722_145303_597_f000121_reprojection_error_raw.jpg,ARCHIVE_RND,259886,ee9c16749593f2ef2d7a8aafed5a26cfd2f007345a517c068257e44968066f9f,historical or bulk experiment output not used by runtime,,varies,2026-07-29T06:06:57.567175+00:00
out/object_anchor_world/20260722_145243/failures/20260722_145303_904_f000123_keypoint_confidence_overlay.jpg,archive_local/rnd_20260729/outputs/out/object_anchor_world/20260722_145243/failures/20260722_145303_904_f000123_keypoint_confidence_overlay.jpg,ARCHIVE_RND,276832,30682fda7f08ab800024a27dd05f0ed782300d26b65a4012791147b9671651f7,historical or bulk experiment output not used by runtime,,varies,2026-07-29T06:06:57.567175+00:00
out/object_anchor_world/20260722_145243/failures/20260722_145303_904_f000123_keypoint_confidence_raw.jpg,archive_local/rnd_20260729/outputs/out/object_anchor_world/20260722_145243/failures/20260722_145303_904_f000123_keypoint_confidence_raw.jpg,ARCHIVE_RND,259768,65ea171e35ad0f3946239b8a69c39ff8525f6d9dd7f79b0d85f2372c1d3aa10a,historical or bulk experiment output not used by runtime,,varies,2026-07-29T06:06:57.567175+00:00
out/object_anchor_world/20260722_145243/failures/20260722_145304_214_f000125_reprojection_error_overlay.jpg,archive_local/rnd_20260729/outputs/out/object_anchor_world/20260722_145243/failures/20260722_145304_214_f000125_reprojection_error_overlay.jpg,ARCHIVE_RND,280556,e4116b7cd511bdf73d4b94a2d643baf45c299f2fe356eb119185824563562aca,historical or bulk experiment output not used by runtime,,varies,2026-07-29T06:06:57.567175+00:00
out/object_anchor_world/20260722_145243/failures/20260722_145304_214_f000125_reprojection_error_raw.jpg,archive_local/rnd_20260729/outputs/out/object_anchor_world/20260722_145243/failures/20260722_145304_214_f000125_reprojection_error_raw.jpg,ARCHIVE_RND,260289,add724c0b5be22263f1af60c83fde5d585e36782a4a4d55dfd7d65f38829845b,historical or bulk experiment output not used by runtime,,varies,2026-07-29T06:06:57.567175+00:00
out/object_anchor_world/20260722_145243/failures/20260722_145304_790_f000129_reprojection_error_overlay.jpg,archive_local/rnd_20260729/outputs/out/object_anchor_world/20260722_145243/failures/20260722_145304_790_f000129_reprojection_error_overlay.jpg,ARCHIVE_RND,280094,fe6373dee3de9f9f08c91f81008eaedc9f5383bfb95426dc45fd811a202776af,historical or bulk experiment output not used by runtime,,varies,2026-07-29T06:06:57.567175+00:00
out/object_anchor_world/20260722_145243/failures/20260722_145304_790_f000129_reprojection_error_raw.jpg,archive_local/rnd_20260729/outputs/out/object_anchor_world/20260722_145243/failures/20260722_145304_790_f000129_reprojection_error_raw.jpg,ARCHIVE_RND,259916,9b033f8ed7f20a548c6c260a178ed7b8c665c44a9eabafb334ff81f34a5d41c8,historical or bulk experiment output not used by runtime,,varies,2026-07-29T06:06:57.567175+00:00
out/object_anchor_world/20260722_145243/failures/20260722_145305_351_f000133_reprojection_error_overlay.jpg,archive_local/rnd_20260729/outputs/out/object_anchor_world/20260722_145243/failures/20260722_145305_351_f000133_reprojection_error_overlay.jpg,ARCHIVE_RND,282682,b4b78301286bbc6e884cfefd4da9736653f9ae9bfec0cac1f639bbf84c6476a5,historical or bulk experiment output not used by runtime,,varies,2026-07-29T06:06:57.567175+00:00
out/object_anchor_world/20260722_145243/failures/20260722_145305_351_f000133_reprojection_error_raw.jpg,archive_local/rnd_20260729/outputs/out/object_anchor_world/20260722_145243/failures/20260722_145305_351_f000133_reprojection_error_raw.jpg,ARCHIVE_RND,259991,a2c02e479dae43c3f22443042a4f2826ee7e88ca2bfb6bf01be55513d4054497,historical or bulk experiment output not used by runtime,,varies,2026-07-29T06:06:57.567175+00:00
out/object_anchor_world/20260722_145243/failures/20260722_145305_659_f000135_keypoint_confidence_overlay.jpg,archive_local/rnd_20260729/outputs/out/object_anchor_world/20260722_145243/failures/20260722_145305_659_f000135_keypoint_confidence_overlay.jpg,ARCHIVE_RND,276728,8018642b54a5d3fe48a13855eed7a62a398a5c4f84dc069ea7ae62f69855247f,historical or bulk experiment output not used by runtime,,varies,2026-07-29T06:06:57.567175+00:00
out/object_anchor_world/20260722_145243/failures/20260722_145305_659_f000135_keypoint_confidence_raw.jpg,archive_local/rnd_20260729/outputs/out/object_anchor_world/20260722_145243/failures/20260722_145305_659_f000135_keypoint_confidence_raw.jpg,ARCHIVE_RND,259970,e11ac6b1a6c0a8d908a24653d72bf16d1e1ad90de237690c7465fd7d579ef6f3,historical or bulk experiment output not used by runtime,,varies,2026-07-29T06:06:57.567175+00:00
out/object_anchor_world/20260722_145243/failures/20260722_145305_960_f000137_reprojection_error_overlay.jpg,archive_local/rnd_20260729/outputs/out/object_anchor_world/20260722_145243/failures/20260722_145305_960_f000137_reprojection_error_overlay.jpg,ARCHIVE_RND,279656,be97e72f0a319294493c34b231444be764c0f643743264018e1d8e9266e94deb,historical or bulk experiment output not used by runtime,,varies,2026-07-29T06:06:57.567175+00:00
out/object_anchor_world/20260722_145243/failures/20260722_145305_960_f000137_reprojection_error_raw.jpg,archive_local/rnd_20260729/outputs/out/object_anchor_world/20260722_145243/failures/20260722_145305_960_f000137_reprojection_error_raw.jpg,ARCHIVE_RND,260049,d3eef50b88d937bd6d8febe34b9f74389ea5585f0381a4ce51c378ae55b5480a,historical or bulk experiment output not used by runtime,,varies,2026-07-29T06:06:57.567175+00:00
out/object_anchor_world/20260722_145243/failures/20260722_145306_539_f000141_reprojection_error_overlay.jpg,archive_local/rnd_20260729/outputs/out/object_anchor_world/20260722_145243/failures/20260722_145306_539_f000141_reprojection_error_overlay.jpg,ARCHIVE_RND,281094,daa4af264e802e002208d8710776e07e05efb314716abae927d22d593f2e1465,historical or bulk experiment output not used by runtime,,varies,2026-07-29T06:06:57.567175+00:00
out/object_anchor_world/20260722_145243/failures/20260722_145306_539_f000141_reprojection_error_raw.jpg,archive_local/rnd_20260729/outputs/out/object_anchor_world/20260722_145243/failures/20260722_145306_539_f000141_reprojection_error_raw.jpg,ARCHIVE_RND,259266,cae7b8946e8c1a71715a5b9b2c2acecd2c188267228df610ff5900f5daea1162,historical or bulk experiment output not used by runtime,,varies,2026-07-29T06:06:57.567175+00:00
out/object_anchor_world/20260722_145243/failures/20260722_145306_832_f000143_keypoint_confidence_overlay.jpg,archive_local/rnd_20260729/outputs/out/object_anchor_world/20260722_145243/failures/20260722_145306_832_f000143_keypoint_confidence_overlay.jpg,ARCHIVE_RND,277234,1aec09c0fde862b987775068b0f1990fa7ecfacf1f4550c42b97a6de84ae4113,historical or bulk experiment output not used by runtime,,varies,2026-07-29T06:06:57.567175+00:00
out/object_anchor_world/20260722_145243/failures/20260722_145306_832_f000143_keypoint_confidence_raw.jpg,archive_local/rnd_20260729/outputs/out/object_anchor_world/20260722_145243/failures/20260722_145306_832_f000143_keypoint_confidence_raw.jpg,ARCHIVE_RND,260129,efce9f9d90c5b42de6e82b785e96bf89f2cd459516afe91735b7aeb17178013a,historical or bulk experiment output not used by runtime,,varies,2026-07-29T06:06:57.567175+00:00
out/object_anchor_world/20260722_145243/failures/20260722_145307_130_f000145_reprojection_error_overlay.jpg,archive_local/rnd_20260729/outputs/out/object_anchor_world/20260722_145243/failures/20260722_145307_130_f000145_reprojection_error_overlay.jpg,ARCHIVE_RND,282657,37e0896a5ca8693879c06b212b54e29e3b91e26b023341f0bdc1e03fda8aad80,historical or bulk experiment output not used by runtime,,varies,2026-07-29T06:06:57.567175+00:00
out/object_anchor_world/20260722_145243/failures/20260722_145307_130_f000145_reprojection_error_raw.jpg,archive_local/rnd_20260729/outputs/out/object_anchor_world/20260722_145243/failures/20260722_145307_130_f000145_reprojection_error_raw.jpg,ARCHIVE_RND,260288,e01c07d4bf612b1347d3a3ead57960f7d25380941376e8879da14e99cae50023,historical or bulk experiment output not used by runtime,,varies,2026-07-29T06:06:57.567175+00:00
out/object_anchor_world/20260722_145243/failures/20260722_145307_723_f000149_reprojection_error_overlay.jpg,archive_local/rnd_20260729/outputs/out/object_anchor_world/20260722_145243/failures/20260722_145307_723_f000149_reprojection_error_overlay.jpg,ARCHIVE_RND,281394,5347c10d3b18a324079a6a615d4a04e00ad9a88debf97d74dc3b34f6a6db2b69,historical or bulk experiment output not used by runtime,,varies,2026-07-29T06:06:57.567175+00:00
out/object_anchor_world/20260722_145243/failures/20260722_145307_723_f000149_reprojection_error_raw.jpg,archive_local/rnd_20260729/outputs/out/object_anchor_world/20260722_145243/failures/20260722_145307_723_f000149_reprojection_error_raw.jpg,ARCHIVE_RND,259937,1bf4a7c87f0aa882aaa0b25168f62000c1619575e72106080002f9b69ccd2534,historical or bulk experiment output not used by runtime,,varies,2026-07-29T06:06:57.567175+00:00
out/object_anchor_world/20260722_145243/failures/20260722_145308_295_f000153_reprojection_error_overlay.jpg,archive_local/rnd_20260729/outputs/out/object_anchor_world/20260722_145243/failures/20260722_145308_295_f000153_reprojection_error_overlay.jpg,ARCHIVE_RND,279097,2264f2493c9c5b6dc3a24614640379b7a7d097430cfffc45b868828c90b535fd,historical or bulk experiment output not used by runtime,,varies,2026-07-29T06:06:57.567175+00:00
out/object_anchor_world/20260722_145243/failures/20260722_145308_295_f000153_reprojection_error_raw.jpg,archive_local/rnd_20260729/outputs/out/object_anchor_world/20260722_145243/failures/20260722_145308_295_f000153_reprojection_error_raw.jpg,ARCHIVE_RND,260095,74bbc4102a7d73b35c73457a8680b323fde8ef961d8fa7adfa0a8e95b3a39a71,historical or bulk experiment output not used by runtime,,varies,2026-07-29T06:06:57.567175+00:00
out/object_anchor_world/20260722_145243/failures/20260722_145308_880_f000157_reprojection_error_overlay.jpg,archive_local/rnd_20260729/outputs/out/object_anchor_world/20260722_145243/failures/20260722_145308_880_f000157_reprojection_error_overlay.jpg,ARCHIVE_RND,279400,bb1ad2c7e460e0064bdf1044ed04beb9058b46e28b2dd1966720f243bcdfe0a5,historical or bulk experiment output not used by runtime,,varies,2026-07-29T06:06:57.567175+00:00
out/object_anchor_world/20260722_145243/failures/20260722_145308_880_f000157_reprojection_error_raw.jpg,archive_local/rnd_20260729/outputs/out/object_anchor_world/20260722_145243/failures/20260722_145308_880_f000157_reprojection_error_raw.jpg,ARCHIVE_RND,260069,86b84fb49de7eb4bf3b979853bcdd6cd763ba4331decd2f299a0150d6b04283b,historical or bulk experiment output not used by runtime,,varies,2026-07-29T06:06:57.567175+00:00
out/object_anchor_world/20260722_145243/failures/20260722_145310_765_f000170_reprojection_error_overlay.jpg,archive_local/rnd_20260729/outputs/out/object_anchor_world/20260722_145243/failures/20260722_145310_765_f000170_reprojection_error_overlay.jpg,ARCHIVE_RND,277728,23005536ed7f21b444ad8aea166ae8e8384c931bec0f7fde3dfd60f3343e780b,historical or bulk experiment output not used by runtime,,varies,2026-07-29T06:06:57.567175+00:00
out/object_anchor_world/20260722_145243/failures/20260722_145310_765_f000170_reprojection_error_raw.jpg,archive_local/rnd_20260729/outputs/out/object_anchor_world/20260722_145243/failures/20260722_145310_765_f000170_reprojection_error_raw.jpg,ARCHIVE_RND,259214,f04be950ab52d62d85c597f2a5a6ca438657cab3ab67fd42c67f7bc0dbc9d55f,historical or bulk experiment output not used by runtime,,varies,2026-07-29T06:06:57.567175+00:00
out/object_anchor_world/20260722_145243/failures/20260722_145312_881_f000185_reprojection_error_overlay.jpg,archive_local/rnd_20260729/outputs/out/object_anchor_world/20260722_145243/failures/20260722_145312_881_f000185_reprojection_error_overlay.jpg,ARCHIVE_RND,276536,273c992330e586c620709ae9bdff1fb1e1a1109a0f2cb27784cfdade9b53318a,historical or bulk experiment output not used by runtime,,varies,2026-07-29T06:06:57.567175+00:00
out/object_anchor_world/20260722_145243/failures/20260722_145312_881_f000185_reprojection_error_raw.jpg,archive_local/rnd_20260729/outputs/out/object_anchor_world/20260722_145243/failures/20260722_145312_881_f000185_reprojection_error_raw.jpg,ARCHIVE_RND,259528,b51df780b5fd45bfa8f1b6ee9b45e4513d6ef196fc5db5e7c28bf8357118a02a,historical or bulk experiment output not used by runtime,,varies,2026-07-29T06:06:57.567175+00:00
out/object_anchor_world/20260722_145243/failures/20260722_145313_460_f000189_reprojection_error_overlay.jpg,archive_local/rnd_20260729/outputs/out/object_anchor_world/20260722_145243/failures/20260722_145313_460_f000189_reprojection_error_overlay.jpg,ARCHIVE_RND,278346,66a2ad9862fdc733a6345d216a4f716c485580918eae30759ece2ed1e1a47766,historical or bulk experiment output not used by runtime,,varies,2026-07-29T06:06:57.567175+00:00
out/object_anchor_world/20260722_145243/failures/20260722_145313_460_f000189_reprojection_error_raw.jpg,archive_local/rnd_20260729/outputs/out/object_anchor_world/20260722_145243/failures/20260722_145313_460_f000189_reprojection_error_raw.jpg,ARCHIVE_RND,259884,23fa4e0c240554984743e2acf8c87af23c9fe6ee740032207d4db400017292b4,historical or bulk experiment output not used by runtime,,varies,2026-07-29T06:06:57.567175+00:00
out/object_anchor_world/20260722_145243/failures/20260722_145314_048_f000193_reprojection_error_overlay.jpg,archive_local/rnd_20260729/outputs/out/object_anchor_world/20260722_145243/failures/20260722_145314_048_f000193_reprojection_error_overlay.jpg,ARCHIVE_RND,280547,acd10b752ee67fd28c9f00bd54d09b6484fadfbc01e9bef28c163ddbf084b8ac,historical or bulk experiment output not used by runtime,,varies,2026-07-29T06:06:57.567175+00:00
out/object_anchor_world/20260722_145243/failures/20260722_145314_048_f000193_reprojection_error_raw.jpg,archive_local/rnd_20260729/outputs/out/object_anchor_world/20260722_145243/failures/20260722_145314_048_f000193_reprojection_error_raw.jpg,ARCHIVE_RND,259824,cbbbee6e4d357747e8f6c407650f1968bcf30a01c16a19ba409c6c0b47924e4b,historical or bulk experiment output not used by runtime,,varies,2026-07-29T06:06:57.567175+00:00
out/object_anchor_world/20260722_145243/failures/20260722_145314_616_f000197_reprojection_error_overlay.jpg,archive_local/rnd_20260729/outputs/out/object_anchor_world/20260722_145243/failures/20260722_145314_616_f000197_reprojection_error_overlay.jpg,ARCHIVE_RND,279151,f54b2a40bcf26569cc9e1bf7a4bc02d79222dbe34b3111dc2b579e39e0d14079,historical or bulk experiment output not used by runtime,,varies,2026-07-29T06:06:57.567175+00:00
out/object_anchor_world/20260722_145243/failures/20260722_145314_616_f000197_reprojection_error_raw.jpg,archive_local/rnd_20260729/outputs/out/object_anchor_world/20260722_145243/failures/20260722_145314_616_f000197_reprojection_error_raw.jpg,ARCHIVE_RND,259671,386c311cb82f7293182ff273932329ad40af216184952d5e94b8727b06b8eb65,historical or bulk experiment output not used by runtime,,varies,2026-07-29T06:06:57.567175+00:00
out/object_anchor_world/20260722_145243/failures/20260722_145315_190_f000201_reprojection_error_overlay.jpg,archive_local/rnd_20260729/outputs/out/object_anchor_world/20260722_145243/failures/20260722_145315_190_f000201_reprojection_error_overlay.jpg,ARCHIVE_RND,281874,a94aaeee5205b4506ba50950a4a4be34c32310b75b3f62a69b4e8fd0db240f06,historical or bulk experiment output not used by runtime,,varies,2026-07-29T06:06:57.567175+00:00
out/object_anchor_world/20260722_145243/failures/20260722_145315_190_f000201_reprojection_error_raw.jpg,archive_local/rnd_20260729/outputs/out/object_anchor_world/20260722_145243/failures/20260722_145315_190_f000201_reprojection_error_raw.jpg,ARCHIVE_RND,260340,b0c638fb21b0fe61443ba28b61fb42a00d07256d567f7a99f7d5f0fafe88fd49,historical or bulk experiment output not used by runtime,,varies,2026-07-29T06:06:57.567175+00:00
out/object_anchor_world/20260722_145243/failures/20260722_145315_769_f000205_reprojection_error_overlay.jpg,archive_local/rnd_20260729/outputs/out/object_anchor_world/20260722_145243/failures/20260722_145315_769_f000205_reprojection_error_overlay.jpg,ARCHIVE_RND,282365,fb5476cb10374bb11e30e34f3a17f6fca96a45f11393e985863e8fcab5a24ad5,historical or bulk experiment output not used by runtime,,varies,2026-07-29T06:06:57.567175+00:00
out/object_anchor_world/20260722_145243/failures/20260722_145315_769_f000205_reprojection_error_raw.jpg,archive_local/rnd_20260729/outputs/out/object_anchor_world/20260722_145243/failures/20260722_145315_769_f000205_reprojection_error_raw.jpg,ARCHIVE_RND,261073,e83bbead8fe30d47f459cd6ae3b5963d562a1ab28b803f4debdb81aaeb1d74a4,historical or bulk experiment output not used by runtime,,varies,2026-07-29T06:06:57.567175+00:00
out/object_anchor_world/20260722_145243/failures/20260722_145320_162_f000236_reprojection_error_overlay.jpg,archive_local/rnd_20260729/outputs/out/object_anchor_world/20260722_145243/failures/20260722_145320_162_f000236_reprojection_error_overlay.jpg,ARCHIVE_RND,280238,d15009e37060e178b57e97501cfceeeb6070d1587efe3cb243e4eb892149ade0,historical or bulk experiment output not used by runtime,,varies,2026-07-29T06:06:57.567175+00:00
out/object_anchor_world/20260722_145243/failures/20260722_145320_162_f000236_reprojection_error_raw.jpg,archive_local/rnd_20260729/outputs/out/object_anchor_world/20260722_145243/failures/20260722_145320_162_f000236_reprojection_error_raw.jpg,ARCHIVE_RND,260957,edcc461c594ef546e123a5c060ac95b5544d1970fbb77696fba5a632d367b6ec,historical or bulk experiment output not used by runtime,,varies,2026-07-29T06:06:57.567175+00:00
out/object_anchor_world/20260722_145243/failures/20260722_145321_171_f000243_reprojection_error_overlay.jpg,archive_local/rnd_20260729/outputs/out/object_anchor_world/20260722_145243/failures/20260722_145321_171_f000243_reprojection_error_overlay.jpg,ARCHIVE_RND,284667,e53478f81a0b1edcde25265fde63edac83064f55243711f8cb70e436e1522063,historical or bulk experiment output not used by runtime,,varies,2026-07-29T06:06:57.567175+00:00
out/object_anchor_world/20260722_145243/failures/20260722_145321_171_f000243_reprojection_error_raw.jpg,archive_local/rnd_20260729/outputs/out/object_anchor_world/20260722_145243/failures/20260722_145321_171_f000243_reprojection_error_raw.jpg,ARCHIVE_RND,261993,231d660f769e7673cdc15a18aefae353762a79a197db9fe691e6bd75991529af,historical or bulk experiment output not used by runtime,,varies,2026-07-29T06:06:57.567175+00:00
out/object_anchor_world/20260722_145243/failures/20260722_145321_738_f000247_reprojection_error_overlay.jpg,archive_local/rnd_20260729/outputs/out/object_anchor_world/20260722_145243/failures/20260722_145321_738_f000247_reprojection_error_overlay.jpg,ARCHIVE_RND,282483,735d83ca1eeb87baaf42bf87e6db75d6c78ff00f0b143d917657ce278334540a,historical or bulk experiment output not used by runtime,,varies,2026-07-29T06:06:57.567175+00:00
out/object_anchor_world/20260722_145243/failures/20260722_145321_738_f000247_reprojection_error_raw.jpg,archive_local/rnd_20260729/outputs/out/object_anchor_world/20260722_145243/failures/20260722_145321_738_f000247_reprojection_error_raw.jpg,ARCHIVE_RND,261800,d4d06d5ecab193b4f52001100f55f30d4ad63b614983e58274c5ff756dfe3ade,historical or bulk experiment output not used by runtime,,varies,2026-07-29T06:06:57.567175+00:00
out/object_anchor_world/20260722_145243/failures/20260722_145322_360_f000251_reprojection_error_overlay.jpg,archive_local/rnd_20260729/outputs/out/object_anchor_world/20260722_145243/failures/20260722_145322_360_f000251_reprojection_error_overlay.jpg,ARCHIVE_RND,281399,4373c638448cbc0123ca68c81f36780db5443918f46b96b3ce89a2870f1c72d6,historical or bulk experiment output not used by runtime,,varies,2026-07-29T06:06:57.567175+00:00
out/object_anchor_world/20260722_145243/failures/20260722_145322_360_f000251_reprojection_error_raw.jpg,archive_local/rnd_20260729/outputs/out/object_anchor_world/20260722_145243/failures/20260722_145322_360_f000251_reprojection_error_raw.jpg,ARCHIVE_RND,262213,3f18280719390a1e9bd6d3141b9ea3c346682e90632780ff96ca1828c2018964,historical or bulk experiment output not used by runtime,,varies,2026-07-29T06:06:57.567175+00:00
out/object_anchor_world/20260722_145243/object_anchor_world_frames.csv,archive_local/rnd_20260729/outputs/out/object_anchor_world/20260722_145243/object_anchor_world_frames.csv,ARCHIVE_RND,170320,f6f77d8b500bdac4484f529f59f0472e3606b9a1f91770cef08e6b4cdc055f88,historical or bulk experiment output not used by runtime,,varies,2026-07-29T06:06:57.567175+00:00
out/object_anchor_world/20260722_145243/object_anchor_world_summary.json,archive_local/rnd_20260729/outputs/out/object_anchor_world/20260722_145243/object_anchor_world_summary.json,ARCHIVE_RND,1924,563b84ad3de34328b20e345d12cb0e674104b19c0cc581cdb9e76b4ccdbdfabd,historical or bulk experiment output not used by runtime,,varies,2026-07-29T06:06:57.567175+00:00
out/object_anchor_world/20260722_145243/object_anchor_world_summary_final.json,archive_local/rnd_20260729/outputs/out/object_anchor_world/20260722_145243/object_anchor_world_summary_final.json,ARCHIVE_RND,5845,0456c8568193c03282aa775bcfcb02f359be0d85b706a139984094ac5984e9ef,historical or bulk experiment output not used by runtime,,varies,2026-07-29T06:06:57.567175+00:00
out/object_anchor_world/20260722_145343/failures/20260722_145407_703_f000150_reprojection_error_overlay.jpg,archive_local/rnd_20260729/outputs/out/object_anchor_world/20260722_145343/failures/20260722_145407_703_f000150_reprojection_error_overlay.jpg,ARCHIVE_RND,279611,161bb602870fb8b6202870a36c784dbc7eb1b9e20d1b71cedaec2676051c6ce5,historical or bulk experiment output not used by runtime,,varies,2026-07-29T06:06:57.567175+00:00
out/object_anchor_world/20260722_145343/failures/20260722_145407_703_f000150_reprojection_error_raw.jpg,archive_local/rnd_20260729/outputs/out/object_anchor_world/20260722_145343/failures/20260722_145407_703_f000150_reprojection_error_raw.jpg,ARCHIVE_RND,258998,29014cff72eb680d5557f46e38c919b4e38576091ba8c0eeffbe4c97c32b9781,historical or bulk experiment output not used by runtime,,varies,2026-07-29T06:06:57.567175+00:00
out/object_anchor_world/20260722_145343/failures/20260722_145409_652_f000163_reprojection_error_overlay.jpg,archive_local/rnd_20260729/outputs/out/object_anchor_world/20260722_145343/failures/20260722_145409_652_f000163_reprojection_error_overlay.jpg,ARCHIVE_RND,278673,f1c2ce8f0a8885a921922fe6a7f6dc257482c93e14739a4b1bfc873abcfbe193,historical or bulk experiment output not used by runtime,,varies,2026-07-29T06:06:57.567175+00:00
out/object_anchor_world/20260722_145343/failures/20260722_145409_652_f000163_reprojection_error_raw.jpg,archive_local/rnd_20260729/outputs/out/object_anchor_world/20260722_145343/failures/20260722_145409_652_f000163_reprojection_error_raw.jpg,ARCHIVE_RND,260063,51155cc47f758443b362a7e2300d0106077ecdf5b690dc40e73772cfd68874a0,historical or bulk experiment output not used by runtime,,varies,2026-07-29T06:06:57.567175+00:00
out/object_anchor_world/20260722_145343/failures/20260722_145414_412_f000196_reprojection_error_overlay.jpg,archive_local/rnd_20260729/outputs/out/object_anchor_world/20260722_145343/failures/20260722_145414_412_f000196_reprojection_error_overlay.jpg,ARCHIVE_RND,279404,a3e8b797b18638a4a045a6bdb246575bdbe74e04020eaa9196a4fcc2b7160e6c,historical or bulk experiment output not used by runtime,,varies,2026-07-29T06:06:57.567175+00:00
out/object_anchor_world/20260722_145343/failures/20260722_145414_412_f000196_reprojection_error_raw.jpg,archive_local/rnd_20260729/outputs/out/object_anchor_world/20260722_145343/failures/20260722_145414_412_f000196_reprojection_error_raw.jpg,ARCHIVE_RND,261510,f6a9cdf912d117ff107224808d376bebca9406078024c18e5d5390ba3eca7e04,historical or bulk experiment output not used by runtime,,varies,2026-07-29T06:06:57.567175+00:00
out/object_anchor_world/20260722_145343/failures/20260722_145417_712_f000219_reprojection_error_overlay.jpg,archive_local/rnd_20260729/outputs/out/object_anchor_world/20260722_145343/failures/20260722_145417_712_f000219_reprojection_error_overlay.jpg,ARCHIVE_RND,282959,279f78df867199067a30e444986ec99cdfd4a41d40666caf5370178a460ef577,historical or bulk experiment output not used by runtime,,varies,2026-07-29T06:06:57.567175+00:00
out/object_anchor_world/20260722_145343/failures/20260722_145417_712_f000219_reprojection_error_raw.jpg,archive_local/rnd_20260729/outputs/out/object_anchor_world/20260722_145343/failures/20260722_145417_712_f000219_reprojection_error_raw.jpg,ARCHIVE_RND,260821,233fb5b65a9cb9f6549cdaa364a917fb28f995eba12bafd267e30f4ce0efce29,historical or bulk experiment output not used by runtime,,varies,2026-07-29T06:06:57.567175+00:00
out/object_anchor_world/20260722_145343/failures/20260722_145418_583_f000225_reprojection_error_overlay.jpg,archive_local/rnd_20260729/outputs/out/object_anchor_world/20260722_145343/failures/20260722_145418_583_f000225_reprojection_error_overlay.jpg,ARCHIVE_RND,280722,27ca5fa4fcce62705c4037d028215d91f4ec5f357352ad355f55fd080fa1306a,historical or bulk experiment output not used by runtime,,varies,2026-07-29T06:06:57.567175+00:00
out/object_anchor_world/20260722_145343/failures/20260722_145418_583_f000225_reprojection_error_raw.jpg,archive_local/rnd_20260729/outputs/out/object_anchor_world/20260722_145343/failures/20260722_145418_583_f000225_reprojection_error_raw.jpg,ARCHIVE_RND,260663,1f531ae07a0bf6813c8ce91964c39cfa8d19b390dcd949cee95eb8615d4ba8d4,historical or bulk experiment output not used by runtime,,varies,2026-07-29T06:06:57.567175+00:00
out/object_anchor_world/20260722_145343/failures/20260722_145419_178_f000229_reprojection_error_overlay.jpg,archive_local/rnd_20260729/outputs/out/object_anchor_world/20260722_145343/failures/20260722_145419_178_f000229_reprojection_error_overlay.jpg,ARCHIVE_RND,282157,25975eb55baaf93ac91e06ee27e2536b7ea6fcc19968a8d7a82431ecd4f2b136,historical or bulk experiment output not used by runtime,,varies,2026-07-29T06:06:57.567175+00:00
out/object_anchor_world/20260722_145343/failures/20260722_145419_178_f000229_reprojection_error_raw.jpg,archive_local/rnd_20260729/outputs/out/object_anchor_world/20260722_145343/failures/20260722_145419_178_f000229_reprojection_error_raw.jpg,ARCHIVE_RND,260951,e4caa28f995e2575fd7216ee2a7cdecda91d82b2269e4d73d294f4d0300947a1,historical or bulk experiment output not used by runtime,,varies,2026-07-29T06:06:57.567175+00:00
out/object_anchor_world/20260722_145343/failures/20260722_145420_811_f000240_reprojection_error_overlay.jpg,archive_local/rnd_20260729/outputs/out/object_anchor_world/20260722_145343/failures/20260722_145420_811_f000240_reprojection_error_overlay.jpg,ARCHIVE_RND,279826,0f8fcf4bc2042a0fd6f7ab34d80c2c4e12816392da656d4bdb1897d4ea097dd6,historical or bulk experiment output not used by runtime,,varies,2026-07-29T06:06:57.567175+00:00
out/object_anchor_world/20260722_145343/failures/20260722_145420_811_f000240_reprojection_error_raw.jpg,archive_local/rnd_20260729/outputs/out/object_anchor_world/20260722_145343/failures/20260722_145420_811_f000240_reprojection_error_raw.jpg,ARCHIVE_RND,260052,c2703f4367e13793d5ebc2e7f4a6a65c36a3a9849b8c1092a8dfcdf457778362,historical or bulk experiment output not used by runtime,,varies,2026-07-29T06:06:57.567175+00:00
out/object_anchor_world/20260722_145343/failures/20260722_145422_333_f000250_reprojection_error_overlay.jpg,archive_local/rnd_20260729/outputs/out/object_anchor_world/20260722_145343/failures/20260722_145422_333_f000250_reprojection_error_overlay.jpg,ARCHIVE_RND,278696,3d5e3110bdcd684faa6539f58d456c4ff9de00af151632ae522819faca1e7db6,historical or bulk experiment output not used by runtime,,varies,2026-07-29T06:06:57.567175+00:00
out/object_anchor_world/20260722_145343/failures/20260722_145422_333_f000250_reprojection_error_raw.jpg,archive_local/rnd_20260729/outputs/out/object_anchor_world/20260722_145343/failures/20260722_145422_333_f000250_reprojection_error_raw.jpg,ARCHIVE_RND,260431,4bfea440c9e16abcb8c37ecfddc453e541535502cc0c0e1705a76c9ba0db1dd7,historical or bulk experiment output not used by runtime,,varies,2026-07-29T06:06:57.567175+00:00
out/object_anchor_world/20260722_145343/failures/20260722_145424_531_f000265_reprojection_error_overlay.jpg,archive_local/rnd_20260729/outputs/out/object_anchor_world/20260722_145343/failures/20260722_145424_531_f000265_reprojection_error_overlay.jpg,ARCHIVE_RND,276846,105e2d991d1fa1fa343fc3f4aaf6df1fdddbece0d5bfcd304345e03192dcb1aa,historical or bulk experiment output not used by runtime,,varies,2026-07-29T06:06:57.567175+00:00
out/object_anchor_world/20260722_145343/failures/20260722_145424_531_f000265_reprojection_error_raw.jpg,archive_local/rnd_20260729/outputs/out/object_anchor_world/20260722_145343/failures/20260722_145424_531_f000265_reprojection_error_raw.jpg,ARCHIVE_RND,259488,c4d56e75aeaa9681b59f32a7b00591b3848265867084878fd9794d0be8269adb,historical or bulk experiment output not used by runtime,,varies,2026-07-29T06:06:57.567175+00:00
out/object_anchor_world/20260722_145343/failures/20260722_145426_450_f000278_reprojection_error_overlay.jpg,archive_local/rnd_20260729/outputs/out/object_anchor_world/20260722_145343/failures/20260722_145426_450_f000278_reprojection_error_overlay.jpg,ARCHIVE_RND,285365,b6f63b0ed9fac818e8644f19fb7feb360ca7cfd58bdd23b52f9391e0c0423062,historical or bulk experiment output not used by runtime,,varies,2026-07-29T06:06:57.567175+00:00
out/object_anchor_world/20260722_145343/failures/20260722_145426_450_f000278_reprojection_error_raw.jpg,archive_local/rnd_20260729/outputs/out/object_anchor_world/20260722_145343/failures/20260722_145426_450_f000278_reprojection_error_raw.jpg,ARCHIVE_RND,265159,77e547b62998758b5ead9cb643da1fe4e30c66c20aeb9c4204887f03a7de14f1,historical or bulk experiment output not used by runtime,,varies,2026-07-29T06:06:57.567175+00:00
out/object_anchor_world/20260722_145343/failures/20260722_145427_027_f000282_reprojection_error_overlay.jpg,archive_local/rnd_20260729/outputs/out/object_anchor_world/20260722_145343/failures/20260722_145427_027_f000282_reprojection_error_overlay.jpg,ARCHIVE_RND,285274,0aa43ef7cc8bcd1d59b735b0db2fe7045d64292552b7600dfb1b79d6ce2fdb49,historical or bulk experiment output not used by runtime,,varies,2026-07-29T06:06:57.567175+00:00
out/object_anchor_world/20260722_145343/failures/20260722_145427_027_f000282_reprojection_error_raw.jpg,archive_local/rnd_20260729/outputs/out/object_anchor_world/20260722_145343/failures/20260722_145427_027_f000282_reprojection_error_raw.jpg,ARCHIVE_RND,266973,16ef181cc0716b80ee689387c34ecd687665a256a214ab85ae13fe4387d32217,historical or bulk experiment output not used by runtime,,varies,2026-07-29T06:06:57.567175+00:00
out/object_anchor_world/20260722_145343/failures/20260722_145427_634_f000286_reprojection_error_overlay.jpg,archive_local/rnd_20260729/outputs/out/object_anchor_world/20260722_145343/failures/20260722_145427_634_f000286_reprojection_error_overlay.jpg,ARCHIVE_RND,282824,14b32b73c9d304743e1b30e097df2a493baeb0d9fe1ea58f3b54a4acee7cd5ef,historical or bulk experiment output not used by runtime,,varies,2026-07-29T06:06:57.567175+00:00
out/object_anchor_world/20260722_145343/failures/20260722_145427_634_f000286_reprojection_error_raw.jpg,archive_local/rnd_20260729/outputs/out/object_anchor_world/20260722_145343/failures/20260722_145427_634_f000286_reprojection_error_raw.jpg,ARCHIVE_RND,261624,8326681e6990accd89363b360058abb71a21c750a6e61c2e56d77bb7313f9023,historical or bulk experiment output not used by runtime,,varies,2026-07-29T06:06:57.567175+00:00
out/object_anchor_world/20260722_145343/object_anchor_world_frames.csv,archive_local/rnd_20260729/outputs/out/object_anchor_world/20260722_145343/object_anchor_world_frames.csv,ARCHIVE_RND,81371,2374c95154a5df71772eb46e7dd0d3f3cdfb431eb0181f72c31e19470adb726a,historical or bulk experiment output not used by runtime,,varies,2026-07-29T06:06:57.567175+00:00
out/object_anchor_world/20260722_145343/object_anchor_world_summary.json,archive_local/rnd_20260729/outputs/out/object_anchor_world/20260722_145343/object_anchor_world_summary.json,ARCHIVE_RND,1637,f7dab7a7eaa6dc099f17a9bdebddd6252ef6bc39f7e95d8b8d82b419377d1459,historical or bulk experiment output not used by runtime,,varies,2026-07-29T06:06:57.567175+00:00
out/object_anchor_world/20260722_145343/object_anchor_world_summary_final.json,archive_local/rnd_20260729/outputs/out/object_anchor_world/20260722_145343/object_anchor_world_summary_final.json,ARCHIVE_RND,2331,8dfc6488bcc57929d96d383b150f98238d17074b3b31edb0d6c728dc866c2bec,historical or bulk experiment output not used by runtime,,varies,2026-07-29T06:06:57.567175+00:00
out/object_anchor_world/20260722_145438/failures/20260722_145442_406_f000004_keypoint_confidence_overlay.jpg,archive_local/rnd_20260729/outputs/out/object_anchor_world/20260722_145438/failures/20260722_145442_406_f000004_keypoint_confidence_overlay.jpg,ARCHIVE_RND,275645,076ce8169dfcb1216e50a91ce9a309b693be067c2babce22551dc1bbb9680c82,historical or bulk experiment output not used by runtime,,varies,2026-07-29T06:06:57.567175+00:00
out/object_anchor_world/20260722_145438/failures/20260722_145442_406_f000004_keypoint_confidence_raw.jpg,archive_local/rnd_20260729/outputs/out/object_anchor_world/20260722_145438/failures/20260722_145442_406_f000004_keypoint_confidence_raw.jpg,ARCHIVE_RND,260481,49943b2b426be992cf0c523f9782d79127ccb08ce2705f7ece497993cd37e641,historical or bulk experiment output not used by runtime,,varies,2026-07-29T06:06:57.567175+00:00
out/object_anchor_world/20260722_145438/failures/20260722_145443_347_f000008_keypoint_confidence_overlay.jpg,archive_local/rnd_20260729/outputs/out/object_anchor_world/20260722_145438/failures/20260722_145443_347_f000008_keypoint_confidence_overlay.jpg,ARCHIVE_RND,279447,14f97b2fbabed1a321a507f785c66a42d07316445713b07dff78c5dbb3be6fa7,historical or bulk experiment output not used by runtime,,varies,2026-07-29T06:06:57.567175+00:00
out/object_anchor_world/20260722_145438/failures/20260722_145443_347_f000008_keypoint_confidence_raw.jpg,archive_local/rnd_20260729/outputs/out/object_anchor_world/20260722_145438/failures/20260722_145443_347_f000008_keypoint_confidence_raw.jpg,ARCHIVE_RND,265116,c78817d7ce847eb89a448184d431c49f13ddddb66ecc19f19ac43c86f8beafb6,historical or bulk experiment output not used by runtime,,varies,2026-07-29T06:06:57.567175+00:00
out/object_anchor_world/20260722_145438/failures/20260722_145444_215_f000012_keypoint_confidence_overlay.jpg,archive_local/rnd_20260729/outputs/out/object_anchor_world/20260722_145438/failures/20260722_145444_215_f000012_keypoint_confidence_overlay.jpg,ARCHIVE_RND,271095,cdd50f19b722998eae7687f5f2b3ab5da8cb71191cd6452e088809c4013e7d25,historical or bulk experiment output not used by runtime,,varies,2026-07-29T06:06:57.567175+00:00
out/object_anchor_world/20260722_145438/failures/20260722_145444_215_f000012_keypoint_confidence_raw.jpg,archive_local/rnd_20260729/outputs/out/object_anchor_world/20260722_145438/failures/20260722_145444_215_f000012_keypoint_confidence_raw.jpg,ARCHIVE_RND,256272,b9aa928f65adce067a77572403b026926bce1e11b024dd47cd94940a1ee2ba62,historical or bulk experiment output not used by runtime,,varies,2026-07-29T06:06:57.567175+00:00
out/object_anchor_world/20260722_145438/failures/20260722_145444_868_f000015_keypoint_confidence_overlay.jpg,archive_local/rnd_20260729/outputs/out/object_anchor_world/20260722_145438/failures/20260722_145444_868_f000015_keypoint_confidence_overlay.jpg,ARCHIVE_RND,280515,2d53400bed54015ad26e531a23b3951a7696a74468b7cb9766f9d505beb97703,historical or bulk experiment output not used by runtime,,varies,2026-07-29T06:06:57.567175+00:00
out/object_anchor_world/20260722_145438/failures/20260722_145444_868_f000015_keypoint_confidence_raw.jpg,archive_local/rnd_20260729/outputs/out/object_anchor_world/20260722_145438/failures/20260722_145444_868_f000015_keypoint_confidence_raw.jpg,ARCHIVE_RND,264840,f5019d69e3068870662ee2d06dc8a0555356b331b588b592d78f4b50b0e76084,historical or bulk experiment output not used by runtime,,varies,2026-07-29T06:06:57.567175+00:00
out/object_anchor_world/20260722_145438/failures/20260722_145445_519_f000018_keypoint_confidence_overlay.jpg,archive_local/rnd_20260729/outputs/out/object_anchor_world/20260722_145438/failures/20260722_145445_519_f000018_keypoint_confidence_overlay.jpg,ARCHIVE_RND,281178,543b53de222df1f4c50ddfa8b06675f23806288723814eb6999de7b67af69e16,historical or bulk experiment output not used by runtime,,varies,2026-07-29T06:06:57.567175+00:00
out/object_anchor_world/20260722_145438/failures/20260722_145445_519_f000018_keypoint_confidence_raw.jpg,archive_local/rnd_20260729/outputs/out/object_anchor_world/20260722_145438/failures/20260722_145445_519_f000018_keypoint_confidence_raw.jpg,ARCHIVE_RND,265509,76978f0192b57295a200e2809a443d518f79fdf85e32dad2693973b94ab4bfde,historical or bulk experiment output not used by runtime,,varies,2026-07-29T06:06:57.567175+00:00
out/object_anchor_world/20260722_145438/failures/20260722_145446_349_f000022_keypoint_confidence_overlay.jpg,archive_local/rnd_20260729/outputs/out/object_anchor_world/20260722_145438/failures/20260722_145446_349_f000022_keypoint_confidence_overlay.jpg,ARCHIVE_RND,282052,b4342bf06bd91ce9647aa6ca70f64dbb52598f30242282c8c0287374657265b3,historical or bulk experiment output not used by runtime,,varies,2026-07-29T06:06:57.567175+00:00
out/object_anchor_world/20260722_145438/failures/20260722_145446_349_f000022_keypoint_confidence_raw.jpg,archive_local/rnd_20260729/outputs/out/object_anchor_world/20260722_145438/failures/20260722_145446_349_f000022_keypoint_confidence_raw.jpg,ARCHIVE_RND,267322,2695656790a31f85f04d89e5a85f46db561c316e627781e49e5bfa28248cf0a7,historical or bulk experiment output not used by runtime,,varies,2026-07-29T06:06:57.567175+00:00
out/object_anchor_world/20260722_145438/failures/20260722_145447_723_f000029_keypoint_confidence_overlay.jpg,archive_local/rnd_20260729/outputs/out/object_anchor_world/20260722_145438/failures/20260722_145447_723_f000029_keypoint_confidence_overlay.jpg,ARCHIVE_RND,279319,71f5357667ee8664cc2770ff662995f9a6e4c5171b2ae482ad7a2ce7c2c032b4,historical or bulk experiment output not used by runtime,,varies,2026-07-29T06:06:57.567175+00:00
out/object_anchor_world/20260722_145438/failures/20260722_145447_723_f000029_keypoint_confidence_raw.jpg,archive_local/rnd_20260729/outputs/out/object_anchor_world/20260722_145438/failures/20260722_145447_723_f000029_keypoint_confidence_raw.jpg,ARCHIVE_RND,264409,9c834e1e3388a774e2006502a48cd76bf765fe7465809d541eadc20fab8fb179,historical or bulk experiment output not used by runtime,,varies,2026-07-29T06:06:57.567175+00:00
out/object_anchor_world/20260722_145438/failures/20260722_145513_201_f000168_keypoint_confidence_overlay.jpg,archive_local/rnd_20260729/outputs/out/object_anchor_world/20260722_145438/failures/20260722_145513_201_f000168_keypoint_confidence_overlay.jpg,ARCHIVE_RND,272173,bc21e025715eee5266403e1f22a6b599d5ea6c555618fb6f0d424851fd4bc33c,historical or bulk experiment output not used by runtime,,varies,2026-07-29T06:06:57.567175+00:00
out/object_anchor_world/20260722_145438/failures/20260722_145513_201_f000168_keypoint_confidence_raw.jpg,archive_local/rnd_20260729/outputs/out/object_anchor_world/20260722_145438/failures/20260722_145513_201_f000168_keypoint_confidence_raw.jpg,ARCHIVE_RND,256477,b0f90ad3f6d80ab8fb5f655d3e6fd4f852e669e7d44d81910cda6dd74e9f9e0c,historical or bulk experiment output not used by runtime,,varies,2026-07-29T06:06:57.567175+00:00
out/object_anchor_world/20260722_145438/failures/20260722_145520_975_f000205_reprojection_error_overlay.jpg,archive_local/rnd_20260729/outputs/out/object_anchor_world/20260722_145438/failures/20260722_145520_975_f000205_reprojection_error_overlay.jpg,ARCHIVE_RND,279344,b195bd7a45e2fdecdf85c27f003691c4abc757393b30176764ca604b7ac5b6ba,historical or bulk experiment output not used by runtime,,varies,2026-07-29T06:06:57.567175+00:00
out/object_anchor_world/20260722_145438/failures/20260722_145520_975_f000205_reprojection_error_raw.jpg,archive_local/rnd_20260729/outputs/out/object_anchor_world/20260722_145438/failures/20260722_145520_975_f000205_reprojection_error_raw.jpg,ARCHIVE_RND,265376,3b3f672cd219936ae19054dad19134539eccbc135c3227ee07731daca99067f1,historical or bulk experiment output not used by runtime,,varies,2026-07-29T06:06:57.567175+00:00
out/object_anchor_world/20260722_145438/failures/20260722_145521_641_f000209_reprojection_error_overlay.jpg,archive_local/rnd_20260729/outputs/out/object_anchor_world/20260722_145438/failures/20260722_145521_641_f000209_reprojection_error_overlay.jpg,ARCHIVE_RND,283735,b58d5bdec8e1e7f0e096b259ee69a10228299bc6ee43e6ff0c95a75a670c3788,historical or bulk experiment output not used by runtime,,varies,2026-07-29T06:06:57.567175+00:00
out/object_anchor_world/20260722_145438/failures/20260722_145521_641_f000209_reprojection_error_raw.jpg,archive_local/rnd_20260729/outputs/out/object_anchor_world/20260722_145438/failures/20260722_145521_641_f000209_reprojection_error_raw.jpg,ARCHIVE_RND,267707,4c8b66b0595239816807c24d954a177cad5f1bc8857cb3b1f39118d14c76226f,historical or bulk experiment output not used by runtime,,varies,2026-07-29T06:06:57.567175+00:00
out/object_anchor_world/20260722_145438/failures/20260722_145535_088_f000270_keypoint_confidence_overlay.jpg,archive_local/rnd_20260729/outputs/out/object_anchor_world/20260722_145438/failures/20260722_145535_088_f000270_keypoint_confidence_overlay.jpg,ARCHIVE_RND,282318,015c91a728a89d430cb1db8195f9f8ac38b12c902f28f17d0f16428a054629fd,historical or bulk experiment output not used by runtime,,varies,2026-07-29T06:06:57.567175+00:00
out/object_anchor_world/20260722_145438/failures/20260722_145535_088_f000270_keypoint_confidence_raw.jpg,archive_local/rnd_20260729/outputs/out/object_anchor_world/20260722_145438/failures/20260722_145535_088_f000270_keypoint_confidence_raw.jpg,ARCHIVE_RND,267219,727c2459f7fefbf82a5b61f47a90d1965d282901eab70eb45c26715088704c8b,historical or bulk experiment output not used by runtime,,varies,2026-07-29T06:06:57.567175+00:00
out/object_anchor_world/20260722_145438/failures/20260722_145540_958_f000299_reprojection_error_overlay.jpg,archive_local/rnd_20260729/outputs/out/object_anchor_world/20260722_145438/failures/20260722_145540_958_f000299_reprojection_error_overlay.jpg,ARCHIVE_RND,282090,92a2fcdf0445e57cecbacea403a8a381e6d04300362a2dab0652a3e528f90be7,historical or bulk experiment output not used by runtime,,varies,2026-07-29T06:06:57.567175+00:00
out/object_anchor_world/20260722_145438/failures/20260722_145540_958_f000299_reprojection_error_raw.jpg,archive_local/rnd_20260729/outputs/out/object_anchor_world/20260722_145438/failures/20260722_145540_958_f000299_reprojection_error_raw.jpg,ARCHIVE_RND,264303,fda4a2b138124eb14391af281725c607a71721ca33c2c52bb2db65ae0cff8db1,historical or bulk experiment output not used by runtime,,varies,2026-07-29T06:06:57.567175+00:00
out/object_anchor_world/20260722_145438/object_anchor_world_frames.csv,archive_local/rnd_20260729/outputs/out/object_anchor_world/20260722_145438/object_anchor_world_frames.csv,ARCHIVE_RND,84636,a35673ab0068f2763daf1c97b85f7e4c6e204da0ac7c070d2e99d48fea9bdb39,historical or bulk experiment output not used by runtime,,varies,2026-07-29T06:06:57.567175+00:00
out/object_anchor_world/20260722_145438/object_anchor_world_summary.json,archive_local/rnd_20260729/outputs/out/object_anchor_world/20260722_145438/object_anchor_world_summary.json,ARCHIVE_RND,1714,9fdd4f8aebf6d5ce09cf46a8439dbcf128e02ae310e91b0a4e72cb4d1bc03861,historical or bulk experiment output not used by runtime,,varies,2026-07-29T06:06:57.567175+00:00
out/object_anchor_world/20260722_145438/object_anchor_world_summary_final.json,archive_local/rnd_20260729/outputs/out/object_anchor_world/20260722_145438/object_anchor_world_summary_final.json,ARCHIVE_RND,1982,6b7346f70913ae0aff891d4cad2311529e76e62b76648af73ced41e121edc930,historical or bulk experiment output not used by runtime,,varies,2026-07-29T06:06:57.567175+00:00
out/object_anchor_world/20260722_153154/failures/20260722_153157_169_f000000_keypoint_confidence_overlay.jpg,archive_local/rnd_20260729/outputs/out/object_anchor_world/20260722_153154/failures/20260722_153157_169_f000000_keypoint_confidence_overlay.jpg,ARCHIVE_RND,299424,6d7c34bc5ce9a6a4dcaa180d4abb2cca4a3b0715ee548ec4831960857d4b5e22,historical or bulk experiment output not used by runtime,,varies,2026-07-29T06:06:57.567175+00:00
out/object_anchor_world/20260722_153154/failures/20260722_153157_169_f000000_keypoint_confidence_raw.jpg,archive_local/rnd_20260729/outputs/out/object_anchor_world/20260722_153154/failures/20260722_153157_169_f000000_keypoint_confidence_raw.jpg,ARCHIVE_RND,283282,4933ec5c327ded28a7b6f2d26df8ba8765b1f5f8d2efbcbceaefeca1c210a462,historical or bulk experiment output not used by runtime,,varies,2026-07-29T06:06:57.567175+00:00
out/object_anchor_world/20260722_153154/failures/20260722_153157_728_f000003_keypoint_confidence_overlay.jpg,archive_local/rnd_20260729/outputs/out/object_anchor_world/20260722_153154/failures/20260722_153157_728_f000003_keypoint_confidence_overlay.jpg,ARCHIVE_RND,301101,9d71c833fdc7007ba7e96d79a8cc0ec2d22f73fb32bceed98479d3fb38b2cbfc,historical or bulk experiment output not used by runtime,,varies,2026-07-29T06:06:57.567175+00:00
out/object_anchor_world/20260722_153154/failures/20260722_153157_728_f000003_keypoint_confidence_raw.jpg,archive_local/rnd_20260729/outputs/out/object_anchor_world/20260722_153154/failures/20260722_153157_728_f000003_keypoint_confidence_raw.jpg,ARCHIVE_RND,285120,e4e5cc56c84a1107b68f5cbcf5400c957dbeba54e1d764f7e8cc68e0f816e9f1,historical or bulk experiment output not used by runtime,,varies,2026-07-29T06:06:57.567175+00:00
out/object_anchor_world/20260722_153154/failures/20260722_153158_421_f000007_keypoint_confidence_overlay.jpg,archive_local/rnd_20260729/outputs/out/object_anchor_world/20260722_153154/failures/20260722_153158_421_f000007_keypoint_confidence_overlay.jpg,ARCHIVE_RND,302200,9849d6eb9a87f50984516c9d64f5183e1d580239b43427ac9f05ad920cf6ac01,historical or bulk experiment output not used by runtime,,varies,2026-07-29T06:06:57.567175+00:00
out/object_anchor_world/20260722_153154/failures/20260722_153158_421_f000007_keypoint_confidence_raw.jpg,archive_local/rnd_20260729/outputs/out/object_anchor_world/20260722_153154/failures/20260722_153158_421_f000007_keypoint_confidence_raw.jpg,ARCHIVE_RND,285726,f9350e18b3f306173a8360772cd59ed967dd3f3b0c404a84ba29d3549b78122d,historical or bulk experiment output not used by runtime,,varies,2026-07-29T06:06:57.567175+00:00
out/object_anchor_world/20260722_153154/failures/20260722_153159_514_f000014_keypoint_confidence_overlay.jpg,archive_local/rnd_20260729/outputs/out/object_anchor_world/20260722_153154/failures/20260722_153159_514_f000014_keypoint_confidence_overlay.jpg,ARCHIVE_RND,302867,d99e7106772b46f8a27ff0d9a8b4b4dbe17bd64889622d8d59fcf6df563addaa,historical or bulk experiment output not used by runtime,,varies,2026-07-29T06:06:57.567175+00:00
out/object_anchor_world/20260722_153154/failures/20260722_153159_514_f000014_keypoint_confidence_raw.jpg,archive_local/rnd_20260729/outputs/out/object_anchor_world/20260722_153154/failures/20260722_153159_514_f000014_keypoint_confidence_raw.jpg,ARCHIVE_RND,288276,cbe7fa15d1f4d4ea808ad3042eb4523a9602426ac5dd3929682496d88aa85de9,historical or bulk experiment output not used by runtime,,varies,2026-07-29T06:06:57.567175+00:00
out/object_anchor_world/20260722_153154/failures/20260722_153200_311_f000019_keypoint_confidence_overlay.jpg,archive_local/rnd_20260729/outputs/out/object_anchor_world/20260722_153154/failures/20260722_153200_311_f000019_keypoint_confidence_overlay.jpg,ARCHIVE_RND,307951,895ca850c0e8c462f7ce993ba3cb66dada5bd4e7288c3b33407a7eecf6950249,historical or bulk experiment output not used by runtime,,varies,2026-07-29T06:06:57.567175+00:00
out/object_anchor_world/20260722_153154/failures/20260722_153200_311_f000019_keypoint_confidence_raw.jpg,archive_local/rnd_20260729/outputs/out/object_anchor_world/20260722_153154/failures/20260722_153200_311_f000019_keypoint_confidence_raw.jpg,ARCHIVE_RND,289582,fabb473f2dc68ed15ac3f40dc7c6b80ed0e0be023f14a4b3220374fec0d2b7bc,historical or bulk experiment output not used by runtime,,varies,2026-07-29T06:06:57.567175+00:00
out/object_anchor_world/20260722_153154/failures/20260722_153201_104_f000024_keypoint_confidence_overlay.jpg,archive_local/rnd_20260729/outputs/out/object_anchor_world/20260722_153154/failures/20260722_153201_104_f000024_keypoint_confidence_overlay.jpg,ARCHIVE_RND,305277,bc3588f1159e0e060694d378fbe7cbee789b25bcfc87c12066365d2dd7df7ad8,historical or bulk experiment output not used by runtime,,varies,2026-07-29T06:06:57.567175+00:00
out/object_anchor_world/20260722_153154/failures/20260722_153201_104_f000024_keypoint_confidence_raw.jpg,archive_local/rnd_20260729/outputs/out/object_anchor_world/20260722_153154/failures/20260722_153201_104_f000024_keypoint_confidence_raw.jpg,ARCHIVE_RND,289924,106f905e66c736d4d0b48f6e4c08313e9eef10f0972102fe80e23d1e6dfdd7be,historical or bulk experiment output not used by runtime,,varies,2026-07-29T06:06:57.567175+00:00
out/object_anchor_world/20260722_153154/failures/20260722_153201_604_f000027_keypoint_confidence_overlay.jpg,archive_local/rnd_20260729/outputs/out/object_anchor_world/20260722_153154/failures/20260722_153201_604_f000027_keypoint_confidence_overlay.jpg,ARCHIVE_RND,304683,ef145e1ca9f1a0f99c942415cf46fc7396548aa4d3f888ad3d84807ba78d6f0d,historical or bulk experiment output not used by runtime,,varies,2026-07-29T06:06:57.567175+00:00
out/object_anchor_world/20260722_153154/failures/20260722_153201_604_f000027_keypoint_confidence_raw.jpg,archive_local/rnd_20260729/outputs/out/object_anchor_world/20260722_153154/failures/20260722_153201_604_f000027_keypoint_confidence_raw.jpg,ARCHIVE_RND,289703,a62494e098f8abfd7ba00f28e724ad90333d20b891d3dd37925ff449340f47a5,historical or bulk experiment output not used by runtime,,varies,2026-07-29T06:06:57.567175+00:00
out/object_anchor_world/20260722_153154/failures/20260722_153202_244_f000031_keypoint_confidence_overlay.jpg,archive_local/rnd_20260729/outputs/out/object_anchor_world/20260722_153154/failures/20260722_153202_244_f000031_keypoint_confidence_overlay.jpg,ARCHIVE_RND,303634,57dd7712f4c7d11b490c3aac705ae41e3b9654ab9c4054484e387bbfd99bbb6a,historical or bulk experiment output not used by runtime,,varies,2026-07-29T06:06:57.567175+00:00
out/object_anchor_world/20260722_153154/failures/20260722_153202_244_f000031_keypoint_confidence_raw.jpg,archive_local/rnd_20260729/outputs/out/object_anchor_world/20260722_153154/failures/20260722_153202_244_f000031_keypoint_confidence_raw.jpg,ARCHIVE_RND,287350,d0a9fee104bf02a45db3e5eecd31e98e45b0090ca211d3f653ab482e83216dc7,historical or bulk experiment output not used by runtime,,varies,2026-07-29T06:06:57.567175+00:00
out/object_anchor_world/20260722_153154/failures/20260722_153202_812_f000034_keypoint_confidence_overlay.jpg,archive_local/rnd_20260729/outputs/out/object_anchor_world/20260722_153154/failures/20260722_153202_812_f000034_keypoint_confidence_overlay.jpg,ARCHIVE_RND,304478,1b1b136517cb67cd50b98987fed4e25b280809813b0576a5de06d5512354b845,historical or bulk experiment output not used by runtime,,varies,2026-07-29T06:06:57.567175+00:00
out/object_anchor_world/20260722_153154/failures/20260722_153202_812_f000034_keypoint_confidence_raw.jpg,archive_local/rnd_20260729/outputs/out/object_anchor_world/20260722_153154/failures/20260722_153202_812_f000034_keypoint_confidence_raw.jpg,ARCHIVE_RND,289169,c5148ec2cc12017e00688e9884b3563a0387fe3affc501d7afa571b6a16a77ab,historical or bulk experiment output not used by runtime,,varies,2026-07-29T06:06:57.567175+00:00
out/object_anchor_world/20260722_153154/failures/20260722_153203_460_f000038_keypoint_confidence_overlay.jpg,archive_local/rnd_20260729/outputs/out/object_anchor_world/20260722_153154/failures/20260722_153203_460_f000038_keypoint_confidence_overlay.jpg,ARCHIVE_RND,295946,68a6e99cd927e10dd0e866f641addc21e46cf0895d989a2a0e6b2bcd0499e906,historical or bulk experiment output not used by runtime,,varies,2026-07-29T06:06:57.567175+00:00
out/object_anchor_world/20260722_153154/failures/20260722_153203_460_f000038_keypoint_confidence_raw.jpg,archive_local/rnd_20260729/outputs/out/object_anchor_world/20260722_153154/failures/20260722_153203_460_f000038_keypoint_confidence_raw.jpg,ARCHIVE_RND,280175,8dd4e1b465a8ebd410804fccec56994cb9fa87b7c295f9cf62b36ac6e3f44ce6,historical or bulk experiment output not used by runtime,,varies,2026-07-29T06:06:57.567175+00:00
out/object_anchor_world/20260722_153154/failures/20260722_153204_359_f000044_keypoint_confidence_overlay.jpg,archive_local/rnd_20260729/outputs/out/object_anchor_world/20260722_153154/failures/20260722_153204_359_f000044_keypoint_confidence_overlay.jpg,ARCHIVE_RND,300750,3b4dc02b357e32136275f61754b382c5bd421c2bd873001f4851138496d427ee,historical or bulk experiment output not used by runtime,,varies,2026-07-29T06:06:57.567175+00:00
out/object_anchor_world/20260722_153154/failures/20260722_153204_359_f000044_keypoint_confidence_raw.jpg,archive_local/rnd_20260729/outputs/out/object_anchor_world/20260722_153154/failures/20260722_153204_359_f000044_keypoint_confidence_raw.jpg,ARCHIVE_RND,286706,72d0a6e32c0d5c1a7371fb2ca8c70a39924cd30c18853b5d16ff3bb3b154e4fa,historical or bulk experiment output not used by runtime,,varies,2026-07-29T06:06:57.567175+00:00
out/object_anchor_world/20260722_153154/failures/20260722_153204_972_f000048_keypoint_confidence_overlay.jpg,archive_local/rnd_20260729/outputs/out/object_anchor_world/20260722_153154/failures/20260722_153204_972_f000048_keypoint_confidence_overlay.jpg,ARCHIVE_RND,312216,72cbeee4609b0b5616d08981d7ff886f403d10ac01b9681c9fab93f742b40553,historical or bulk experiment output not used by runtime,,varies,2026-07-29T06:06:57.567175+00:00
out/object_anchor_world/20260722_153154/failures/20260722_153204_972_f000048_keypoint_confidence_raw.jpg,archive_local/rnd_20260729/outputs/out/object_anchor_world/20260722_153154/failures/20260722_153204_972_f000048_keypoint_confidence_raw.jpg,ARCHIVE_RND,298563,dc9893894245b0134e7a3d574fe1820f16c06616e8967587c6b4225c9322799d,historical or bulk experiment output not used by runtime,,varies,2026-07-29T06:06:57.567175+00:00
out/object_anchor_world/20260722_153154/failures/20260722_153205_599_f000052_keypoint_confidence_overlay.jpg,archive_local/rnd_20260729/outputs/out/object_anchor_world/20260722_153154/failures/20260722_153205_599_f000052_keypoint_confidence_overlay.jpg,ARCHIVE_RND,313448,a34fdc409b0fd6be6244a6812ef204a6ecabc3ba38adcb70f2624ceb09600de2,historical or bulk experiment output not used by runtime,,varies,2026-07-29T06:06:57.567175+00:00
out/object_anchor_world/20260722_153154/failures/20260722_153205_599_f000052_keypoint_confidence_raw.jpg,archive_local/rnd_20260729/outputs/out/object_anchor_world/20260722_153154/failures/20260722_153205_599_f000052_keypoint_confidence_raw.jpg,ARCHIVE_RND,299379,81fbaf962fe6c84b2b19741afbb2ed07331bdd7e79b17b628c2555235726d969,historical or bulk experiment output not used by runtime,,varies,2026-07-29T06:06:57.567175+00:00
out/object_anchor_world/20260722_153154/failures/20260722_153206_216_f000056_keypoint_confidence_overlay.jpg,archive_local/rnd_20260729/outputs/out/object_anchor_world/20260722_153154/failures/20260722_153206_216_f000056_keypoint_confidence_overlay.jpg,ARCHIVE_RND,313539,d7dbaabf6b25f52e6084c3e23c4848d0c6c7553e2b361ce27d7cb79173a1b173,historical or bulk experiment output not used by runtime,,varies,2026-07-29T06:06:57.567175+00:00
out/object_anchor_world/20260722_153154/failures/20260722_153206_216_f000056_keypoint_confidence_raw.jpg,archive_local/rnd_20260729/outputs/out/object_anchor_world/20260722_153154/failures/20260722_153206_216_f000056_keypoint_confidence_raw.jpg,ARCHIVE_RND,299814,9eaf7c9785ec15f92932e3f4045e71ca30ecfa89fe08064db5cde28aab90c2e9,historical or bulk experiment output not used by runtime,,varies,2026-07-29T06:06:57.567175+00:00
out/object_anchor_world/20260722_153154/failures/20260722_153206_835_f000060_keypoint_confidence_overlay.jpg,archive_local/rnd_20260729/outputs/out/object_anchor_world/20260722_153154/failures/20260722_153206_835_f000060_keypoint_confidence_overlay.jpg,ARCHIVE_RND,314794,2ca33bba4149a28898885978b228c9eac7e2a3e12ed37a91006f60717bb98bea,historical or bulk experiment output not used by runtime,,varies,2026-07-29T06:06:57.567175+00:00
out/object_anchor_world/20260722_153154/failures/20260722_153206_835_f000060_keypoint_confidence_raw.jpg,archive_local/rnd_20260729/outputs/out/object_anchor_world/20260722_153154/failures/20260722_153206_835_f000060_keypoint_confidence_raw.jpg,ARCHIVE_RND,300326,29f36cbac471688e3538ab0e0615a8fed78f383f784e9bf15373811c5a34be25,historical or bulk experiment output not used by runtime,,varies,2026-07-29T06:06:57.567175+00:00
out/object_anchor_world/20260722_153154/failures/20260722_153207_629_f000065_keypoint_confidence_overlay.jpg,archive_local/rnd_20260729/outputs/out/object_anchor_world/20260722_153154/failures/20260722_153207_629_f000065_keypoint_confidence_overlay.jpg,ARCHIVE_RND,318828,6e953518280dc16c26d7c8823c49042d4ba770414ec814e166e2eb37b13115bf,historical or bulk experiment output not used by runtime,,varies,2026-07-29T06:06:57.567175+00:00
out/object_anchor_world/20260722_153154/failures/20260722_153207_629_f000065_keypoint_confidence_raw.jpg,archive_local/rnd_20260729/outputs/out/object_anchor_world/20260722_153154/failures/20260722_153207_629_f000065_keypoint_confidence_raw.jpg,ARCHIVE_RND,304647,3631703d781175d20cbd29d4788169bffd505a28e6c022feb5ae933fadd06b2f,historical or bulk experiment output not used by runtime,,varies,2026-07-29T06:06:57.567175+00:00
out/object_anchor_world/20260722_153154/failures/20260722_153208_867_f000073_keypoint_confidence_overlay.jpg,archive_local/rnd_20260729/outputs/out/object_anchor_world/20260722_153154/failures/20260722_153208_867_f000073_keypoint_confidence_overlay.jpg,ARCHIVE_RND,317768,badd66c094fc6d8c0b0d1f2990c1eec593d665fddc100a4c14509d8b1fddec2b,historical or bulk experiment output not used by runtime,,varies,2026-07-29T06:06:57.567175+00:00
out/object_anchor_world/20260722_153154/failures/20260722_153208_867_f000073_keypoint_confidence_raw.jpg,archive_local/rnd_20260729/outputs/out/object_anchor_world/20260722_153154/failures/20260722_153208_867_f000073_keypoint_confidence_raw.jpg,ARCHIVE_RND,304631,d98beb92778267daf59791c2b65fc9b693bc2ef3ac71ba667617d24bb4ec4942,historical or bulk experiment output not used by runtime,,varies,2026-07-29T06:06:57.567175+00:00
out/object_anchor_world/20260722_153154/failures/20260722_153209_499_f000077_keypoint_confidence_overlay.jpg,archive_local/rnd_20260729/outputs/out/object_anchor_world/20260722_153154/failures/20260722_153209_499_f000077_keypoint_confidence_overlay.jpg,ARCHIVE_RND,318926,512d7f0190ccbd6787a87745005b2b691ee50698ca41e1485125c23264c052c8,historical or bulk experiment output not used by runtime,,varies,2026-07-29T06:06:57.567175+00:00
out/object_anchor_world/20260722_153154/failures/20260722_153209_499_f000077_keypoint_confidence_raw.jpg,archive_local/rnd_20260729/outputs/out/object_anchor_world/20260722_153154/failures/20260722_153209_499_f000077_keypoint_confidence_raw.jpg,ARCHIVE_RND,304257,41ff2f3f1fcc1051b4dee9f5ebd1a36dd8fbe5784f3da6c81ae4c6b071804b88,historical or bulk experiment output not used by runtime,,varies,2026-07-29T06:06:57.567175+00:00
out/object_anchor_world/20260722_153154/failures/20260722_153210_755_f000085_keypoint_confidence_overlay.jpg,archive_local/rnd_20260729/outputs/out/object_anchor_world/20260722_153154/failures/20260722_153210_755_f000085_keypoint_confidence_overlay.jpg,ARCHIVE_RND,320021,dc374bd7de7c3f906de88c590b37a31f2b60fd8efa5d61e76e5d86a39c17ecd7,historical or bulk experiment output not used by runtime,,varies,2026-07-29T06:06:57.567175+00:00
out/object_anchor_world/20260722_153154/failures/20260722_153210_755_f000085_keypoint_confidence_raw.jpg,archive_local/rnd_20260729/outputs/out/object_anchor_world/20260722_153154/failures/20260722_153210_755_f000085_keypoint_confidence_raw.jpg,ARCHIVE_RND,304334,331a650ef62e4711373acf3cc4cd238ce4af811a87c86fc3481f3ce1c377ef53,historical or bulk experiment output not used by runtime,,varies,2026-07-29T06:06:57.567175+00:00
out/object_anchor_world/20260722_153154/failures/20260722_153211_392_f000089_keypoint_confidence_overlay.jpg,archive_local/rnd_20260729/outputs/out/object_anchor_world/20260722_153154/failures/20260722_153211_392_f000089_keypoint_confidence_overlay.jpg,ARCHIVE_RND,319125,3ba3dfbf858768ca0969d2088fe9d61311f06ee54c7cf9afd4f1393421eae351,historical or bulk experiment output not used by runtime,,varies,2026-07-29T06:06:57.567175+00:00
out/object_anchor_world/20260722_153154/failures/20260722_153211_392_f000089_keypoint_confidence_raw.jpg,archive_local/rnd_20260729/outputs/out/object_anchor_world/20260722_153154/failures/20260722_153211_392_f000089_keypoint_confidence_raw.jpg,ARCHIVE_RND,304924,46a242b74afff0cb58bf0cb42d158c835b8e2f31c9438131bc88623bb4baf406,historical or bulk experiment output not used by runtime,,varies,2026-07-29T06:06:57.567175+00:00
out/object_anchor_world/20260722_153154/failures/20260722_153212_006_f000093_keypoint_confidence_overlay.jpg,archive_local/rnd_20260729/outputs/out/object_anchor_world/20260722_153154/failures/20260722_153212_006_f000093_keypoint_confidence_overlay.jpg,ARCHIVE_RND,319159,94fe420d0c9289d8b858426247f49eab91611b5225823ef5a51e10a152680340,historical or bulk experiment output not used by runtime,,varies,2026-07-29T06:06:57.567175+00:00
out/object_anchor_world/20260722_153154/failures/20260722_153212_006_f000093_keypoint_confidence_raw.jpg,archive_local/rnd_20260729/outputs/out/object_anchor_world/20260722_153154/failures/20260722_153212_006_f000093_keypoint_confidence_raw.jpg,ARCHIVE_RND,304956,3454ad0443093c5ad9be0b4848b6edcbcfef3dd9932ede507889a89ad1f891b7,historical or bulk experiment output not used by runtime,,varies,2026-07-29T06:06:57.567175+00:00
out/object_anchor_world/20260722_153154/failures/20260722_153213_269_f000101_keypoint_confidence_overlay.jpg,archive_local/rnd_20260729/outputs/out/object_anchor_world/20260722_153154/failures/20260722_153213_269_f000101_keypoint_confidence_overlay.jpg,ARCHIVE_RND,320665,0034dcd670e489de917523dbafd2411fcfb0e2dda140762f0ed81d362ddbab06,historical or bulk experiment output not used by runtime,,varies,2026-07-29T06:06:57.567175+00:00
out/object_anchor_world/20260722_153154/failures/20260722_153213_269_f000101_keypoint_confidence_raw.jpg,archive_local/rnd_20260729/outputs/out/object_anchor_world/20260722_153154/failures/20260722_153213_269_f000101_keypoint_confidence_raw.jpg,ARCHIVE_RND,304950,11e685dc40343f3b60418264f19833e7a210858484c11f2287673e13c89753a5,historical or bulk experiment output not used by runtime,,varies,2026-07-29T06:06:57.567175+00:00
out/object_anchor_world/20260722_153154/failures/20260722_153214_185_f000107_keypoint_confidence_overlay.jpg,archive_local/rnd_20260729/outputs/out/object_anchor_world/20260722_153154/failures/20260722_153214_185_f000107_keypoint_confidence_overlay.jpg,ARCHIVE_RND,318553,6583e15ff8ce1d6cef32d86b69d2929bb5d0eca6289456a02b363b2008aeaaad,historical or bulk experiment output not used by runtime,,varies,2026-07-29T06:06:57.567175+00:00
out/object_anchor_world/20260722_153154/failures/20260722_153214_185_f000107_keypoint_confidence_raw.jpg,archive_local/rnd_20260729/outputs/out/object_anchor_world/20260722_153154/failures/20260722_153214_185_f000107_keypoint_confidence_raw.jpg,ARCHIVE_RND,304655,654b90501691fa8d85ed94a687530dc460db7fa841acc7b5e231a8b6f8449201,historical or bulk experiment output not used by runtime,,varies,2026-07-29T06:06:57.567175+00:00
out/object_anchor_world/20260722_153154/failures/20260722_153214_809_f000111_keypoint_confidence_overlay.jpg,archive_local/rnd_20260729/outputs/out/object_anchor_world/20260722_153154/failures/20260722_153214_809_f000111_keypoint_confidence_overlay.jpg,ARCHIVE_RND,318110,f18dafd2c100c8e32314bff1795ea25f420ec46ba1d37d38bdeba30b50a4c9d5,historical or bulk experiment output not used by runtime,,varies,2026-07-29T06:06:57.567175+00:00
out/object_anchor_world/20260722_153154/failures/20260722_153214_809_f000111_keypoint_confidence_raw.jpg,archive_local/rnd_20260729/outputs/out/object_anchor_world/20260722_153154/failures/20260722_153214_809_f000111_keypoint_confidence_raw.jpg,ARCHIVE_RND,303598,754e1d3fa7ad591562e263875c03402f794c5a914f6dfa6dc751c173f39a9fa2,historical or bulk experiment output not used by runtime,,varies,2026-07-29T06:06:57.567175+00:00
out/object_anchor_world/20260722_153154/failures/20260722_153215_443_f000115_keypoint_confidence_overlay.jpg,archive_local/rnd_20260729/outputs/out/object_anchor_world/20260722_153154/failures/20260722_153215_443_f000115_keypoint_confidence_overlay.jpg,ARCHIVE_RND,316130,2b5b77ff8d2277c4c17e6f96bbd099ecd694dfb6b8697c0b5e1fed45fb9de419,historical or bulk experiment output not used by runtime,,varies,2026-07-29T06:06:57.567175+00:00
out/object_anchor_world/20260722_153154/failures/20260722_153215_443_f000115_keypoint_confidence_raw.jpg,archive_local/rnd_20260729/outputs/out/object_anchor_world/20260722_153154/failures/20260722_153215_443_f000115_keypoint_confidence_raw.jpg,ARCHIVE_RND,303950,f23e239aee352895a0a54a5b689e08fe550358a0fcd4ec08de54a1f1e368d5e0,historical or bulk experiment output not used by runtime,,varies,2026-07-29T06:06:57.567175+00:00
out/object_anchor_world/20260722_153154/failures/20260722_153216_221_f000120_keypoint_confidence_overlay.jpg,archive_local/rnd_20260729/outputs/out/object_anchor_world/20260722_153154/failures/20260722_153216_221_f000120_keypoint_confidence_overlay.jpg,ARCHIVE_RND,318194,b666964eea50eb914eba484a49e99d09a0d6c72d73828517b325f733c52dcc52,historical or bulk experiment output not used by runtime,,varies,2026-07-29T06:06:57.567175+00:00
out/object_anchor_world/20260722_153154/failures/20260722_153216_221_f000120_keypoint_confidence_raw.jpg,archive_local/rnd_20260729/outputs/out/object_anchor_world/20260722_153154/failures/20260722_153216_221_f000120_keypoint_confidence_raw.jpg,ARCHIVE_RND,304219,b9fcf7bd409adceef3c812d15e43796facc638973e2d4358b0c02f2c1a6e7340,historical or bulk experiment output not used by runtime,,varies,2026-07-29T06:06:57.567175+00:00
out/object_anchor_world/20260722_153154/failures/20260722_153216_843_f000124_keypoint_confidence_overlay.jpg,archive_local/rnd_20260729/outputs/out/object_anchor_world/20260722_153154/failures/20260722_153216_843_f000124_keypoint_confidence_overlay.jpg,ARCHIVE_RND,320039,ee8d228268ac3462691df2c5ea81333b9b79a1b74775471dd02517f944552e15,historical or bulk experiment output not used by runtime,,varies,2026-07-29T06:06:57.567175+00:00
out/object_anchor_world/20260722_153154/failures/20260722_153216_843_f000124_keypoint_confidence_raw.jpg,archive_local/rnd_20260729/outputs/out/object_anchor_world/20260722_153154/failures/20260722_153216_843_f000124_keypoint_confidence_raw.jpg,ARCHIVE_RND,304381,160852a7afd3218f83b4d30a3adfcae612474bcf0ce8a7d21dd826113c9308db,historical or bulk experiment output not used by runtime,,varies,2026-07-29T06:06:57.567175+00:00
out/object_anchor_world/20260722_153154/failures/20260722_153217_639_f000129_keypoint_confidence_overlay.jpg,archive_local/rnd_20260729/outputs/out/object_anchor_world/20260722_153154/failures/20260722_153217_639_f000129_keypoint_confidence_overlay.jpg,ARCHIVE_RND,317926,b896ee9edf422328b846079adea70f5ada5bd52850077d59bc878716a4b985e2,historical or bulk experiment output not used by runtime,,varies,2026-07-29T06:06:57.567175+00:00
out/object_anchor_world/20260722_153154/failures/20260722_153217_639_f000129_keypoint_confidence_raw.jpg,archive_local/rnd_20260729/outputs/out/object_anchor_world/20260722_153154/failures/20260722_153217_639_f000129_keypoint_confidence_raw.jpg,ARCHIVE_RND,304260,170f2024de89b8e8df3bc2aead560b9fcb637a690f424c6c1113df82af9accb0,historical or bulk experiment output not used by runtime,,varies,2026-07-29T06:06:57.567175+00:00
out/object_anchor_world/20260722_153154/failures/20260722_153218_562_f000135_keypoint_confidence_overlay.jpg,archive_local/rnd_20260729/outputs/out/object_anchor_world/20260722_153154/failures/20260722_153218_562_f000135_keypoint_confidence_overlay.jpg,ARCHIVE_RND,319162,97198b3ad6bd7cd56b58a4c467e5d1485907453901ecdecdab63e59992777ab9,historical or bulk experiment output not used by runtime,,varies,2026-07-29T06:06:57.567175+00:00
out/object_anchor_world/20260722_153154/failures/20260722_153218_562_f000135_keypoint_confidence_raw.jpg,archive_local/rnd_20260729/outputs/out/object_anchor_world/20260722_153154/failures/20260722_153218_562_f000135_keypoint_confidence_raw.jpg,ARCHIVE_RND,304834,58e8813682f2c7cd4700d54bd77074ea2a4b41ce6d9faa97b5f0fc8aabf139c1,historical or bulk experiment output not used by runtime,,varies,2026-07-29T06:06:57.567175+00:00
out/object_anchor_world/20260722_153154/failures/20260722_153219_177_f000139_keypoint_confidence_overlay.jpg,archive_local/rnd_20260729/outputs/out/object_anchor_world/20260722_153154/failures/20260722_153219_177_f000139_keypoint_confidence_overlay.jpg,ARCHIVE_RND,318549,500148f96487c92aced45a59dc15f84420fb5b3a352c80d51ec05a3a8c46b914,historical or bulk experiment output not used by runtime,,varies,2026-07-29T06:06:57.567175+00:00
out/object_anchor_world/20260722_153154/failures/20260722_153219_177_f000139_keypoint_confidence_raw.jpg,archive_local/rnd_20260729/outputs/out/object_anchor_world/20260722_153154/failures/20260722_153219_177_f000139_keypoint_confidence_raw.jpg,ARCHIVE_RND,303857,948f48d63ca041fc3414780be42663fa0aabb9e0d30e7773b61da105ae02369a,historical or bulk experiment output not used by runtime,,varies,2026-07-29T06:06:57.567175+00:00
out/object_anchor_world/20260722_153154/failures/20260722_153219_815_f000143_keypoint_confidence_overlay.jpg,archive_local/rnd_20260729/outputs/out/object_anchor_world/20260722_153154/failures/20260722_153219_815_f000143_keypoint_confidence_overlay.jpg,ARCHIVE_RND,318286,564a673486d6c9171535b72bd34dbaac2139df329255af0120fe441ca30dd76f,historical or bulk experiment output not used by runtime,,varies,2026-07-29T06:06:57.567175+00:00
out/object_anchor_world/20260722_153154/failures/20260722_153219_815_f000143_keypoint_confidence_raw.jpg,archive_local/rnd_20260729/outputs/out/object_anchor_world/20260722_153154/failures/20260722_153219_815_f000143_keypoint_confidence_raw.jpg,ARCHIVE_RND,304053,4adf0f383feda9417089b962bc67e4f839385af030e650228f2be6599e906b21,historical or bulk experiment output not used by runtime,,varies,2026-07-29T06:06:57.567175+00:00
out/object_anchor_world/20260722_153154/failures/20260722_153220_592_f000148_keypoint_confidence_overlay.jpg,archive_local/rnd_20260729/outputs/out/object_anchor_world/20260722_153154/failures/20260722_153220_592_f000148_keypoint_confidence_overlay.jpg,ARCHIVE_RND,317763,faa890c9be195b38046ccc9bfbed86a6c533d7781fff5c0995d5227d9f192dd9,historical or bulk experiment output not used by runtime,,varies,2026-07-29T06:06:57.567175+00:00
out/object_anchor_world/20260722_153154/failures/20260722_153220_592_f000148_keypoint_confidence_raw.jpg,archive_local/rnd_20260729/outputs/out/object_anchor_world/20260722_153154/failures/20260722_153220_592_f000148_keypoint_confidence_raw.jpg,ARCHIVE_RND,304380,4e312fc935a41c29ee49f03ff3a5033e39073c259482360cff73f0b9bf118cee,historical or bulk experiment output not used by runtime,,varies,2026-07-29T06:06:57.567175+00:00
out/object_anchor_world/20260722_153154/failures/20260722_153221_256_f000152_keypoint_confidence_overlay.jpg,archive_local/rnd_20260729/outputs/out/object_anchor_world/20260722_153154/failures/20260722_153221_256_f000152_keypoint_confidence_overlay.jpg,ARCHIVE_RND,317963,8c13f0807e3abf04f0784922fc2ca411d36cddf1d0d268d0b82f77086d5ed6a5,historical or bulk experiment output not used by runtime,,varies,2026-07-29T06:06:57.567175+00:00
out/object_anchor_world/20260722_153154/failures/20260722_153221_256_f000152_keypoint_confidence_raw.jpg,archive_local/rnd_20260729/outputs/out/object_anchor_world/20260722_153154/failures/20260722_153221_256_f000152_keypoint_confidence_raw.jpg,ARCHIVE_RND,304528,366f4c59829d9fc54f1b94d590f8d942bf73621622508983dd7b739686793dc8,historical or bulk experiment output not used by runtime,,varies,2026-07-29T06:06:57.567175+00:00
out/object_anchor_world/20260722_153154/failures/20260722_153221_879_f000156_keypoint_confidence_overlay.jpg,archive_local/rnd_20260729/outputs/out/object_anchor_world/20260722_153154/failures/20260722_153221_879_f000156_keypoint_confidence_overlay.jpg,ARCHIVE_RND,318848,281b7768858da07f661034da992b1441814226ce6091b849e5845b65b3319264,historical or bulk experiment output not used by runtime,,varies,2026-07-29T06:06:57.567175+00:00
out/object_anchor_world/20260722_153154/failures/20260722_153221_879_f000156_keypoint_confidence_raw.jpg,archive_local/rnd_20260729/outputs/out/object_anchor_world/20260722_153154/failures/20260722_153221_879_f000156_keypoint_confidence_raw.jpg,ARCHIVE_RND,304164,0b34aa184611faa8ddab090a3aa44f48a7d61809de87951198d9660c8ad59290,historical or bulk experiment output not used by runtime,,varies,2026-07-29T06:06:57.567175+00:00
out/object_anchor_world/20260722_153154/failures/20260722_153222_833_f000162_keypoint_confidence_overlay.jpg,archive_local/rnd_20260729/outputs/out/object_anchor_world/20260722_153154/failures/20260722_153222_833_f000162_keypoint_confidence_overlay.jpg,ARCHIVE_RND,317806,40b6d1b7d5ca679811de9b26d3e9b27ffe68ffd78f322629a47b4cfa2004487a,historical or bulk experiment output not used by runtime,,varies,2026-07-29T06:06:57.567175+00:00
out/object_anchor_world/20260722_153154/failures/20260722_153222_833_f000162_keypoint_confidence_raw.jpg,archive_local/rnd_20260729/outputs/out/object_anchor_world/20260722_153154/failures/20260722_153222_833_f000162_keypoint_confidence_raw.jpg,ARCHIVE_RND,304244,5d08f87853ee97e8faf7ae19078c546f281b20b43839dc90ab970dc4e60aa7cb,historical or bulk experiment output not used by runtime,,varies,2026-07-29T06:06:57.567175+00:00
out/object_anchor_world/20260722_153154/failures/20260722_153224_550_f000173_keypoint_confidence_overlay.jpg,archive_local/rnd_20260729/outputs/out/object_anchor_world/20260722_153154/failures/20260722_153224_550_f000173_keypoint_confidence_overlay.jpg,ARCHIVE_RND,318262,9df4b5ae042eca54cef3c907ffa25725463ce4938de6f91c86cf2e0dd6c84cfa,historical or bulk experiment output not used by runtime,,varies,2026-07-29T06:06:57.567175+00:00
out/object_anchor_world/20260722_153154/failures/20260722_153224_550_f000173_keypoint_confidence_raw.jpg,archive_local/rnd_20260729/outputs/out/object_anchor_world/20260722_153154/failures/20260722_153224_550_f000173_keypoint_confidence_raw.jpg,ARCHIVE_RND,304352,249f3cfd5cc3b02fa44b2bb942119855a771a7ecf370617b2b7caa5143d6a14f,historical or bulk experiment output not used by runtime,,varies,2026-07-29T06:06:57.567175+00:00
out/object_anchor_world/20260722_153154/failures/20260722_153225_154_f000177_keypoint_confidence_overlay.jpg,archive_local/rnd_20260729/outputs/out/object_anchor_world/20260722_153154/failures/20260722_153225_154_f000177_keypoint_confidence_overlay.jpg,ARCHIVE_RND,318695,a101eed887a870a1ffb62e6f981fb690eb2c3ca3ab22e4f51fae1f0f28e371ed,historical or bulk experiment output not used by runtime,,varies,2026-07-29T06:06:57.567175+00:00
out/object_anchor_world/20260722_153154/failures/20260722_153225_154_f000177_keypoint_confidence_raw.jpg,archive_local/rnd_20260729/outputs/out/object_anchor_world/20260722_153154/failures/20260722_153225_154_f000177_keypoint_confidence_raw.jpg,ARCHIVE_RND,304335,b1ddc1645ff7c2105d6294b73acdb9e8c88349c83e9897f21c6f02944d2316be,historical or bulk experiment output not used by runtime,,varies,2026-07-29T06:06:57.567175+00:00
out/object_anchor_world/20260722_153154/failures/20260722_153225_786_f000181_keypoint_confidence_overlay.jpg,archive_local/rnd_20260729/outputs/out/object_anchor_world/20260722_153154/failures/20260722_153225_786_f000181_keypoint_confidence_overlay.jpg,ARCHIVE_RND,318420,4d910547bb1d4c4807596e4b36fa0e47592103f081099de643c7e078e947ce33,historical or bulk experiment output not used by runtime,,varies,2026-07-29T06:06:57.567175+00:00
out/object_anchor_world/20260722_153154/failures/20260722_153225_786_f000181_keypoint_confidence_raw.jpg,archive_local/rnd_20260729/outputs/out/object_anchor_world/20260722_153154/failures/20260722_153225_786_f000181_keypoint_confidence_raw.jpg,ARCHIVE_RND,303965,5dc87ae6b5764d0c0d27b6fd6a4f3bf31a0d8f5527abd5285cb9dfaac6028906,historical or bulk experiment output not used by runtime,,varies,2026-07-29T06:06:57.567175+00:00
out/object_anchor_world/20260722_153154/failures/20260722_153227_512_f000192_keypoint_confidence_overlay.jpg,archive_local/rnd_20260729/outputs/out/object_anchor_world/20260722_153154/failures/20260722_153227_512_f000192_keypoint_confidence_overlay.jpg,ARCHIVE_RND,316465,4a604024f86f29f36fb056f0a84c4da43d251bcf73008ed8eed8319a536e3ac2,historical or bulk experiment output not used by runtime,,varies,2026-07-29T06:06:57.567175+00:00
out/object_anchor_world/20260722_153154/failures/20260722_153227_512_f000192_keypoint_confidence_raw.jpg,archive_local/rnd_20260729/outputs/out/object_anchor_world/20260722_153154/failures/20260722_153227_512_f000192_keypoint_confidence_raw.jpg,ARCHIVE_RND,304760,bdb8c20e242ed694940f16d3db34f633b2320c0d92ecbd5dd1f7380edbfb5c0a,historical or bulk experiment output not used by runtime,,varies,2026-07-29T06:06:57.567175+00:00
out/object_anchor_world/20260722_153154/failures/20260722_153228_331_f000197_keypoint_confidence_overlay.jpg,archive_local/rnd_20260729/outputs/out/object_anchor_world/20260722_153154/failures/20260722_153228_331_f000197_keypoint_confidence_overlay.jpg,ARCHIVE_RND,317790,db64e9b3d3dd7cbe228753a7986e979846889919ce30897eb25f164c2e7ebdf9,historical or bulk experiment output not used by runtime,,varies,2026-07-29T06:06:57.567175+00:00
out/object_anchor_world/20260722_153154/failures/20260722_153228_331_f000197_keypoint_confidence_raw.jpg,archive_local/rnd_20260729/outputs/out/object_anchor_world/20260722_153154/failures/20260722_153228_331_f000197_keypoint_confidence_raw.jpg,ARCHIVE_RND,304210,c7b9972f02f2834d635574400d6df5d03620525e764dfa16bd50cd1bd35068ec,historical or bulk experiment output not used by runtime,,varies,2026-07-29T06:06:57.567175+00:00
out/object_anchor_world/20260722_153154/failures/20260722_153229_285_f000203_keypoint_confidence_overlay.jpg,archive_local/rnd_20260729/outputs/out/object_anchor_world/20260722_153154/failures/20260722_153229_285_f000203_keypoint_confidence_overlay.jpg,ARCHIVE_RND,319428,5c58130873c1916296d07f7254045098a4fd4dd4b7997165bf111b0ea07dce9a,historical or bulk experiment output not used by runtime,,varies,2026-07-29T06:06:57.567175+00:00
out/object_anchor_world/20260722_153154/failures/20260722_153229_285_f000203_keypoint_confidence_raw.jpg,archive_local/rnd_20260729/outputs/out/object_anchor_world/20260722_153154/failures/20260722_153229_285_f000203_keypoint_confidence_raw.jpg,ARCHIVE_RND,304132,1cfee31d15414bf0ff7ae7f42fee1cbabadbe49e38c7d0da605acf895fd6653d,historical or bulk experiment output not used by runtime,,varies,2026-07-29T06:06:57.567175+00:00
out/object_anchor_world/20260722_153154/failures/20260722_153229_912_f000207_keypoint_confidence_overlay.jpg,archive_local/rnd_20260729/outputs/out/object_anchor_world/20260722_153154/failures/20260722_153229_912_f000207_keypoint_confidence_overlay.jpg,ARCHIVE_RND,318671,fc41205126788803ffaadbe0cc5f95f41e0ab1b33558bbd3eba48242ff164944,historical or bulk experiment output not used by runtime,,varies,2026-07-29T06:06:57.567175+00:00
out/object_anchor_world/20260722_153154/failures/20260722_153229_912_f000207_keypoint_confidence_raw.jpg,archive_local/rnd_20260729/outputs/out/object_anchor_world/20260722_153154/failures/20260722_153229_912_f000207_keypoint_confidence_raw.jpg,ARCHIVE_RND,303264,dff2c72b2dbb273467c49bf04e715691a87f8a08b3f3388b63fe72b421501be1,historical or bulk experiment output not used by runtime,,varies,2026-07-29T06:06:57.567175+00:00
out/object_anchor_world/20260722_153154/failures/20260722_153230_852_f000213_keypoint_confidence_overlay.jpg,archive_local/rnd_20260729/outputs/out/object_anchor_world/20260722_153154/failures/20260722_153230_852_f000213_keypoint_confidence_overlay.jpg,ARCHIVE_RND,318317,393fb4cd69b336420f61ac44bf8e825085c847b1ff9c702bc62695bf0f4dc9d5,historical or bulk experiment output not used by runtime,,varies,2026-07-29T06:06:57.567175+00:00
out/object_anchor_world/20260722_153154/failures/20260722_153230_852_f000213_keypoint_confidence_raw.jpg,archive_local/rnd_20260729/outputs/out/object_anchor_world/20260722_153154/failures/20260722_153230_852_f000213_keypoint_confidence_raw.jpg,ARCHIVE_RND,303994,2601694aed61c020a0e851e3377e8cfdb7373878cd68d884a2e0531249fec1e6,historical or bulk experiment output not used by runtime,,varies,2026-07-29T06:06:57.567175+00:00
out/object_anchor_world/20260722_153154/failures/20260722_153231_476_f000217_keypoint_confidence_overlay.jpg,archive_local/rnd_20260729/outputs/out/object_anchor_world/20260722_153154/failures/20260722_153231_476_f000217_keypoint_confidence_overlay.jpg,ARCHIVE_RND,317797,6158c9f614e10f97ccdbe2bf98ac80b63b70b6af3d3da6fcbbcc0d974c5e4f51,historical or bulk experiment output not used by runtime,,varies,2026-07-29T06:06:57.567175+00:00
out/object_anchor_world/20260722_153154/failures/20260722_153231_476_f000217_keypoint_confidence_raw.jpg,archive_local/rnd_20260729/outputs/out/object_anchor_world/20260722_153154/failures/20260722_153231_476_f000217_keypoint_confidence_raw.jpg,ARCHIVE_RND,303519,8c171a11c5b9d567cb7eb912c6b1aec9df0d5e80ad27f68e9a63bff0a81e7b82,historical or bulk experiment output not used by runtime,,varies,2026-07-29T06:06:57.567175+00:00
out/object_anchor_world/20260722_153154/failures/20260722_153232_234_f000222_keypoint_confidence_overlay.jpg,archive_local/rnd_20260729/outputs/out/object_anchor_world/20260722_153154/failures/20260722_153232_234_f000222_keypoint_confidence_overlay.jpg,ARCHIVE_RND,318130,64c35fbdced29892c931f91a979f7a70f86a0c29ccb3bdcf42e8dfc5a36255b1,historical or bulk experiment output not used by runtime,,varies,2026-07-29T06:06:57.567175+00:00
out/object_anchor_world/20260722_153154/failures/20260722_153232_234_f000222_keypoint_confidence_raw.jpg,archive_local/rnd_20260729/outputs/out/object_anchor_world/20260722_153154/failures/20260722_153232_234_f000222_keypoint_confidence_raw.jpg,ARCHIVE_RND,303768,83a86065e227d6b2ea333919f402298b22d6e062465a93e86a7b69f18bf2d63e,historical or bulk experiment output not used by runtime,,varies,2026-07-29T06:06:57.567175+00:00
out/object_anchor_world/20260722_153154/failures/20260722_153232_853_f000226_keypoint_confidence_overlay.jpg,archive_local/rnd_20260729/outputs/out/object_anchor_world/20260722_153154/failures/20260722_153232_853_f000226_keypoint_confidence_overlay.jpg,ARCHIVE_RND,318309,9fe648da3d7792f062067bce4db694662b7cdb47d82195704bbe2ea4fdde8222,historical or bulk experiment output not used by runtime,,varies,2026-07-29T06:06:57.567175+00:00
out/object_anchor_world/20260722_153154/failures/20260722_153232_853_f000226_keypoint_confidence_raw.jpg,archive_local/rnd_20260729/outputs/out/object_anchor_world/20260722_153154/failures/20260722_153232_853_f000226_keypoint_confidence_raw.jpg,ARCHIVE_RND,303933,0da13c63b6bad9427a19a92e3091ba6a75925f1cb673919119479303125d7044,historical or bulk experiment output not used by runtime,,varies,2026-07-29T06:06:57.567175+00:00
out/object_anchor_world/20260722_153154/failures/20260722_153233_478_f000230_keypoint_confidence_overlay.jpg,archive_local/rnd_20260729/outputs/out/object_anchor_world/20260722_153154/failures/20260722_153233_478_f000230_keypoint_confidence_overlay.jpg,ARCHIVE_RND,318536,7a4dde093643a48215c341519db89e1f11aec1811d9031a31dccfd4cc0540e64,historical or bulk experiment output not used by runtime,,varies,2026-07-29T06:06:57.567175+00:00
out/object_anchor_world/20260722_153154/failures/20260722_153233_478_f000230_keypoint_confidence_raw.jpg,archive_local/rnd_20260729/outputs/out/object_anchor_world/20260722_153154/failures/20260722_153233_478_f000230_keypoint_confidence_raw.jpg,ARCHIVE_RND,303627,b4a35aef5fbd2561e4019941c3d673a1aff9006b1eaa3536007b62976730297a,historical or bulk experiment output not used by runtime,,varies,2026-07-29T06:06:57.567175+00:00
out/object_anchor_world/20260722_153154/failures/20260722_153235_013_f000240_keypoint_confidence_overlay.jpg,archive_local/rnd_20260729/outputs/out/object_anchor_world/20260722_153154/failures/20260722_153235_013_f000240_keypoint_confidence_overlay.jpg,ARCHIVE_RND,317684,253bff59dd335c51d35af2d5fec9c6ef7be074a430841d12d7e6ed2f36acd3a1,historical or bulk experiment output not used by runtime,,varies,2026-07-29T06:06:57.567175+00:00
out/object_anchor_world/20260722_153154/failures/20260722_153235_013_f000240_keypoint_confidence_raw.jpg,archive_local/rnd_20260729/outputs/out/object_anchor_world/20260722_153154/failures/20260722_153235_013_f000240_keypoint_confidence_raw.jpg,ARCHIVE_RND,303414,711798301b8311593715cc7c7e690b9a70aabb60ca263cf5482929393aeb3956,historical or bulk experiment output not used by runtime,,varies,2026-07-29T06:06:57.567175+00:00
out/object_anchor_world/20260722_153154/failures/20260722_153235_638_f000244_keypoint_confidence_overlay.jpg,archive_local/rnd_20260729/outputs/out/object_anchor_world/20260722_153154/failures/20260722_153235_638_f000244_keypoint_confidence_overlay.jpg,ARCHIVE_RND,319995,31c492c39f1bcd25c79d1e2663737e28eff8af04b1a7d175d29c84c2720ecd47,historical or bulk experiment output not used by runtime,,varies,2026-07-29T06:06:57.567175+00:00
out/object_anchor_world/20260722_153154/failures/20260722_153235_638_f000244_keypoint_confidence_raw.jpg,archive_local/rnd_20260729/outputs/out/object_anchor_world/20260722_153154/failures/20260722_153235_638_f000244_keypoint_confidence_raw.jpg,ARCHIVE_RND,304871,a2f4195f9e880289ff16b41f8e346dfe20283fce4f1880be1e12dbffb7c72abe,historical or bulk experiment output not used by runtime,,varies,2026-07-29T06:06:57.567175+00:00
out/object_anchor_world/20260722_153154/failures/20260722_153236_272_f000248_keypoint_confidence_overlay.jpg,archive_local/rnd_20260729/outputs/out/object_anchor_world/20260722_153154/failures/20260722_153236_272_f000248_keypoint_confidence_overlay.jpg,ARCHIVE_RND,318331,7b6ebf5b81ac7057236b933e9b39387e7abd139eb404115c4bbac0aa3e4bbcf9,historical or bulk experiment output not used by runtime,,varies,2026-07-29T06:06:57.567175+00:00
out/object_anchor_world/20260722_153154/failures/20260722_153236_272_f000248_keypoint_confidence_raw.jpg,archive_local/rnd_20260729/outputs/out/object_anchor_world/20260722_153154/failures/20260722_153236_272_f000248_keypoint_confidence_raw.jpg,ARCHIVE_RND,304208,9a3b98c72fcb4dd2780f256bc10dce22903acf9093f2fa53893bd851d793eee6,historical or bulk experiment output not used by runtime,,varies,2026-07-29T06:06:57.567175+00:00
out/object_anchor_world/20260722_153154/failures/20260722_153236_902_f000252_keypoint_confidence_overlay.jpg,archive_local/rnd_20260729/outputs/out/object_anchor_world/20260722_153154/failures/20260722_153236_902_f000252_keypoint_confidence_overlay.jpg,ARCHIVE_RND,318117,992c3202706a1eec26b6ec6f94f1af8f3d6ebb02bb6dbea2214c4d13621d3cde,historical or bulk experiment output not used by runtime,,varies,2026-07-29T06:06:57.567175+00:00
out/object_anchor_world/20260722_153154/failures/20260722_153236_902_f000252_keypoint_confidence_raw.jpg,archive_local/rnd_20260729/outputs/out/object_anchor_world/20260722_153154/failures/20260722_153236_902_f000252_keypoint_confidence_raw.jpg,ARCHIVE_RND,303653,cea17de05d75fc869ddc7257b9d06745493ebdd6c11a9afb073f240417d016a2,historical or bulk experiment output not used by runtime,,varies,2026-07-29T06:06:57.567175+00:00
out/object_anchor_world/20260722_153154/failures/20260722_153237_543_f000256_keypoint_confidence_overlay.jpg,archive_local/rnd_20260729/outputs/out/object_anchor_world/20260722_153154/failures/20260722_153237_543_f000256_keypoint_confidence_overlay.jpg,ARCHIVE_RND,317693,649057fc65632503719a4dd60a4cdf84b552d07432a8baaa0c4062b1cdbb562d,historical or bulk experiment output not used by runtime,,varies,2026-07-29T06:06:57.567175+00:00
out/object_anchor_world/20260722_153154/failures/20260722_153237_543_f000256_keypoint_confidence_raw.jpg,archive_local/rnd_20260729/outputs/out/object_anchor_world/20260722_153154/failures/20260722_153237_543_f000256_keypoint_confidence_raw.jpg,ARCHIVE_RND,303428,607ecaf61139deb5cbc45ae8d2bf28c279ee2e30e41cf4ed520d31709e477c0f,historical or bulk experiment output not used by runtime,,varies,2026-07-29T06:06:57.567175+00:00
out/object_anchor_world/20260722_153154/failures/20260722_153238_640_f000263_keypoint_confidence_overlay.jpg,archive_local/rnd_20260729/outputs/out/object_anchor_world/20260722_153154/failures/20260722_153238_640_f000263_keypoint_confidence_overlay.jpg,ARCHIVE_RND,318376,d37da8e62758b9574f8af846e4f23955455823032bf4a3e838e158bd53cb9587,historical or bulk experiment output not used by runtime,,varies,2026-07-29T06:06:57.567175+00:00
out/object_anchor_world/20260722_153154/failures/20260722_153238_640_f000263_keypoint_confidence_raw.jpg,archive_local/rnd_20260729/outputs/out/object_anchor_world/20260722_153154/failures/20260722_153238_640_f000263_keypoint_confidence_raw.jpg,ARCHIVE_RND,303730,0f7426e3f956eb6ce1e38b758cef4de93c9cf6473a6843b0ce7402aa844c108d,historical or bulk experiment output not used by runtime,,varies,2026-07-29T06:06:57.567175+00:00
out/object_anchor_world/20260722_153154/failures/20260722_153239_261_f000267_keypoint_confidence_overlay.jpg,archive_local/rnd_20260729/outputs/out/object_anchor_world/20260722_153154/failures/20260722_153239_261_f000267_keypoint_confidence_overlay.jpg,ARCHIVE_RND,317972,71da220ad2390f3dee139a07454fdf3433040196e5ba360fa89313a11ba21edd,historical or bulk experiment output not used by runtime,,varies,2026-07-29T06:06:57.567175+00:00
out/object_anchor_world/20260722_153154/failures/20260722_153239_261_f000267_keypoint_confidence_raw.jpg,archive_local/rnd_20260729/outputs/out/object_anchor_world/20260722_153154/failures/20260722_153239_261_f000267_keypoint_confidence_raw.jpg,ARCHIVE_RND,304193,d75ea2a2d4f31e056ba8a37123434342951d1766d777f0f65d9ae453d6267de4,historical or bulk experiment output not used by runtime,,varies,2026-07-29T06:06:57.567175+00:00
out/object_anchor_world/20260722_153154/failures/20260722_153240_536_f000275_keypoint_confidence_overlay.jpg,archive_local/rnd_20260729/outputs/out/object_anchor_world/20260722_153154/failures/20260722_153240_536_f000275_keypoint_confidence_overlay.jpg,ARCHIVE_RND,317513,409e0267025a91f4d7275e7e01a7a8470cf36b0f3bdf7f5966827dfbde4f59a9,historical or bulk experiment output not used by runtime,,varies,2026-07-29T06:06:57.567175+00:00
out/object_anchor_world/20260722_153154/failures/20260722_153240_536_f000275_keypoint_confidence_raw.jpg,archive_local/rnd_20260729/outputs/out/object_anchor_world/20260722_153154/failures/20260722_153240_536_f000275_keypoint_confidence_raw.jpg,ARCHIVE_RND,303672,00e556a5e05dea862528fda26fa0c36040a4b4a2d5c83d416c469641bfdddeff,historical or bulk experiment output not used by runtime,,varies,2026-07-29T06:06:57.567175+00:00
out/object_anchor_world/20260722_153154/failures/20260722_153241_160_f000279_keypoint_confidence_overlay.jpg,archive_local/rnd_20260729/outputs/out/object_anchor_world/20260722_153154/failures/20260722_153241_160_f000279_keypoint_confidence_overlay.jpg,ARCHIVE_RND,317831,76c8fa4f8e93b273cc98c42954b427b3487b37a2501970a166a3441d10912959,historical or bulk experiment output not used by runtime,,varies,2026-07-29T06:06:57.567175+00:00
out/object_anchor_world/20260722_153154/failures/20260722_153241_160_f000279_keypoint_confidence_raw.jpg,archive_local/rnd_20260729/outputs/out/object_anchor_world/20260722_153154/failures/20260722_153241_160_f000279_keypoint_confidence_raw.jpg,ARCHIVE_RND,303529,8516ddb9e5f51e9c5263042d4563a9d7ef7520f724b2e8c04beef19ee1ddc679,historical or bulk experiment output not used by runtime,,varies,2026-07-29T06:06:57.567175+00:00
out/object_anchor_world/20260722_153154/failures/20260722_153241_781_f000283_keypoint_confidence_overlay.jpg,archive_local/rnd_20260729/outputs/out/object_anchor_world/20260722_153154/failures/20260722_153241_781_f000283_keypoint_confidence_overlay.jpg,ARCHIVE_RND,318620,197a96713a01bf8d7a908b9e5d8ef7bb9f3b05fd7f6e5e7465c5371f9879fdc7,historical or bulk experiment output not used by runtime,,varies,2026-07-29T06:06:57.567175+00:00
out/object_anchor_world/20260722_153154/failures/20260722_153241_781_f000283_keypoint_confidence_raw.jpg,archive_local/rnd_20260729/outputs/out/object_anchor_world/20260722_153154/failures/20260722_153241_781_f000283_keypoint_confidence_raw.jpg,ARCHIVE_RND,303593,01db770e78eaa50800dd7661fbbd88d80307104c5f8d2318488aa3cb79f5d69e,historical or bulk experiment output not used by runtime,,varies,2026-07-29T06:06:57.567175+00:00
out/object_anchor_world/20260722_153154/failures/20260722_153242_405_f000287_keypoint_confidence_overlay.jpg,archive_local/rnd_20260729/outputs/out/object_anchor_world/20260722_153154/failures/20260722_153242_405_f000287_keypoint_confidence_overlay.jpg,ARCHIVE_RND,316298,2d2c198d98f7a9880d638313cda84dc72319bfa39f33251a8624b709c44ee1f0,historical or bulk experiment output not used by runtime,,varies,2026-07-29T06:06:57.567175+00:00
out/object_anchor_world/20260722_153154/failures/20260722_153242_405_f000287_keypoint_confidence_raw.jpg,archive_local/rnd_20260729/outputs/out/object_anchor_world/20260722_153154/failures/20260722_153242_405_f000287_keypoint_confidence_raw.jpg,ARCHIVE_RND,304026,cb000729ff519ef42ecc339f1c738a15cd3ebf4c1e0de075751fe69232fd277b,historical or bulk experiment output not used by runtime,,varies,2026-07-29T06:06:57.567175+00:00
out/object_anchor_world/20260722_153154/failures/20260722_153242_905_f000290_keypoint_confidence_overlay.jpg,archive_local/rnd_20260729/outputs/out/object_anchor_world/20260722_153154/failures/20260722_153242_905_f000290_keypoint_confidence_overlay.jpg,ARCHIVE_RND,317659,842d935ca3d517d8671054d59e9a8f062a67cf34d7edc6421e698a3a1736fe37,historical or bulk experiment output not used by runtime,,varies,2026-07-29T06:06:57.567175+00:00
out/object_anchor_world/20260722_153154/failures/20260722_153242_905_f000290_keypoint_confidence_raw.jpg,archive_local/rnd_20260729/outputs/out/object_anchor_world/20260722_153154/failures/20260722_153242_905_f000290_keypoint_confidence_raw.jpg,ARCHIVE_RND,303992,929e421a1fe4b40a7570b2d60e71d5643bda9faeb17ecdb98381a0a2ec6bcebd,historical or bulk experiment output not used by runtime,,varies,2026-07-29T06:06:57.567175+00:00
out/object_anchor_world/20260722_153154/failures/20260722_153243_573_f000294_keypoint_confidence_overlay.jpg,archive_local/rnd_20260729/outputs/out/object_anchor_world/20260722_153154/failures/20260722_153243_573_f000294_keypoint_confidence_overlay.jpg,ARCHIVE_RND,319906,4fbe5a6d8e709aee38f308084b0adf18608966d3000e0b7c95ddd5633f12b149,historical or bulk experiment output not used by runtime,,varies,2026-07-29T06:06:57.567175+00:00
out/object_anchor_world/20260722_153154/failures/20260722_153243_573_f000294_keypoint_confidence_raw.jpg,archive_local/rnd_20260729/outputs/out/object_anchor_world/20260722_153154/failures/20260722_153243_573_f000294_keypoint_confidence_raw.jpg,ARCHIVE_RND,304509,9d4e2aea4ec13dbe13de7d0e3322a4d5e3735fe84d4c9b8d1b50537b12812635,historical or bulk experiment output not used by runtime,,varies,2026-07-29T06:06:57.567175+00:00
out/object_anchor_world/20260722_153154/failures/20260722_153244_202_f000298_keypoint_confidence_overlay.jpg,archive_local/rnd_20260729/outputs/out/object_anchor_world/20260722_153154/failures/20260722_153244_202_f000298_keypoint_confidence_overlay.jpg,ARCHIVE_RND,318258,e8be9d0bd2e908d930fee8139fe41463db314a4f73df21d81f1c4877814d7972,historical or bulk experiment output not used by runtime,,varies,2026-07-29T06:06:57.567175+00:00
out/object_anchor_world/20260722_153154/failures/20260722_153244_202_f000298_keypoint_confidence_raw.jpg,archive_local/rnd_20260729/outputs/out/object_anchor_world/20260722_153154/failures/20260722_153244_202_f000298_keypoint_confidence_raw.jpg,ARCHIVE_RND,303368,7384c3403e4c341f77645ab143a50b4acb64bbe46d40269bc08f9c423e9183d8,historical or bulk experiment output not used by runtime,,varies,2026-07-29T06:06:57.567175+00:00
out/object_anchor_world/20260722_153154/object_anchor_world_frames.csv,archive_local/rnd_20260729/outputs/out/object_anchor_world/20260722_153154/object_anchor_world_frames.csv,ARCHIVE_RND,160558,35eddb0be762d5686d64c522c6981c52336c09ea0d493a66e4e837b28319f322,historical or bulk experiment output not used by runtime,,varies,2026-07-29T06:06:57.567175+00:00
out/object_anchor_world/20260722_153154/object_anchor_world_summary.json,archive_local/rnd_20260729/outputs/out/object_anchor_world/20260722_153154/object_anchor_world_summary.json,ARCHIVE_RND,1759,99a5ef5807fe408c59007f87e01910cee165c9ac053847ffc8f6945ae4c09981,historical or bulk experiment output not used by runtime,,varies,2026-07-29T06:06:57.567175+00:00
out/object_anchor_world/20260722_153154/object_anchor_world_summary_final.json,archive_local/rnd_20260729/outputs/out/object_anchor_world/20260722_153154/object_anchor_world_summary_final.json,ARCHIVE_RND,1748,0d87a88f43f46ab8a99f1faab3ad0c809698933d7c3f8b2a004f5871f124bef8,historical or bulk experiment output not used by runtime,,varies,2026-07-29T06:06:57.567175+00:00
out/object_anchor_world/20260724_131350/failures/20260724_131354_903_f000002_keypoint_confidence_overlay.jpg,archive_local/rnd_20260729/outputs/out/object_anchor_world/20260724_131350/failures/20260724_131354_903_f000002_keypoint_confidence_overlay.jpg,ARCHIVE_RND,250241,45e23907378a4c54ee443595482efc44cebab3cae8bb5675f8ea6ea6b8553424,historical or bulk experiment output not used by runtime,,varies,2026-07-29T06:06:57.567175+00:00
out/object_anchor_world/20260724_131350/failures/20260724_131354_903_f000002_keypoint_confidence_raw.jpg,archive_local/rnd_20260729/outputs/out/object_anchor_world/20260724_131350/failures/20260724_131354_903_f000002_keypoint_confidence_raw.jpg,ARCHIVE_RND,242998,45d952448a6dad277fa65b692f759871624b61b702b62a4941dc63706d52bae1,historical or bulk experiment output not used by runtime,,varies,2026-07-29T06:06:57.567175+00:00
out/object_anchor_world/20260724_131350/failures/20260724_131355_574_f000005_keypoint_confidence_overlay.jpg,archive_local/rnd_20260729/outputs/out/object_anchor_world/20260724_131350/failures/20260724_131355_574_f000005_keypoint_confidence_overlay.jpg,ARCHIVE_RND,263872,e5c85643b951ba5a49c8c6671872c2ff48458b07068791758c47a1e3bce9bb33,historical or bulk experiment output not used by runtime,,varies,2026-07-29T06:06:57.567175+00:00
out/object_anchor_world/20260724_131350/failures/20260724_131355_574_f000005_keypoint_confidence_raw.jpg,archive_local/rnd_20260729/outputs/out/object_anchor_world/20260724_131350/failures/20260724_131355_574_f000005_keypoint_confidence_raw.jpg,ARCHIVE_RND,254748,6b713b25b3569577db4e1c8558395dad6d5197f6d494775d4f2e1316191ca965,historical or bulk experiment output not used by runtime,,varies,2026-07-29T06:06:57.567175+00:00
out/object_anchor_world/20260724_131350/failures/20260724_131356_285_f000008_keypoint_confidence_overlay.jpg,archive_local/rnd_20260729/outputs/out/object_anchor_world/20260724_131350/failures/20260724_131356_285_f000008_keypoint_confidence_overlay.jpg,ARCHIVE_RND,268879,2e88a322706270fb3c281f276d713c76e05a439a7a092bb0e17a58b0a221b1ea,historical or bulk experiment output not used by runtime,,varies,2026-07-29T06:06:57.567175+00:00
out/object_anchor_world/20260724_131350/failures/20260724_131356_285_f000008_keypoint_confidence_raw.jpg,archive_local/rnd_20260729/outputs/out/object_anchor_world/20260724_131350/failures/20260724_131356_285_f000008_keypoint_confidence_raw.jpg,ARCHIVE_RND,260580,18d3906d388e6818890d223b93114feb00f1daa4a9368e6bacfef29f368857b7,historical or bulk experiment output not used by runtime,,varies,2026-07-29T06:06:57.567175+00:00
out/object_anchor_world/20260724_131350/failures/20260724_131356_814_f000010_keypoint_confidence_overlay.jpg,archive_local/rnd_20260729/outputs/out/object_anchor_world/20260724_131350/failures/20260724_131356_814_f000010_keypoint_confidence_overlay.jpg,ARCHIVE_RND,246655,9d77587a3ac1a5a431f6dc00e1f4c898ccea2f546a311fba654b769c343af9ff,historical or bulk experiment output not used by runtime,,varies,2026-07-29T06:06:57.567175+00:00
out/object_anchor_world/20260724_131350/failures/20260724_131356_814_f000010_keypoint_confidence_raw.jpg,archive_local/rnd_20260729/outputs/out/object_anchor_world/20260724_131350/failures/20260724_131356_814_f000010_keypoint_confidence_raw.jpg,ARCHIVE_RND,235613,ded668cd735a8539a36dc1a1090ed6667dd6a04ddef34414e94370cb164eee80,historical or bulk experiment output not used by runtime,,varies,2026-07-29T06:06:57.567175+00:00
out/object_anchor_world/20260724_131350/failures/20260724_131359_365_f000022_keypoint_confidence_overlay.jpg,archive_local/rnd_20260729/outputs/out/object_anchor_world/20260724_131350/failures/20260724_131359_365_f000022_keypoint_confidence_overlay.jpg,ARCHIVE_RND,245172,374fe44175109b9c2d693c1d5106d0d56b696e4fb7860d481b1c5f9d9c4a1f8f,historical or bulk experiment output not used by runtime,,varies,2026-07-29T06:06:57.567175+00:00
out/object_anchor_world/20260724_131350/failures/20260724_131359_365_f000022_keypoint_confidence_raw.jpg,archive_local/rnd_20260729/outputs/out/object_anchor_world/20260724_131350/failures/20260724_131359_365_f000022_keypoint_confidence_raw.jpg,ARCHIVE_RND,234040,c5d93cc7c1b91781c9a713d0c401705654780f8f2963c23e8bd4bf281a062546,historical or bulk experiment output not used by runtime,,varies,2026-07-29T06:06:57.567175+00:00
out/object_anchor_world/20260724_131350/failures/20260724_131401_062_f000030_keypoint_confidence_overlay.jpg,archive_local/rnd_20260729/outputs/out/object_anchor_world/20260724_131350/failures/20260724_131401_062_f000030_keypoint_confidence_overlay.jpg,ARCHIVE_RND,249746,41ae7aedb59f1895cf2e65271442e42229db8c0cfeddca3d49e778666375952b,historical or bulk experiment output not used by runtime,,varies,2026-07-29T06:06:57.567175+00:00
out/object_anchor_world/20260724_131350/failures/20260724_131401_062_f000030_keypoint_confidence_raw.jpg,archive_local/rnd_20260729/outputs/out/object_anchor_world/20260724_131350/failures/20260724_131401_062_f000030_keypoint_confidence_raw.jpg,ARCHIVE_RND,240179,e6104556abd2725b193c40e8184eceb008f9dad6f575e6f037cfc9b9830fe586,historical or bulk experiment output not used by runtime,,varies,2026-07-29T06:06:57.567175+00:00
out/object_anchor_world/20260724_131350/failures/20260724_131401_717_f000033_keypoint_confidence_overlay.jpg,archive_local/rnd_20260729/outputs/out/object_anchor_world/20260724_131350/failures/20260724_131401_717_f000033_keypoint_confidence_overlay.jpg,ARCHIVE_RND,257023,0b00306824710558edd6756d22fc3ae552158518ea9586687bd792779773d2f3,historical or bulk experiment output not used by runtime,,varies,2026-07-29T06:06:57.567175+00:00
out/object_anchor_world/20260724_131350/failures/20260724_131401_717_f000033_keypoint_confidence_raw.jpg,archive_local/rnd_20260729/outputs/out/object_anchor_world/20260724_131350/failures/20260724_131401_717_f000033_keypoint_confidence_raw.jpg,ARCHIVE_RND,246700,55c13cef8d3d24b3c4987e4c2081917bb56c8c321dca0f4170c4e807abe89c04,historical or bulk experiment output not used by runtime,,varies,2026-07-29T06:06:57.567175+00:00
out/object_anchor_world/20260724_131350/failures/20260724_131402_593_f000037_keypoint_confidence_overlay.jpg,archive_local/rnd_20260729/outputs/out/object_anchor_world/20260724_131350/failures/20260724_131402_593_f000037_keypoint_confidence_overlay.jpg,ARCHIVE_RND,259263,5943fd64cd6ff9d2dfa854ed873f2e27ae3cfdb93cc9f8a7f6eaa229f47df357,historical or bulk experiment output not used by runtime,,varies,2026-07-29T06:06:57.567175+00:00
out/object_anchor_world/20260724_131350/failures/20260724_131402_593_f000037_keypoint_confidence_raw.jpg,archive_local/rnd_20260729/outputs/out/object_anchor_world/20260724_131350/failures/20260724_131402_593_f000037_keypoint_confidence_raw.jpg,ARCHIVE_RND,246924,ee1277728c0fffab1cf5f0cc02817894ebcb7e669fc975e15530d436763fa073,historical or bulk experiment output not used by runtime,,varies,2026-07-29T06:06:57.567175+00:00
out/object_anchor_world/20260724_131350/failures/20260724_131403_468_f000041_keypoint_confidence_overlay.jpg,archive_local/rnd_20260729/outputs/out/object_anchor_world/20260724_131350/failures/20260724_131403_468_f000041_keypoint_confidence_overlay.jpg,ARCHIVE_RND,257462,6b9bddfb219bfc9cfe42956a10c5d5aa401cdc697563779a55b8ff8c354e7e50,historical or bulk experiment output not used by runtime,,varies,2026-07-29T06:06:57.567175+00:00
out/object_anchor_world/20260724_131350/failures/20260724_131403_468_f000041_keypoint_confidence_raw.jpg,archive_local/rnd_20260729/outputs/out/object_anchor_world/20260724_131350/failures/20260724_131403_468_f000041_keypoint_confidence_raw.jpg,ARCHIVE_RND,246698,3da8b9ce70655ce06ef6879c70f590bcc65d3387a11b05539cd1a76974657128,historical or bulk experiment output not used by runtime,,varies,2026-07-29T06:06:57.567175+00:00
out/object_anchor_world/20260724_131350/failures/20260724_131404_101_f000044_keypoint_confidence_overlay.jpg,archive_local/rnd_20260729/outputs/out/object_anchor_world/20260724_131350/failures/20260724_131404_101_f000044_keypoint_confidence_overlay.jpg,ARCHIVE_RND,257803,448a5cfcab5b43c05314b0952e4a9b959ab8d5cd46c0d899c0cfc0a6fcd5d1a6,historical or bulk experiment output not used by runtime,,varies,2026-07-29T06:06:57.567175+00:00
out/object_anchor_world/20260724_131350/failures/20260724_131404_101_f000044_keypoint_confidence_raw.jpg,archive_local/rnd_20260729/outputs/out/object_anchor_world/20260724_131350/failures/20260724_131404_101_f000044_keypoint_confidence_raw.jpg,ARCHIVE_RND,246982,792caa2d4bfe25e06c7d7e709d9119a076f8a31b94f26c9c755824fa6b93e51d,historical or bulk experiment output not used by runtime,,varies,2026-07-29T06:06:57.567175+00:00
out/object_anchor_world/20260724_131350/failures/20260724_131404_623_f000047_keypoint_confidence_overlay.jpg,archive_local/rnd_20260729/outputs/out/object_anchor_world/20260724_131350/failures/20260724_131404_623_f000047_keypoint_confidence_overlay.jpg,ARCHIVE_RND,244012,6dc4b4da3dbd79c8a79be3d70375ded8b0cdeed34ac5e0ef13a02028e360893a,historical or bulk experiment output not used by runtime,,varies,2026-07-29T06:06:57.567175+00:00
out/object_anchor_world/20260724_131350/failures/20260724_131404_623_f000047_keypoint_confidence_raw.jpg,archive_local/rnd_20260729/outputs/out/object_anchor_world/20260724_131350/failures/20260724_131404_623_f000047_keypoint_confidence_raw.jpg,ARCHIVE_RND,233585,2357d143ae53a46a2a26489c5ef254413ef4b679e902a8949ff16bd2b7c16729,historical or bulk experiment output not used by runtime,,varies,2026-07-29T06:06:57.567175+00:00
out/object_anchor_world/20260724_131350/failures/20260724_131405_203_f000051_keypoint_confidence_overlay.jpg,archive_local/rnd_20260729/outputs/out/object_anchor_world/20260724_131350/failures/20260724_131405_203_f000051_keypoint_confidence_overlay.jpg,ARCHIVE_RND,261021,e4e977b34154f42d782f21b53f32ab7dfedf4594aedf3668ee63c5bc09e66cb4,historical or bulk experiment output not used by runtime,,varies,2026-07-29T06:06:57.567175+00:00
out/object_anchor_world/20260724_131350/failures/20260724_131405_203_f000051_keypoint_confidence_raw.jpg,archive_local/rnd_20260729/outputs/out/object_anchor_world/20260724_131350/failures/20260724_131405_203_f000051_keypoint_confidence_raw.jpg,ARCHIVE_RND,249676,f8c42df74c946433aa0a7c196704a46fd620554c2006bb78b4851192d93736d5,historical or bulk experiment output not used by runtime,,varies,2026-07-29T06:06:57.567175+00:00
out/object_anchor_world/20260724_131350/failures/20260724_131405_813_f000055_keypoint_confidence_overlay.jpg,archive_local/rnd_20260729/outputs/out/object_anchor_world/20260724_131350/failures/20260724_131405_813_f000055_keypoint_confidence_overlay.jpg,ARCHIVE_RND,264878,3f170493052bea15dd2f90437095c4c8c9d72ea6f3e093a9526a047247fdb3c7,historical or bulk experiment output not used by runtime,,varies,2026-07-29T06:06:57.567175+00:00
out/object_anchor_world/20260724_131350/failures/20260724_131405_813_f000055_keypoint_confidence_raw.jpg,archive_local/rnd_20260729/outputs/out/object_anchor_world/20260724_131350/failures/20260724_131405_813_f000055_keypoint_confidence_raw.jpg,ARCHIVE_RND,254597,53730a69c7857eac584c5ff4851b084845ff077d788a3aa37e58d06b7e068517,historical or bulk experiment output not used by runtime,,varies,2026-07-29T06:06:57.567175+00:00
out/object_anchor_world/20260724_131350/failures/20260724_131406_406_f000059_keypoint_confidence_overlay.jpg,archive_local/rnd_20260729/outputs/out/object_anchor_world/20260724_131350/failures/20260724_131406_406_f000059_keypoint_confidence_overlay.jpg,ARCHIVE_RND,264844,9f7ed0e4b8d57e302e6288df26d706758cd444c096f8c4a9e434e10b508a3c22,historical or bulk experiment output not used by runtime,,varies,2026-07-29T06:06:57.567175+00:00
out/object_anchor_world/20260724_131350/failures/20260724_131406_406_f000059_keypoint_confidence_raw.jpg,archive_local/rnd_20260729/outputs/out/object_anchor_world/20260724_131350/failures/20260724_131406_406_f000059_keypoint_confidence_raw.jpg,ARCHIVE_RND,254679,68c25a2c16bfb756ec55383ad07a621d9488683b130bc90b57f576c199ee095e,historical or bulk experiment output not used by runtime,,varies,2026-07-29T06:06:57.567175+00:00
out/object_anchor_world/20260724_131350/failures/20260724_131407_004_f000063_keypoint_confidence_overlay.jpg,archive_local/rnd_20260729/outputs/out/object_anchor_world/20260724_131350/failures/20260724_131407_004_f000063_keypoint_confidence_overlay.jpg,ARCHIVE_RND,265945,98da3e9a99eb347b3ce073d5a78bcdc7d00803d6fc0f51174ceffcf1df588b9b,historical or bulk experiment output not used by runtime,,varies,2026-07-29T06:06:57.567175+00:00
out/object_anchor_world/20260724_131350/failures/20260724_131407_004_f000063_keypoint_confidence_raw.jpg,archive_local/rnd_20260729/outputs/out/object_anchor_world/20260724_131350/failures/20260724_131407_004_f000063_keypoint_confidence_raw.jpg,ARCHIVE_RND,255049,b070f90a4be6fd9a87f8c3c8b19c4a5c7a9fe98ea87cf061243e8e74d41d2400,historical or bulk experiment output not used by runtime,,varies,2026-07-29T06:06:57.567175+00:00
out/object_anchor_world/20260724_131350/failures/20260724_131407_611_f000067_keypoint_confidence_overlay.jpg,archive_local/rnd_20260729/outputs/out/object_anchor_world/20260724_131350/failures/20260724_131407_611_f000067_keypoint_confidence_overlay.jpg,ARCHIVE_RND,264644,bae557ae9796ee472c034cd90ca79b7eb518ce9946bb61bc185a6ea6f20d6000,historical or bulk experiment output not used by runtime,,varies,2026-07-29T06:06:57.567175+00:00
out/object_anchor_world/20260724_131350/failures/20260724_131407_611_f000067_keypoint_confidence_raw.jpg,archive_local/rnd_20260729/outputs/out/object_anchor_world/20260724_131350/failures/20260724_131407_611_f000067_keypoint_confidence_raw.jpg,ARCHIVE_RND,255001,9c12041d57d750eb18dd3e26822fa9dea83d2feb06fdfae5d6e2385870587f94,historical or bulk experiment output not used by runtime,,varies,2026-07-29T06:06:57.567175+00:00
out/object_anchor_world/20260724_131350/failures/20260724_131408_181_f000071_keypoint_confidence_overlay.jpg,archive_local/rnd_20260729/outputs/out/object_anchor_world/20260724_131350/failures/20260724_131408_181_f000071_keypoint_confidence_overlay.jpg,ARCHIVE_RND,248561,5e6e609aef9ff95be347e22ca56db42b0320e97b554eeac86b8c3a71b94766d4,historical or bulk experiment output not used by runtime,,varies,2026-07-29T06:06:57.567175+00:00
out/object_anchor_world/20260724_131350/failures/20260724_131408_181_f000071_keypoint_confidence_raw.jpg,archive_local/rnd_20260729/outputs/out/object_anchor_world/20260724_131350/failures/20260724_131408_181_f000071_keypoint_confidence_raw.jpg,ARCHIVE_RND,239435,8a3cb803e95d84b8c4c2a6be4220efe92ae42a26fa289c7f90ba075377ec3215,historical or bulk experiment output not used by runtime,,varies,2026-07-29T06:06:57.567175+00:00
out/object_anchor_world/20260724_131350/failures/20260724_131408_762_f000075_keypoint_confidence_overlay.jpg,archive_local/rnd_20260729/outputs/out/object_anchor_world/20260724_131350/failures/20260724_131408_762_f000075_keypoint_confidence_overlay.jpg,ARCHIVE_RND,261456,9aa890e2f9bcb11b4cc101fb254b8d38b594484f3d4d7242a58c123e13add384,historical or bulk experiment output not used by runtime,,varies,2026-07-29T06:06:57.567175+00:00
out/object_anchor_world/20260724_131350/failures/20260724_131408_762_f000075_keypoint_confidence_raw.jpg,archive_local/rnd_20260729/outputs/out/object_anchor_world/20260724_131350/failures/20260724_131408_762_f000075_keypoint_confidence_raw.jpg,ARCHIVE_RND,253667,dd8f455f5874d7d7e69e69a1ee9143914d958641237f621050744c3c46d1012a,historical or bulk experiment output not used by runtime,,varies,2026-07-29T06:06:57.567175+00:00
out/object_anchor_world/20260724_131350/failures/20260724_131409_910_f000083_keypoint_confidence_overlay.jpg,archive_local/rnd_20260729/outputs/out/object_anchor_world/20260724_131350/failures/20260724_131409_910_f000083_keypoint_confidence_overlay.jpg,ARCHIVE_RND,265329,08a52a722b5395a1db5ed5468b0f14fe4d6ec6844e84d7b84dcb2faf2da3fb10,historical or bulk experiment output not used by runtime,,varies,2026-07-29T06:06:57.567175+00:00
out/object_anchor_world/20260724_131350/failures/20260724_131409_910_f000083_keypoint_confidence_raw.jpg,archive_local/rnd_20260729/outputs/out/object_anchor_world/20260724_131350/failures/20260724_131409_910_f000083_keypoint_confidence_raw.jpg,ARCHIVE_RND,248447,26fed48b260512cd93b826924d56b2d7a8e7c0f58aaa35d30c9e35174468ab58,historical or bulk experiment output not used by runtime,,varies,2026-07-29T06:06:57.567175+00:00
out/object_anchor_world/20260724_131350/failures/20260724_131412_034_f000098_keypoint_confidence_overlay.jpg,archive_local/rnd_20260729/outputs/out/object_anchor_world/20260724_131350/failures/20260724_131412_034_f000098_keypoint_confidence_overlay.jpg,ARCHIVE_RND,272146,1fad2241ee5b33288f3409cc411ede70437b7b99edd77ad0c2b4cbecc10adde8,historical or bulk experiment output not used by runtime,,varies,2026-07-29T06:06:57.567175+00:00
out/object_anchor_world/20260724_131350/failures/20260724_131412_034_f000098_keypoint_confidence_raw.jpg,archive_local/rnd_20260729/outputs/out/object_anchor_world/20260724_131350/failures/20260724_131412_034_f000098_keypoint_confidence_raw.jpg,ARCHIVE_RND,253872,52c3a2834323752d3c444f892889d0de32e9968f8e9bb040ab2d63fded07ae95,historical or bulk experiment output not used by runtime,,varies,2026-07-29T06:06:57.567175+00:00
out/object_anchor_world/20260724_131350/failures/20260724_131412_765_f000103_keypoint_confidence_overlay.jpg,archive_local/rnd_20260729/outputs/out/object_anchor_world/20260724_131350/failures/20260724_131412_765_f000103_keypoint_confidence_overlay.jpg,ARCHIVE_RND,268426,34ab1e84c1e288762135407ca6e555c65d701d147941ddd088f61c2b3333460a,historical or bulk experiment output not used by runtime,,varies,2026-07-29T06:06:57.567175+00:00
out/object_anchor_world/20260724_131350/failures/20260724_131412_765_f000103_keypoint_confidence_raw.jpg,archive_local/rnd_20260729/outputs/out/object_anchor_world/20260724_131350/failures/20260724_131412_765_f000103_keypoint_confidence_raw.jpg,ARCHIVE_RND,250124,8872afb36d7d7476706f074034068c8469ef8fb4e9a956a131534a2b5a23eeff,historical or bulk experiment output not used by runtime,,varies,2026-07-29T06:06:57.567175+00:00
out/object_anchor_world/20260724_131350/failures/20260724_131413_358_f000107_keypoint_confidence_overlay.jpg,archive_local/rnd_20260729/outputs/out/object_anchor_world/20260724_131350/failures/20260724_131413_358_f000107_keypoint_confidence_overlay.jpg,ARCHIVE_RND,276004,8e805df84f6915a37fba584a3456ffde7f292146e08c458310d24ed3f1811962,historical or bulk experiment output not used by runtime,,varies,2026-07-29T06:06:57.567175+00:00
out/object_anchor_world/20260724_131350/failures/20260724_131413_358_f000107_keypoint_confidence_raw.jpg,archive_local/rnd_20260729/outputs/out/object_anchor_world/20260724_131350/failures/20260724_131413_358_f000107_keypoint_confidence_raw.jpg,ARCHIVE_RND,257089,9238e564f116975698cbae653128dfa32b5f263d6dce1f8a7621a25cab7e2384,historical or bulk experiment output not used by runtime,,varies,2026-07-29T06:06:57.567175+00:00
out/object_anchor_world/20260724_131350/failures/20260724_131414_075_f000112_keypoint_confidence_overlay.jpg,archive_local/rnd_20260729/outputs/out/object_anchor_world/20260724_131350/failures/20260724_131414_075_f000112_keypoint_confidence_overlay.jpg,ARCHIVE_RND,268564,d60fda14dfb83072bf9c5b3c3491d73d5f87fdf8e027608e39d148fe8dc6d7e9,historical or bulk experiment output not used by runtime,,varies,2026-07-29T06:06:57.567175+00:00
out/object_anchor_world/20260724_131350/failures/20260724_131414_075_f000112_keypoint_confidence_raw.jpg,archive_local/rnd_20260729/outputs/out/object_anchor_world/20260724_131350/failures/20260724_131414_075_f000112_keypoint_confidence_raw.jpg,ARCHIVE_RND,253456,450d36efb2607d3416965fc8a81db122713962add96e6be12e4258a27ab12a7e,historical or bulk experiment output not used by runtime,,varies,2026-07-29T06:06:57.567175+00:00
out/object_anchor_world/20260724_131350/failures/20260724_131415_071_f000119_keypoint_confidence_overlay.jpg,archive_local/rnd_20260729/outputs/out/object_anchor_world/20260724_131350/failures/20260724_131415_071_f000119_keypoint_confidence_overlay.jpg,ARCHIVE_RND,258009,affd82df0cfc420d1650c05fbb3942917df5b881804b3c60c79bcec1c4d650ce,historical or bulk experiment output not used by runtime,,varies,2026-07-29T06:06:57.567175+00:00
out/object_anchor_world/20260724_131350/failures/20260724_131415_071_f000119_keypoint_confidence_raw.jpg,archive_local/rnd_20260729/outputs/out/object_anchor_world/20260724_131350/failures/20260724_131415_071_f000119_keypoint_confidence_raw.jpg,ARCHIVE_RND,249950,03e276601a7942663f3c142a160d7d96f8a5e0069b3d468b5538f3716d8bdb7a,historical or bulk experiment output not used by runtime,,varies,2026-07-29T06:06:57.567175+00:00
out/object_anchor_world/20260724_131350/failures/20260724_131415_634_f000123_keypoint_confidence_overlay.jpg,archive_local/rnd_20260729/outputs/out/object_anchor_world/20260724_131350/failures/20260724_131415_634_f000123_keypoint_confidence_overlay.jpg,ARCHIVE_RND,269942,e4057cee2e0fd6a6cfe1a88ddf6ea0cb807363a8fe8d912e878d397172bf59e9,historical or bulk experiment output not used by runtime,,varies,2026-07-29T06:06:57.567175+00:00
out/object_anchor_world/20260724_131350/failures/20260724_131415_634_f000123_keypoint_confidence_raw.jpg,archive_local/rnd_20260729/outputs/out/object_anchor_world/20260724_131350/failures/20260724_131415_634_f000123_keypoint_confidence_raw.jpg,ARCHIVE_RND,254257,3eb54f186867bdd8598ff515d708bd883157d1b125f3c8837363089d8e2cfe70,historical or bulk experiment output not used by runtime,,varies,2026-07-29T06:06:57.567175+00:00
out/object_anchor_world/20260724_131350/failures/20260724_131416_217_f000127_keypoint_confidence_overlay.jpg,archive_local/rnd_20260729/outputs/out/object_anchor_world/20260724_131350/failures/20260724_131416_217_f000127_keypoint_confidence_overlay.jpg,ARCHIVE_RND,268565,6d3383c18993439227ff1eb15e1868a166453bf9cce6fd4e82d1197253ec2091,historical or bulk experiment output not used by runtime,,varies,2026-07-29T06:06:57.567175+00:00
out/object_anchor_world/20260724_131350/failures/20260724_131416_217_f000127_keypoint_confidence_raw.jpg,archive_local/rnd_20260729/outputs/out/object_anchor_world/20260724_131350/failures/20260724_131416_217_f000127_keypoint_confidence_raw.jpg,ARCHIVE_RND,252241,3aac5006b9a66a5085ebe68dde2671992f15967ed9d3abbc5691d4e1c4ebbfd8,historical or bulk experiment output not used by runtime,,varies,2026-07-29T06:06:57.567175+00:00
out/object_anchor_world/20260724_131350/failures/20260724_131420_039_f000154_keypoint_confidence_overlay.jpg,archive_local/rnd_20260729/outputs/out/object_anchor_world/20260724_131350/failures/20260724_131420_039_f000154_keypoint_confidence_overlay.jpg,ARCHIVE_RND,256779,3b280115889024809afead8365e71115959564fc1a8cf2e5997adaacce8a728c,historical or bulk experiment output not used by runtime,,varies,2026-07-29T06:06:57.567175+00:00
out/object_anchor_world/20260724_131350/failures/20260724_131420_039_f000154_keypoint_confidence_raw.jpg,archive_local/rnd_20260729/outputs/out/object_anchor_world/20260724_131350/failures/20260724_131420_039_f000154_keypoint_confidence_raw.jpg,ARCHIVE_RND,248601,e16708189d57cfdd199300915049422f9da44ec2046124f5bcd01c1e1895ae56,historical or bulk experiment output not used by runtime,,varies,2026-07-29T06:06:57.567175+00:00
out/object_anchor_world/20260724_131350/failures/20260724_131420_902_f000160_keypoint_confidence_overlay.jpg,archive_local/rnd_20260729/outputs/out/object_anchor_world/20260724_131350/failures/20260724_131420_902_f000160_keypoint_confidence_overlay.jpg,ARCHIVE_RND,257348,3a91a6ae4c9cb954f8e0dc11ad28c2ac463f9ed649669bd4bfc535977201b217,historical or bulk experiment output not used by runtime,,varies,2026-07-29T06:06:57.567175+00:00
out/object_anchor_world/20260724_131350/failures/20260724_131420_902_f000160_keypoint_confidence_raw.jpg,archive_local/rnd_20260729/outputs/out/object_anchor_world/20260724_131350/failures/20260724_131420_902_f000160_keypoint_confidence_raw.jpg,ARCHIVE_RND,248944,067191010ebe3d7ee6d123afc3988761f732a25a809a425fe94118b616defee4,historical or bulk experiment output not used by runtime,,varies,2026-07-29T06:06:57.567175+00:00
out/object_anchor_world/20260724_131350/failures/20260724_131427_258_f000205_keypoint_confidence_overlay.jpg,archive_local/rnd_20260729/outputs/out/object_anchor_world/20260724_131350/failures/20260724_131427_258_f000205_keypoint_confidence_overlay.jpg,ARCHIVE_RND,258156,e8a595ca80fcf4d9c0e783662b2befb2806e0169bd370456383bc160e5c5da59,historical or bulk experiment output not used by runtime,,varies,2026-07-29T06:06:57.567175+00:00
out/object_anchor_world/20260724_131350/failures/20260724_131427_258_f000205_keypoint_confidence_raw.jpg,archive_local/rnd_20260729/outputs/out/object_anchor_world/20260724_131350/failures/20260724_131427_258_f000205_keypoint_confidence_raw.jpg,ARCHIVE_RND,250516,ba62489acf445681bbce81ac15ec4d930205cc976d11e70ad2e1f734da6e2766,historical or bulk experiment output not used by runtime,,varies,2026-07-29T06:06:57.567175+00:00
out/object_anchor_world/20260724_131350/failures/20260724_131428_817_f000216_keypoint_confidence_overlay.jpg,archive_local/rnd_20260729/outputs/out/object_anchor_world/20260724_131350/failures/20260724_131428_817_f000216_keypoint_confidence_overlay.jpg,ARCHIVE_RND,258934,1872eb358e34fe71bc8dcf89fa68e7495f52e2ff4b5d9d71304187caee01d08f,historical or bulk experiment output not used by runtime,,varies,2026-07-29T06:06:57.567175+00:00
out/object_anchor_world/20260724_131350/failures/20260724_131428_817_f000216_keypoint_confidence_raw.jpg,archive_local/rnd_20260729/outputs/out/object_anchor_world/20260724_131350/failures/20260724_131428_817_f000216_keypoint_confidence_raw.jpg,ARCHIVE_RND,249928,aad9e4b06c22189067e2aafe5478ce781372856a6f8bebc565c941a1ab86eeb6,historical or bulk experiment output not used by runtime,,varies,2026-07-29T06:06:57.567175+00:00
out/object_anchor_world/20260724_131350/failures/20260724_131429_835_f000223_keypoint_confidence_overlay.jpg,archive_local/rnd_20260729/outputs/out/object_anchor_world/20260724_131350/failures/20260724_131429_835_f000223_keypoint_confidence_overlay.jpg,ARCHIVE_RND,257626,a9759555af7293c890ca0443e6b94f5cc4db30b635d67c513f109aeccc444db1,historical or bulk experiment output not used by runtime,,varies,2026-07-29T06:06:57.567175+00:00
out/object_anchor_world/20260724_131350/failures/20260724_131429_835_f000223_keypoint_confidence_raw.jpg,archive_local/rnd_20260729/outputs/out/object_anchor_world/20260724_131350/failures/20260724_131429_835_f000223_keypoint_confidence_raw.jpg,ARCHIVE_RND,248570,e38edf99ba3bb899e2904651120bd2b9684588640f422da84b3a0f15c8b0fc94,historical or bulk experiment output not used by runtime,,varies,2026-07-29T06:06:57.567175+00:00
out/object_anchor_world/20260724_131350/failures/20260724_131430_420_f000227_keypoint_confidence_overlay.jpg,archive_local/rnd_20260729/outputs/out/object_anchor_world/20260724_131350/failures/20260724_131430_420_f000227_keypoint_confidence_overlay.jpg,ARCHIVE_RND,258040,74c486d751b59e735991dfcd8808adfc2dcbfb0cc5aeb2558b4df320cd179bbf,historical or bulk experiment output not used by runtime,,varies,2026-07-29T06:06:57.567175+00:00
out/object_anchor_world/20260724_131350/failures/20260724_131430_420_f000227_keypoint_confidence_raw.jpg,archive_local/rnd_20260729/outputs/out/object_anchor_world/20260724_131350/failures/20260724_131430_420_f000227_keypoint_confidence_raw.jpg,ARCHIVE_RND,250080,6a2788e3651d6188664aebb18cbe969f8b28b8cd2440d2fab7cc7c4ac500af59,historical or bulk experiment output not used by runtime,,varies,2026-07-29T06:06:57.567175+00:00
out/object_anchor_world/20260724_131350/failures/20260724_131437_323_f000276_keypoint_confidence_overlay.jpg,archive_local/rnd_20260729/outputs/out/object_anchor_world/20260724_131350/failures/20260724_131437_323_f000276_keypoint_confidence_overlay.jpg,ARCHIVE_RND,257481,673adb8c48aee36e675371445bd3a647ee08e0332417b476d373c631046d8da4,historical or bulk experiment output not used by runtime,,varies,2026-07-29T06:06:57.567175+00:00
out/object_anchor_world/20260724_131350/failures/20260724_131437_323_f000276_keypoint_confidence_raw.jpg,archive_local/rnd_20260729/outputs/out/object_anchor_world/20260724_131350/failures/20260724_131437_323_f000276_keypoint_confidence_raw.jpg,ARCHIVE_RND,249248,ff70080339903c1a43cd34a591fba06e0761f883018648db852df9568e84b88e,historical or bulk experiment output not used by runtime,,varies,2026-07-29T06:06:57.567175+00:00
out/object_anchor_world/20260724_131350/failures/20260724_131438_763_f000286_keypoint_confidence_overlay.jpg,archive_local/rnd_20260729/outputs/out/object_anchor_world/20260724_131350/failures/20260724_131438_763_f000286_keypoint_confidence_overlay.jpg,ARCHIVE_RND,259612,558cbb0c91f78c13fd1b77fb58652d3a8b9c5e4e783850198198ffd998b4a4f8,historical or bulk experiment output not used by runtime,,varies,2026-07-29T06:06:57.567175+00:00
out/object_anchor_world/20260724_131350/failures/20260724_131438_763_f000286_keypoint_confidence_raw.jpg,archive_local/rnd_20260729/outputs/out/object_anchor_world/20260724_131350/failures/20260724_131438_763_f000286_keypoint_confidence_raw.jpg,ARCHIVE_RND,250302,b8d4395edf40cdc3331311dbee8eb730da9f9e88d5e396dcaad782da5bb83b6e,historical or bulk experiment output not used by runtime,,varies,2026-07-29T06:06:57.567175+00:00
out/object_anchor_world/20260724_131350/failures/20260724_131440_173_f000296_keypoint_confidence_overlay.jpg,archive_local/rnd_20260729/outputs/out/object_anchor_world/20260724_131350/failures/20260724_131440_173_f000296_keypoint_confidence_overlay.jpg,ARCHIVE_RND,259781,e691621ad4106e3f70d769c09f781951913b02180995ba66727baa0e59f4a28e,historical or bulk experiment output not used by runtime,,varies,2026-07-29T06:06:57.567175+00:00
out/object_anchor_world/20260724_131350/failures/20260724_131440_173_f000296_keypoint_confidence_raw.jpg,archive_local/rnd_20260729/outputs/out/object_anchor_world/20260724_131350/failures/20260724_131440_173_f000296_keypoint_confidence_raw.jpg,ARCHIVE_RND,251206,2635463cf30394c4244d9641185e27e6623768d6068291941e487db1c5e08664,historical or bulk experiment output not used by runtime,,varies,2026-07-29T06:06:57.567175+00:00
out/object_anchor_world/20260724_131350/object_anchor_world_frames.csv,archive_local/rnd_20260729/outputs/out/object_anchor_world/20260724_131350/object_anchor_world_frames.csv,ARCHIVE_RND,123010,678d198ada49ff794eb83c75bf82a4401fe426dba8e54bed7e2ecbc00341eab1,historical or bulk experiment output not used by runtime,,varies,2026-07-29T06:06:57.567175+00:00
out/object_anchor_world/20260724_131350/object_anchor_world_summary.json,archive_local/rnd_20260729/outputs/out/object_anchor_world/20260724_131350/object_anchor_world_summary.json,ARCHIVE_RND,1754,71827daeccc7a298a618d2e71dc48d32f605a026df9d2669082728cb474a8387,historical or bulk experiment output not used by runtime,,varies,2026-07-29T06:06:57.567175+00:00
out/object_anchor_world/20260724_131350/object_anchor_world_summary_final.json,archive_local/rnd_20260729/outputs/out/object_anchor_world/20260724_131350/object_anchor_world_summary_final.json,ARCHIVE_RND,1806,93d828a936c9c96c8fd07bb979693385bcf3f7e85c42493943eacf85cd721657,historical or bulk experiment output not used by runtime,,varies,2026-07-29T06:06:57.567175+00:00
out/object_anchor_world/20260726_073433/failures/20260726_073436_560_f000003_reprojection_error_overlay.jpg,archive_local/rnd_20260729/outputs/out/object_anchor_world/20260726_073433/failures/20260726_073436_560_f000003_reprojection_error_overlay.jpg,ARCHIVE_RND,315082,ec214f8140b82b1f14a8f8446844b9e15a7c58db3ce85f4104f2eed05f10b0a0,historical or bulk experiment output not used by runtime,,varies,2026-07-29T06:06:57.567175+00:00
out/object_anchor_world/20260726_073433/failures/20260726_073436_560_f000003_reprojection_error_raw.jpg,archive_local/rnd_20260729/outputs/out/object_anchor_world/20260726_073433/failures/20260726_073436_560_f000003_reprojection_error_raw.jpg,ARCHIVE_RND,297031,b5afea617609ba7d2b9a8033680b74881cbaa3c5073fa2c57c519a98cdc5ad15,historical or bulk experiment output not used by runtime,,varies,2026-07-29T06:06:57.567175+00:00
out/object_anchor_world/20260726_073433/failures/20260726_073437_208_f000007_reprojection_error_overlay.jpg,archive_local/rnd_20260729/outputs/out/object_anchor_world/20260726_073433/failures/20260726_073437_208_f000007_reprojection_error_overlay.jpg,ARCHIVE_RND,299356,92d2348d5b023c1945a4057f469969c86d73c8c264e6b9c54104563c92e303c6,historical or bulk experiment output not used by runtime,,varies,2026-07-29T06:06:57.567175+00:00
out/object_anchor_world/20260726_073433/failures/20260726_073437_208_f000007_reprojection_error_raw.jpg,archive_local/rnd_20260729/outputs/out/object_anchor_world/20260726_073433/failures/20260726_073437_208_f000007_reprojection_error_raw.jpg,ARCHIVE_RND,279286,611888c1a215dc0988bfa33604aebaa095b3abca1c16e3d93b5a03d11b3b4017,historical or bulk experiment output not used by runtime,,varies,2026-07-29T06:06:57.567175+00:00
out/object_anchor_world/20260726_073433/failures/20260726_073437_797_f000010_reprojection_error_overlay.jpg,archive_local/rnd_20260729/outputs/out/object_anchor_world/20260726_073433/failures/20260726_073437_797_f000010_reprojection_error_overlay.jpg,ARCHIVE_RND,299317,bfd8851691341593ea4b69cf30e607ef129e9b6c7ac814aa058da6862244e4b7,historical or bulk experiment output not used by runtime,,varies,2026-07-29T06:06:57.567175+00:00
out/object_anchor_world/20260726_073433/failures/20260726_073437_797_f000010_reprojection_error_raw.jpg,archive_local/rnd_20260729/outputs/out/object_anchor_world/20260726_073433/failures/20260726_073437_797_f000010_reprojection_error_raw.jpg,ARCHIVE_RND,277532,439bf43c7bd14199ea5df602536866adadacf3752248bc2061de4233ee72f4e2,historical or bulk experiment output not used by runtime,,varies,2026-07-29T06:06:57.567175+00:00
out/object_anchor_world/20260726_073433/failures/20260726_073438_545_f000014_keypoint_confidence_overlay.jpg,archive_local/rnd_20260729/outputs/out/object_anchor_world/20260726_073433/failures/20260726_073438_545_f000014_keypoint_confidence_overlay.jpg,ARCHIVE_RND,301372,a1c4bd311c2e350a3c9087636ab2f714060efaa608102b3e10d7a2c2a697cd47,historical or bulk experiment output not used by runtime,,varies,2026-07-29T06:06:57.567175+00:00
out/object_anchor_world/20260726_073433/failures/20260726_073438_545_f000014_keypoint_confidence_raw.jpg,archive_local/rnd_20260729/outputs/out/object_anchor_world/20260726_073433/failures/20260726_073438_545_f000014_keypoint_confidence_raw.jpg,ARCHIVE_RND,282723,0efa245c906e1f82cc572dddf48fc592714a7cba0f56a493690a2dd8cfca30c2,historical or bulk experiment output not used by runtime,,varies,2026-07-29T06:06:57.567175+00:00
out/object_anchor_world/20260726_073433/failures/20260726_073438_857_f000016_reprojection_error_overlay.jpg,archive_local/rnd_20260729/outputs/out/object_anchor_world/20260726_073433/failures/20260726_073438_857_f000016_reprojection_error_overlay.jpg,ARCHIVE_RND,300122,043a1f4d93e2612affd8f57e85515e7214bf5aeaf06f97ec07caf21e321cbb0b,historical or bulk experiment output not used by runtime,,varies,2026-07-29T06:06:57.567175+00:00
out/object_anchor_world/20260726_073433/failures/20260726_073438_857_f000016_reprojection_error_raw.jpg,archive_local/rnd_20260729/outputs/out/object_anchor_world/20260726_073433/failures/20260726_073438_857_f000016_reprojection_error_raw.jpg,ARCHIVE_RND,278561,cd012c1236c288450c09bbefcc1d3e1f32b32fcd9ac94f693c0ff17ef5af91c2,historical or bulk experiment output not used by runtime,,varies,2026-07-29T06:06:57.567175+00:00
out/object_anchor_world/20260726_073433/failures/20260726_073439_447_f000019_reprojection_error_overlay.jpg,archive_local/rnd_20260729/outputs/out/object_anchor_world/20260726_073433/failures/20260726_073439_447_f000019_reprojection_error_overlay.jpg,ARCHIVE_RND,303898,4ca190d727ce87fc0819db5ec1a87dd3dd807d5d6afe6911a3ac6405c5001480,historical or bulk experiment output not used by runtime,,varies,2026-07-29T06:06:57.567175+00:00
out/object_anchor_world/20260726_073433/failures/20260726_073439_447_f000019_reprojection_error_raw.jpg,archive_local/rnd_20260729/outputs/out/object_anchor_world/20260726_073433/failures/20260726_073439_447_f000019_reprojection_error_raw.jpg,ARCHIVE_RND,281121,f6d9c54fd8ece1ed8211e53abb0cec5481d980c7632fdf5e8bb750e1b5590795,historical or bulk experiment output not used by runtime,,varies,2026-07-29T06:06:57.567175+00:00
out/object_anchor_world/20260726_073433/failures/20260726_073439_957_f000022_reprojection_error_overlay.jpg,archive_local/rnd_20260729/outputs/out/object_anchor_world/20260726_073433/failures/20260726_073439_957_f000022_reprojection_error_overlay.jpg,ARCHIVE_RND,303103,718d4abff4d6f1289d695646c9bc0fa1ccdcb575ec1821a94d6a41d24a9ed8bd,historical or bulk experiment output not used by runtime,,varies,2026-07-29T06:06:57.567175+00:00
out/object_anchor_world/20260726_073433/failures/20260726_073439_957_f000022_reprojection_error_raw.jpg,archive_local/rnd_20260729/outputs/out/object_anchor_world/20260726_073433/failures/20260726_073439_957_f000022_reprojection_error_raw.jpg,ARCHIVE_RND,280312,ce2b063e5439659562ebbaa6f84cf5aa338c669984aeb99871349c35733f1621,historical or bulk experiment output not used by runtime,,varies,2026-07-29T06:06:57.567175+00:00
out/object_anchor_world/20260726_073433/failures/20260726_073440_535_f000025_reprojection_error_overlay.jpg,archive_local/rnd_20260729/outputs/out/object_anchor_world/20260726_073433/failures/20260726_073440_535_f000025_reprojection_error_overlay.jpg,ARCHIVE_RND,302047,48b6c4cbbe13c57d95f1f39dc195a139a4dfdcdab6eef9f247138e34f78d20df,historical or bulk experiment output not used by runtime,,varies,2026-07-29T06:06:57.567175+00:00
out/object_anchor_world/20260726_073433/failures/20260726_073440_535_f000025_reprojection_error_raw.jpg,archive_local/rnd_20260729/outputs/out/object_anchor_world/20260726_073433/failures/20260726_073440_535_f000025_reprojection_error_raw.jpg,ARCHIVE_RND,279379,4d7af6765b00ec718a839824432a9ff29c27f0275ca9cdb3922baef8a5dd3203,historical or bulk experiment output not used by runtime,,varies,2026-07-29T06:06:57.567175+00:00
out/object_anchor_world/20260726_073433/failures/20260726_073441_232_f000029_reprojection_error_overlay.jpg,archive_local/rnd_20260729/outputs/out/object_anchor_world/20260726_073433/failures/20260726_073441_232_f000029_reprojection_error_overlay.jpg,ARCHIVE_RND,300052,8cf60acec4df00990b30b032ba9dffc8ba12c61a4a8507c217077358a17d6e86,historical or bulk experiment output not used by runtime,,varies,2026-07-29T06:06:57.567175+00:00
out/object_anchor_world/20260726_073433/failures/20260726_073441_232_f000029_reprojection_error_raw.jpg,archive_local/rnd_20260729/outputs/out/object_anchor_world/20260726_073433/failures/20260726_073441_232_f000029_reprojection_error_raw.jpg,ARCHIVE_RND,277684,c648ffc8b5ee3cb94b1f087dce5e29a74c54649d9c61d23bd728f88216342a8f,historical or bulk experiment output not used by runtime,,varies,2026-07-29T06:06:57.567175+00:00
out/object_anchor_world/20260726_073433/failures/20260726_073441_916_f000033_reprojection_error_overlay.jpg,archive_local/rnd_20260729/outputs/out/object_anchor_world/20260726_073433/failures/20260726_073441_916_f000033_reprojection_error_overlay.jpg,ARCHIVE_RND,300399,982880126b17162587713325d066e5a134eff154dadfc2a25b7d8cc0b07afe37,historical or bulk experiment output not used by runtime,,varies,2026-07-29T06:06:57.567175+00:00
out/object_anchor_world/20260726_073433/failures/20260726_073441_916_f000033_reprojection_error_raw.jpg,archive_local/rnd_20260729/outputs/out/object_anchor_world/20260726_073433/failures/20260726_073441_916_f000033_reprojection_error_raw.jpg,ARCHIVE_RND,278321,048c39dcce41cf5262f5a793ca2eed8c3b7597318e57167e83c791257cca4437,historical or bulk experiment output not used by runtime,,varies,2026-07-29T06:06:57.567175+00:00
out/object_anchor_world/20260726_073433/failures/20260726_073442_766_f000038_reprojection_error_overlay.jpg,archive_local/rnd_20260729/outputs/out/object_anchor_world/20260726_073433/failures/20260726_073442_766_f000038_reprojection_error_overlay.jpg,ARCHIVE_RND,299712,5d7e847ae39272e559ee29e9c4d0b23c406fc787c4eed0d4ba8c27a72c0b043f,historical or bulk experiment output not used by runtime,,varies,2026-07-29T06:06:57.567175+00:00
out/object_anchor_world/20260726_073433/failures/20260726_073442_766_f000038_reprojection_error_raw.jpg,archive_local/rnd_20260729/outputs/out/object_anchor_world/20260726_073433/failures/20260726_073442_766_f000038_reprojection_error_raw.jpg,ARCHIVE_RND,278272,2f32beb9c1fc36d47826129bc0ebb314939b98c7bf4ef550eeb0dba994e094e5,historical or bulk experiment output not used by runtime,,varies,2026-07-29T06:06:57.567175+00:00
out/object_anchor_world/20260726_073433/failures/20260726_073443_491_f000042_reprojection_error_overlay.jpg,archive_local/rnd_20260729/outputs/out/object_anchor_world/20260726_073433/failures/20260726_073443_491_f000042_reprojection_error_overlay.jpg,ARCHIVE_RND,300528,6cfbd408a8e225587e9971ad9cd6ca4b025c9bf17d6ffdccd3f52d763b05609d,historical or bulk experiment output not used by runtime,,varies,2026-07-29T06:06:57.567175+00:00
out/object_anchor_world/20260726_073433/failures/20260726_073443_491_f000042_reprojection_error_raw.jpg,archive_local/rnd_20260729/outputs/out/object_anchor_world/20260726_073433/failures/20260726_073443_491_f000042_reprojection_error_raw.jpg,ARCHIVE_RND,278894,6022eb03d3f3421bae7ab8f46d0790dedee06b5bb2157c103dd187c43ef0fd7a,historical or bulk experiment output not used by runtime,,varies,2026-07-29T06:06:57.567175+00:00
out/object_anchor_world/20260726_073433/failures/20260726_073443_999_f000045_reprojection_error_overlay.jpg,archive_local/rnd_20260729/outputs/out/object_anchor_world/20260726_073433/failures/20260726_073443_999_f000045_reprojection_error_overlay.jpg,ARCHIVE_RND,298083,6c4bf8d5d02744998198953ddb0f5a95c1963ecf07f3de2e97985ae7de0db956,historical or bulk experiment output not used by runtime,,varies,2026-07-29T06:06:57.567175+00:00
out/object_anchor_world/20260726_073433/failures/20260726_073443_999_f000045_reprojection_error_raw.jpg,archive_local/rnd_20260729/outputs/out/object_anchor_world/20260726_073433/failures/20260726_073443_999_f000045_reprojection_error_raw.jpg,ARCHIVE_RND,279927,7514956e6c96d875c295f8a5d38b6dedb3c2b9ceddc0d92144b3ec184d62370d,historical or bulk experiment output not used by runtime,,varies,2026-07-29T06:06:57.567175+00:00
out/object_anchor_world/20260726_073433/failures/20260726_073444_195_f000046_keypoint_confidence_overlay.jpg,archive_local/rnd_20260729/outputs/out/object_anchor_world/20260726_073433/failures/20260726_073444_195_f000046_keypoint_confidence_overlay.jpg,ARCHIVE_RND,295040,29e882ca90c39818f3e9de76322c1e45c46edc57df14497487094b21f0089351,historical or bulk experiment output not used by runtime,,varies,2026-07-29T06:06:57.567175+00:00
out/object_anchor_world/20260726_073433/failures/20260726_073444_195_f000046_keypoint_confidence_raw.jpg,archive_local/rnd_20260729/outputs/out/object_anchor_world/20260726_073433/failures/20260726_073444_195_f000046_keypoint_confidence_raw.jpg,ARCHIVE_RND,277955,c0169262842a6b47012a79a92f40703ed040f165f2d238e1000c64f962c72abf,historical or bulk experiment output not used by runtime,,varies,2026-07-29T06:06:57.567175+00:00
out/object_anchor_world/20260726_073433/failures/20260726_073445_382_f000053_reprojection_error_overlay.jpg,archive_local/rnd_20260729/outputs/out/object_anchor_world/20260726_073433/failures/20260726_073445_382_f000053_reprojection_error_overlay.jpg,ARCHIVE_RND,299960,690b212bab249e3e0fef9b77d54a936fff5ab27415508b6b5f8ea925d02a024e,historical or bulk experiment output not used by runtime,,varies,2026-07-29T06:06:57.567175+00:00
out/object_anchor_world/20260726_073433/failures/20260726_073445_382_f000053_reprojection_error_raw.jpg,archive_local/rnd_20260729/outputs/out/object_anchor_world/20260726_073433/failures/20260726_073445_382_f000053_reprojection_error_raw.jpg,ARCHIVE_RND,278798,2c77fb8102dcbabdb643c57b4b8d43f3ac06b4d8434895fb3e4dc41f2bde5ebb,historical or bulk experiment output not used by runtime,,varies,2026-07-29T06:06:57.567175+00:00
out/object_anchor_world/20260726_073433/failures/20260726_073446_112_f000057_reprojection_error_overlay.jpg,archive_local/rnd_20260729/outputs/out/object_anchor_world/20260726_073433/failures/20260726_073446_112_f000057_reprojection_error_overlay.jpg,ARCHIVE_RND,297025,e517dbb7bb191a4124fa61bfdd23b0470f561b8be0cb6f672d327f7d2b162c87,historical or bulk experiment output not used by runtime,,varies,2026-07-29T06:06:57.567175+00:00
out/object_anchor_world/20260726_073433/failures/20260726_073446_112_f000057_reprojection_error_raw.jpg,archive_local/rnd_20260729/outputs/out/object_anchor_world/20260726_073433/failures/20260726_073446_112_f000057_reprojection_error_raw.jpg,ARCHIVE_RND,278551,36d9472325d3673492892987d105c61b62445bfe9e1382e8a9c7047e624c1ec4,historical or bulk experiment output not used by runtime,,varies,2026-07-29T06:06:57.567175+00:00
out/object_anchor_world/20260726_073433/failures/20260726_073448_885_f000073_keypoint_confidence_overlay.jpg,archive_local/rnd_20260729/outputs/out/object_anchor_world/20260726_073433/failures/20260726_073448_885_f000073_keypoint_confidence_overlay.jpg,ARCHIVE_RND,294705,955847ec348dbc7d451cf13c0ce4fd3dbbc6b221fdce58363a7253651e02472b,historical or bulk experiment output not used by runtime,,varies,2026-07-29T06:06:57.567175+00:00
out/object_anchor_world/20260726_073433/failures/20260726_073448_885_f000073_keypoint_confidence_raw.jpg,archive_local/rnd_20260729/outputs/out/object_anchor_world/20260726_073433/failures/20260726_073448_885_f000073_keypoint_confidence_raw.jpg,ARCHIVE_RND,280021,87594625156f4661f556db182373450acdbd0a6dd7ab3f09a47865459872993a,historical or bulk experiment output not used by runtime,,varies,2026-07-29T06:06:57.567175+00:00
out/object_anchor_world/20260726_073433/failures/20260726_073449_440_f000076_keypoint_confidence_overlay.jpg,archive_local/rnd_20260729/outputs/out/object_anchor_world/20260726_073433/failures/20260726_073449_440_f000076_keypoint_confidence_overlay.jpg,ARCHIVE_RND,293118,66b5461063016e4850281ddfb23a99902b84ca0e3ed929312f678e96c5927812,historical or bulk experiment output not used by runtime,,varies,2026-07-29T06:06:57.567175+00:00
out/object_anchor_world/20260726_073433/failures/20260726_073449_440_f000076_keypoint_confidence_raw.jpg,archive_local/rnd_20260729/outputs/out/object_anchor_world/20260726_073433/failures/20260726_073449_440_f000076_keypoint_confidence_raw.jpg,ARCHIVE_RND,279825,eca422e14b3232f8d35261862fda79d56d1a9d00f052c9f3133cdf5f051bff39,historical or bulk experiment output not used by runtime,,varies,2026-07-29T06:06:57.567175+00:00
out/object_anchor_world/20260726_073433/failures/20260726_073449_977_f000079_reprojection_error_overlay.jpg,archive_local/rnd_20260729/outputs/out/object_anchor_world/20260726_073433/failures/20260726_073449_977_f000079_reprojection_error_overlay.jpg,ARCHIVE_RND,300521,f8c4233f0400744a9e02d189f4f704494eb64725ccb5e8f170b0c9a077614f8f,historical or bulk experiment output not used by runtime,,varies,2026-07-29T06:06:57.567175+00:00
out/object_anchor_world/20260726_073433/failures/20260726_073449_977_f000079_reprojection_error_raw.jpg,archive_local/rnd_20260729/outputs/out/object_anchor_world/20260726_073433/failures/20260726_073449_977_f000079_reprojection_error_raw.jpg,ARCHIVE_RND,280056,eae66afc51dd85cd49c89b1c5c8f421016183a82d778bc43f307ad0583a97f81,historical or bulk experiment output not used by runtime,,varies,2026-07-29T06:06:57.567175+00:00
out/object_anchor_world/20260726_073433/failures/20260726_073450_132_f000080_keypoint_confidence_overlay.jpg,archive_local/rnd_20260729/outputs/out/object_anchor_world/20260726_073433/failures/20260726_073450_132_f000080_keypoint_confidence_overlay.jpg,ARCHIVE_RND,297003,7ee0b5575fd266f5a757dec82021da38a3a328bade4ede274e02e187c3d82063,historical or bulk experiment output not used by runtime,,varies,2026-07-29T06:06:57.567175+00:00
out/object_anchor_world/20260726_073433/failures/20260726_073450_132_f000080_keypoint_confidence_raw.jpg,archive_local/rnd_20260729/outputs/out/object_anchor_world/20260726_073433/failures/20260726_073450_132_f000080_keypoint_confidence_raw.jpg,ARCHIVE_RND,280200,d0cfad66051d61b90c4625f2153ef2ffefe05ce487f14df331903e836907201d,historical or bulk experiment output not used by runtime,,varies,2026-07-29T06:06:57.567175+00:00
out/object_anchor_world/20260726_073433/failures/20260726_073450_660_f000083_reprojection_error_overlay.jpg,archive_local/rnd_20260729/outputs/out/object_anchor_world/20260726_073433/failures/20260726_073450_660_f000083_reprojection_error_overlay.jpg,ARCHIVE_RND,298309,72f2dedba3e534d23930ddd995fe433bb212b53480e96cbd4f497f5ecdaa41f3,historical or bulk experiment output not used by runtime,,varies,2026-07-29T06:06:57.567175+00:00
out/object_anchor_world/20260726_073433/failures/20260726_073450_660_f000083_reprojection_error_raw.jpg,archive_local/rnd_20260729/outputs/out/object_anchor_world/20260726_073433/failures/20260726_073450_660_f000083_reprojection_error_raw.jpg,ARCHIVE_RND,279857,8812cc2e6c17dca4b2b852eda4d04bd0154eee805fb5d9f772fa8a7b1956561e,historical or bulk experiment output not used by runtime,,varies,2026-07-29T06:06:57.567175+00:00
out/object_anchor_world/20260726_073433/failures/20260726_073450_863_f000084_keypoint_confidence_overlay.jpg,archive_local/rnd_20260729/outputs/out/object_anchor_world/20260726_073433/failures/20260726_073450_863_f000084_keypoint_confidence_overlay.jpg,ARCHIVE_RND,295745,47535d24a3300b6f9843dd1b226585d69cd3812ea0ecf641a787b95508856428,historical or bulk experiment output not used by runtime,,varies,2026-07-29T06:06:57.567175+00:00
out/object_anchor_world/20260726_073433/failures/20260726_073450_863_f000084_keypoint_confidence_raw.jpg,archive_local/rnd_20260729/outputs/out/object_anchor_world/20260726_073433/failures/20260726_073450_863_f000084_keypoint_confidence_raw.jpg,ARCHIVE_RND,279737,6211bccbe6f4af72f0e0c895cd839ca2b1a56d07cdba91e12e5b1e9365d1a7ae,historical or bulk experiment output not used by runtime,,varies,2026-07-29T06:06:57.567175+00:00
out/object_anchor_world/20260726_073433/failures/20260726_073451_387_f000087_keypoint_confidence_overlay.jpg,archive_local/rnd_20260729/outputs/out/object_anchor_world/20260726_073433/failures/20260726_073451_387_f000087_keypoint_confidence_overlay.jpg,ARCHIVE_RND,295456,5e47937dd0a32a20e1c6cb812c06f8062a2247b3b80bdcf6aba1498df6a8f170,historical or bulk experiment output not used by runtime,,varies,2026-07-29T06:06:57.567175+00:00
out/object_anchor_world/20260726_073433/failures/20260726_073451_387_f000087_keypoint_confidence_raw.jpg,archive_local/rnd_20260729/outputs/out/object_anchor_world/20260726_073433/failures/20260726_073451_387_f000087_keypoint_confidence_raw.jpg,ARCHIVE_RND,279816,ae7423b54283b72892937d118b1c53c20cf872a4af4fd5bb1d7d9aee8b6e91fc,historical or bulk experiment output not used by runtime,,varies,2026-07-29T06:06:57.567175+00:00
out/object_anchor_world/20260726_073433/failures/20260726_073451_894_f000090_keypoint_confidence_overlay.jpg,archive_local/rnd_20260729/outputs/out/object_anchor_world/20260726_073433/failures/20260726_073451_894_f000090_keypoint_confidence_overlay.jpg,ARCHIVE_RND,295294,8dd407d5c3d48ffaa09a6d749ec4c22d7ba617d7f16dafddd6f99e4c3ad3b751,historical or bulk experiment output not used by runtime,,varies,2026-07-29T06:06:57.567175+00:00
out/object_anchor_world/20260726_073433/failures/20260726_073451_894_f000090_keypoint_confidence_raw.jpg,archive_local/rnd_20260729/outputs/out/object_anchor_world/20260726_073433/failures/20260726_073451_894_f000090_keypoint_confidence_raw.jpg,ARCHIVE_RND,279585,858e2f5f24ecec40550ce427eca9897662be3b09e167dfa01b434afe3afb6840,historical or bulk experiment output not used by runtime,,varies,2026-07-29T06:06:57.567175+00:00
out/object_anchor_world/20260726_073433/failures/20260726_073452_434_f000093_keypoint_confidence_overlay.jpg,archive_local/rnd_20260729/outputs/out/object_anchor_world/20260726_073433/failures/20260726_073452_434_f000093_keypoint_confidence_overlay.jpg,ARCHIVE_RND,294209,c47dfbea7c46fcff0fbe8d4746ed6c85c9dbf149a71698373978441a1e32cab0,historical or bulk experiment output not used by runtime,,varies,2026-07-29T06:06:57.567175+00:00
out/object_anchor_world/20260726_073433/failures/20260726_073452_434_f000093_keypoint_confidence_raw.jpg,archive_local/rnd_20260729/outputs/out/object_anchor_world/20260726_073433/failures/20260726_073452_434_f000093_keypoint_confidence_raw.jpg,ARCHIVE_RND,279777,c832927a5fc6b35ec66f4f982f10cc7c6ea7c0093a9060ed4da2a082f8fd3ce5,historical or bulk experiment output not used by runtime,,varies,2026-07-29T06:06:57.567175+00:00
out/object_anchor_world/20260726_073433/failures/20260726_073453_089_f000097_reprojection_error_overlay.jpg,archive_local/rnd_20260729/outputs/out/object_anchor_world/20260726_073433/failures/20260726_073453_089_f000097_reprojection_error_overlay.jpg,ARCHIVE_RND,302993,8c0c6db00fb1f0791d1a5aa9f233421578ec4d885fca9d6dbc59f260f6157816,historical or bulk experiment output not used by runtime,,varies,2026-07-29T06:06:57.567175+00:00
out/object_anchor_world/20260726_073433/failures/20260726_073453_089_f000097_reprojection_error_raw.jpg,archive_local/rnd_20260729/outputs/out/object_anchor_world/20260726_073433/failures/20260726_073453_089_f000097_reprojection_error_raw.jpg,ARCHIVE_RND,282395,0724b7bb8286764d16be53594b07e98dd962c85966574492291390eecc59dda4,historical or bulk experiment output not used by runtime,,varies,2026-07-29T06:06:57.567175+00:00
out/object_anchor_world/20260726_073433/failures/20260726_073453_289_f000098_keypoint_confidence_overlay.jpg,archive_local/rnd_20260729/outputs/out/object_anchor_world/20260726_073433/failures/20260726_073453_289_f000098_keypoint_confidence_overlay.jpg,ARCHIVE_RND,300311,aeed984886d7e883bd0a8310f5219a3a5da37af3ca3c0462016a018a6a6f2f4e,historical or bulk experiment output not used by runtime,,varies,2026-07-29T06:06:57.567175+00:00
out/object_anchor_world/20260726_073433/failures/20260726_073453_289_f000098_keypoint_confidence_raw.jpg,archive_local/rnd_20260729/outputs/out/object_anchor_world/20260726_073433/failures/20260726_073453_289_f000098_keypoint_confidence_raw.jpg,ARCHIVE_RND,282741,e7ca175657034e552596500a5fba03cb42bfb55bc6245c1226e82716165a1079,historical or bulk experiment output not used by runtime,,varies,2026-07-29T06:06:57.567175+00:00
out/object_anchor_world/20260726_073433/failures/20260726_073453_608_f000100_reprojection_error_overlay.jpg,archive_local/rnd_20260729/outputs/out/object_anchor_world/20260726_073433/failures/20260726_073453_608_f000100_reprojection_error_overlay.jpg,ARCHIVE_RND,300731,89ea4fd9f9342d0ea1cd922b3c85dbb1d690914cbf696879c34f8c9a6c1d562c,historical or bulk experiment output not used by runtime,,varies,2026-07-29T06:06:57.567175+00:00
out/object_anchor_world/20260726_073433/failures/20260726_073453_608_f000100_reprojection_error_raw.jpg,archive_local/rnd_20260729/outputs/out/object_anchor_world/20260726_073433/failures/20260726_073453_608_f000100_reprojection_error_raw.jpg,ARCHIVE_RND,281879,e95c9a20fdfd704deb18bcafda6780eeff9f0293210e6d0909c5500e0d58a260,historical or bulk experiment output not used by runtime,,varies,2026-07-29T06:06:57.567175+00:00
out/object_anchor_world/20260726_073433/failures/20260726_073454_126_f000103_keypoint_confidence_overlay.jpg,archive_local/rnd_20260729/outputs/out/object_anchor_world/20260726_073433/failures/20260726_073454_126_f000103_keypoint_confidence_overlay.jpg,ARCHIVE_RND,297324,b812c8c7662234bcafb81a1b479cc5c6ac6743cc0f1e9984452535156f738c6c,historical or bulk experiment output not used by runtime,,varies,2026-07-29T06:06:57.567175+00:00
out/object_anchor_world/20260726_073433/failures/20260726_073454_126_f000103_keypoint_confidence_raw.jpg,archive_local/rnd_20260729/outputs/out/object_anchor_world/20260726_073433/failures/20260726_073454_126_f000103_keypoint_confidence_raw.jpg,ARCHIVE_RND,282977,7800e8546e0566c753e11e0408caea6953e9c53356ee12642268b52cb0a4fd11,historical or bulk experiment output not used by runtime,,varies,2026-07-29T06:06:57.567175+00:00
out/object_anchor_world/20260726_073433/failures/20260726_073455_362_f000110_keypoint_confidence_overlay.jpg,archive_local/rnd_20260729/outputs/out/object_anchor_world/20260726_073433/failures/20260726_073455_362_f000110_keypoint_confidence_overlay.jpg,ARCHIVE_RND,300981,326b9c87bb48d327e06a9f6fb3495c410176dfabeaa03edd7b61434b2eb3e139,historical or bulk experiment output not used by runtime,,varies,2026-07-29T06:06:57.567175+00:00
out/object_anchor_world/20260726_073433/failures/20260726_073455_362_f000110_keypoint_confidence_raw.jpg,archive_local/rnd_20260729/outputs/out/object_anchor_world/20260726_073433/failures/20260726_073455_362_f000110_keypoint_confidence_raw.jpg,ARCHIVE_RND,283552,ac28eb318700ff4a27fbf8ca51cb5583ca9958f260dcd30b37f489a5c49d9655,historical or bulk experiment output not used by runtime,,varies,2026-07-29T06:06:57.567175+00:00
out/object_anchor_world/20260726_073433/failures/20260726_073455_902_f000113_keypoint_confidence_overlay.jpg,archive_local/rnd_20260729/outputs/out/object_anchor_world/20260726_073433/failures/20260726_073455_902_f000113_keypoint_confidence_overlay.jpg,ARCHIVE_RND,297936,1edb2dd43ec2ac0464893f1a3452b69d00dc74ef755734e964ee1ceebd03c469,historical or bulk experiment output not used by runtime,,varies,2026-07-29T06:06:57.567175+00:00
out/object_anchor_world/20260726_073433/failures/20260726_073455_902_f000113_keypoint_confidence_raw.jpg,archive_local/rnd_20260729/outputs/out/object_anchor_world/20260726_073433/failures/20260726_073455_902_f000113_keypoint_confidence_raw.jpg,ARCHIVE_RND,283634,9ed2bf1fd324021951f7aa2cbff5d46fa814a4367c637d33e3048018e0e7968a,historical or bulk experiment output not used by runtime,,varies,2026-07-29T06:06:57.567175+00:00
out/object_anchor_world/20260726_073433/failures/20260726_073456_647_f000117_keypoint_confidence_overlay.jpg,archive_local/rnd_20260729/outputs/out/object_anchor_world/20260726_073433/failures/20260726_073456_647_f000117_keypoint_confidence_overlay.jpg,ARCHIVE_RND,297441,83b5fbf3d35202c8294689db709326c00ef32eb3aa88c73cd8f89791d1333a8d,historical or bulk experiment output not used by runtime,,varies,2026-07-29T06:06:57.567175+00:00
out/object_anchor_world/20260726_073433/failures/20260726_073456_647_f000117_keypoint_confidence_raw.jpg,archive_local/rnd_20260729/outputs/out/object_anchor_world/20260726_073433/failures/20260726_073456_647_f000117_keypoint_confidence_raw.jpg,ARCHIVE_RND,283184,41899db2859e9e0beac38f6624c5bc3261db4536c344f53d7e78b52b5f5c2607,historical or bulk experiment output not used by runtime,,varies,2026-07-29T06:06:57.567175+00:00
out/object_anchor_world/20260726_073433/failures/20260726_073458_098_f000125_keypoint_confidence_overlay.jpg,archive_local/rnd_20260729/outputs/out/object_anchor_world/20260726_073433/failures/20260726_073458_098_f000125_keypoint_confidence_overlay.jpg,ARCHIVE_RND,297739,a229b9b909a840b29224be0cb5f2a76d5830d94dd9e53736ef560243afed217a,historical or bulk experiment output not used by runtime,,varies,2026-07-29T06:06:57.567175+00:00
out/object_anchor_world/20260726_073433/failures/20260726_073458_098_f000125_keypoint_confidence_raw.jpg,archive_local/rnd_20260729/outputs/out/object_anchor_world/20260726_073433/failures/20260726_073458_098_f000125_keypoint_confidence_raw.jpg,ARCHIVE_RND,283150,0a273b00219e7b50988fdac96623f89407ed11ecc570a39766e31dd0330d3691,historical or bulk experiment output not used by runtime,,varies,2026-07-29T06:06:57.567175+00:00
out/object_anchor_world/20260726_073433/failures/20260726_073458_654_f000128_keypoint_confidence_overlay.jpg,archive_local/rnd_20260729/outputs/out/object_anchor_world/20260726_073433/failures/20260726_073458_654_f000128_keypoint_confidence_overlay.jpg,ARCHIVE_RND,301640,7ba9f743a2c1dd8c3a6b40e8396a2187b32c89b2d165356fe6f5d09c12a66a02,historical or bulk experiment output not used by runtime,,varies,2026-07-29T06:06:57.567175+00:00
out/object_anchor_world/20260726_073433/failures/20260726_073458_654_f000128_keypoint_confidence_raw.jpg,archive_local/rnd_20260729/outputs/out/object_anchor_world/20260726_073433/failures/20260726_073458_654_f000128_keypoint_confidence_raw.jpg,ARCHIVE_RND,281988,ca312b44007db6c966af32c34d33233e2bca237773eb6355e2b0045c91c68bc2,historical or bulk experiment output not used by runtime,,varies,2026-07-29T06:06:57.567175+00:00
out/object_anchor_world/20260726_073433/failures/20260726_073459_334_f000132_keypoint_confidence_overlay.jpg,archive_local/rnd_20260729/outputs/out/object_anchor_world/20260726_073433/failures/20260726_073459_334_f000132_keypoint_confidence_overlay.jpg,ARCHIVE_RND,300418,44c796531374fa8ecf0d010df58b126d92d33abec0a4a911bd26cc2aa7650035,historical or bulk experiment output not used by runtime,,varies,2026-07-29T06:06:57.567175+00:00
out/object_anchor_world/20260726_073433/failures/20260726_073459_334_f000132_keypoint_confidence_raw.jpg,archive_local/rnd_20260729/outputs/out/object_anchor_world/20260726_073433/failures/20260726_073459_334_f000132_keypoint_confidence_raw.jpg,ARCHIVE_RND,280833,eb65ca097bc3e27e05b1037e17897fa822f4df787cb1a13160b15fd9023ae075,historical or bulk experiment output not used by runtime,,varies,2026-07-29T06:06:57.567175+00:00
out/object_anchor_world/20260726_073433/failures/20260726_073459_839_f000135_keypoint_confidence_overlay.jpg,archive_local/rnd_20260729/outputs/out/object_anchor_world/20260726_073433/failures/20260726_073459_839_f000135_keypoint_confidence_overlay.jpg,ARCHIVE_RND,302830,b3667387c71a9beb16fa689a12bbab7d0830dad8b026583ea2da82a8dbffe8bf,historical or bulk experiment output not used by runtime,,varies,2026-07-29T06:06:57.567175+00:00
out/object_anchor_world/20260726_073433/failures/20260726_073459_839_f000135_keypoint_confidence_raw.jpg,archive_local/rnd_20260729/outputs/out/object_anchor_world/20260726_073433/failures/20260726_073459_839_f000135_keypoint_confidence_raw.jpg,ARCHIVE_RND,284877,68956a333b92a61f3f1c7c98e6d47a196439d072204a242ff3303f0911c9184c,historical or bulk experiment output not used by runtime,,varies,2026-07-29T06:06:57.567175+00:00
out/object_anchor_world/20260726_073433/failures/20260726_073500_402_f000138_keypoint_confidence_overlay.jpg,archive_local/rnd_20260729/outputs/out/object_anchor_world/20260726_073433/failures/20260726_073500_402_f000138_keypoint_confidence_overlay.jpg,ARCHIVE_RND,300333,1b51e55dd88d3b274b3f9d6a8c9680a7934e003461fdb44b7cfa7ef33c05110d,historical or bulk experiment output not used by runtime,,varies,2026-07-29T06:06:57.567175+00:00
out/object_anchor_world/20260726_073433/failures/20260726_073500_402_f000138_keypoint_confidence_raw.jpg,archive_local/rnd_20260729/outputs/out/object_anchor_world/20260726_073433/failures/20260726_073500_402_f000138_keypoint_confidence_raw.jpg,ARCHIVE_RND,287451,51cb4df7a7fed986a5364e76f1048cb40f05ae31777d0029ce3638e9411541bf,historical or bulk experiment output not used by runtime,,varies,2026-07-29T06:06:57.567175+00:00
out/object_anchor_world/20260726_073433/failures/20260726_073501_862_f000146_keypoint_confidence_overlay.jpg,archive_local/rnd_20260729/outputs/out/object_anchor_world/20260726_073433/failures/20260726_073501_862_f000146_keypoint_confidence_overlay.jpg,ARCHIVE_RND,311583,e2a771604d6379b909d8b8ede51d353b7c83f2ab099d682ed150a263c36e1f22,historical or bulk experiment output not used by runtime,,varies,2026-07-29T06:06:57.567175+00:00
out/object_anchor_world/20260726_073433/failures/20260726_073501_862_f000146_keypoint_confidence_raw.jpg,archive_local/rnd_20260729/outputs/out/object_anchor_world/20260726_073433/failures/20260726_073501_862_f000146_keypoint_confidence_raw.jpg,ARCHIVE_RND,294921,a497ec20e80f159d3ca6b06117b9c5a382f12b4000eed3fcb643bccb14726526,historical or bulk experiment output not used by runtime,,varies,2026-07-29T06:06:57.567175+00:00
out/object_anchor_world/20260726_073433/failures/20260726_073504_378_f000160_keypoint_confidence_overlay.jpg,archive_local/rnd_20260729/outputs/out/object_anchor_world/20260726_073433/failures/20260726_073504_378_f000160_keypoint_confidence_overlay.jpg,ARCHIVE_RND,320151,c02fd3d094b4450dc78ae5182bb3d3ddd685c5d1a91c716bea9f845e33053bca,historical or bulk experiment output not used by runtime,,varies,2026-07-29T06:06:57.567175+00:00
out/object_anchor_world/20260726_073433/failures/20260726_073504_378_f000160_keypoint_confidence_raw.jpg,archive_local/rnd_20260729/outputs/out/object_anchor_world/20260726_073433/failures/20260726_073504_378_f000160_keypoint_confidence_raw.jpg,ARCHIVE_RND,305902,6d0930b767b013618d886ce83f40fa1fe3a619499f6541ad076fec72604a3a6b,historical or bulk experiment output not used by runtime,,varies,2026-07-29T06:06:57.567175+00:00
out/object_anchor_world/20260726_073433/failures/20260726_073505_971_f000169_keypoint_confidence_overlay.jpg,archive_local/rnd_20260729/outputs/out/object_anchor_world/20260726_073433/failures/20260726_073505_971_f000169_keypoint_confidence_overlay.jpg,ARCHIVE_RND,317097,b1d4f795af171d55897ea9c21119520ca70709504be242507a226112fcb2554d,historical or bulk experiment output not used by runtime,,varies,2026-07-29T06:06:57.567175+00:00
out/object_anchor_world/20260726_073433/failures/20260726_073505_971_f000169_keypoint_confidence_raw.jpg,archive_local/rnd_20260729/outputs/out/object_anchor_world/20260726_073433/failures/20260726_073505_971_f000169_keypoint_confidence_raw.jpg,ARCHIVE_RND,305454,4dbe4f8b85d9d7e7f2ddbf7ebce8c99b72d1f6a4f1d603405c0e6c180afb9961,historical or bulk experiment output not used by runtime,,varies,2026-07-29T06:06:57.567175+00:00
out/object_anchor_world/20260726_073433/failures/20260726_073512_648_f000207_reprojection_error_overlay.jpg,archive_local/rnd_20260729/outputs/out/object_anchor_world/20260726_073433/failures/20260726_073512_648_f000207_reprojection_error_overlay.jpg,ARCHIVE_RND,306598,744ad101e77836eafc0bea092de49c8925ae3408d0ff43a8acf333c748819fdc,historical or bulk experiment output not used by runtime,,varies,2026-07-29T06:06:57.567175+00:00
out/object_anchor_world/20260726_073433/failures/20260726_073512_648_f000207_reprojection_error_raw.jpg,archive_local/rnd_20260729/outputs/out/object_anchor_world/20260726_073433/failures/20260726_073512_648_f000207_reprojection_error_raw.jpg,ARCHIVE_RND,285987,1935ac675bc1da314be71a8aac82e24552b94ecc1dc4f2e14423df7f6f8d48e4,historical or bulk experiment output not used by runtime,,varies,2026-07-29T06:06:57.567175+00:00
out/object_anchor_world/20260726_073433/failures/20260726_073514_770_f000219_reprojection_error_overlay.jpg,archive_local/rnd_20260729/outputs/out/object_anchor_world/20260726_073433/failures/20260726_073514_770_f000219_reprojection_error_overlay.jpg,ARCHIVE_RND,309880,b95cdfd3f1d562da24b09b8e7a36d9f21f90e8ea2636f6593ebda6384f7e001f,historical or bulk experiment output not used by runtime,,varies,2026-07-29T06:06:57.567175+00:00
out/object_anchor_world/20260726_073433/failures/20260726_073514_770_f000219_reprojection_error_raw.jpg,archive_local/rnd_20260729/outputs/out/object_anchor_world/20260726_073433/failures/20260726_073514_770_f000219_reprojection_error_raw.jpg,ARCHIVE_RND,288629,e443d73222c044ee3e22f78ecbed6eb1b98d200cc0ea836e9ff8f1a0b7e2c242,historical or bulk experiment output not used by runtime,,varies,2026-07-29T06:06:57.567175+00:00
out/object_anchor_world/20260726_073433/failures/20260726_073514_954_f000220_pnp_failure_overlay.jpg,archive_local/rnd_20260729/diagnostics/out/object_anchor_world/20260726_073433/failures/20260726_073514_954_f000220_pnp_failure_overlay.jpg,ARCHIVE_RND,310587,2191a78583d8794465a8f4cf4f9baa84a1a22d0aaec28b3d4f5da816ade19c66,historical or bulk experiment output not used by runtime,,varies,2026-07-29T06:06:57.567175+00:00
out/object_anchor_world/20260726_073433/failures/20260726_073514_954_f000220_pnp_failure_raw.jpg,archive_local/rnd_20260729/diagnostics/out/object_anchor_world/20260726_073433/failures/20260726_073514_954_f000220_pnp_failure_raw.jpg,ARCHIVE_RND,288864,ac074c961f00bdc3b50a40ebbd41de4b726461e04a9b51f60833a8fa4d2f64de,historical or bulk experiment output not used by runtime,,varies,2026-07-29T06:06:57.567175+00:00
out/object_anchor_world/20260726_073433/failures/20260726_073515_277_f000222_reprojection_error_overlay.jpg,archive_local/rnd_20260729/outputs/out/object_anchor_world/20260726_073433/failures/20260726_073515_277_f000222_reprojection_error_overlay.jpg,ARCHIVE_RND,310910,aab62487a248fbd81513d6123a8ba872b3190b72d2a75390bf00dbceb6933887,historical or bulk experiment output not used by runtime,,varies,2026-07-29T06:06:57.567175+00:00
out/object_anchor_world/20260726_073433/failures/20260726_073515_277_f000222_reprojection_error_raw.jpg,archive_local/rnd_20260729/outputs/out/object_anchor_world/20260726_073433/failures/20260726_073515_277_f000222_reprojection_error_raw.jpg,ARCHIVE_RND,290930,f5d5cf1734640975ac8337bc7d246934947faab8baff150b66c7ce8a92a53c9e,historical or bulk experiment output not used by runtime,,varies,2026-07-29T06:06:57.567175+00:00
out/object_anchor_world/20260726_073433/failures/20260726_073515_841_f000225_reprojection_error_overlay.jpg,archive_local/rnd_20260729/outputs/out/object_anchor_world/20260726_073433/failures/20260726_073515_841_f000225_reprojection_error_overlay.jpg,ARCHIVE_RND,315557,59c266eb0290180b48bee672f5f2dff3ce8fb56730eed7218f0e8b54b89fc797,historical or bulk experiment output not used by runtime,,varies,2026-07-29T06:06:57.567175+00:00
out/object_anchor_world/20260726_073433/failures/20260726_073515_841_f000225_reprojection_error_raw.jpg,archive_local/rnd_20260729/outputs/out/object_anchor_world/20260726_073433/failures/20260726_073515_841_f000225_reprojection_error_raw.jpg,ARCHIVE_RND,293067,c1ee684147e98247ec847976fff1db80df60a68733521483d3f70318bf7965a9,historical or bulk experiment output not used by runtime,,varies,2026-07-29T06:06:57.567175+00:00
out/object_anchor_world/20260726_073433/failures/20260726_073516_692_f000230_reprojection_error_overlay.jpg,archive_local/rnd_20260729/outputs/out/object_anchor_world/20260726_073433/failures/20260726_073516_692_f000230_reprojection_error_overlay.jpg,ARCHIVE_RND,315173,8aefb709050f0ae0bd703a477c012c37491771e82e1a3bc01fb6a97a2ce2b7ee,historical or bulk experiment output not used by runtime,,varies,2026-07-29T06:06:57.567175+00:00
out/object_anchor_world/20260726_073433/failures/20260726_073516_692_f000230_reprojection_error_raw.jpg,archive_local/rnd_20260729/outputs/out/object_anchor_world/20260726_073433/failures/20260726_073516_692_f000230_reprojection_error_raw.jpg,ARCHIVE_RND,292753,8163f1e3b2308c22fde995f62708bbe0a52145ae3b0740fbab34c16a02f5fee0,historical or bulk experiment output not used by runtime,,varies,2026-07-29T06:06:57.567175+00:00
out/object_anchor_world/20260726_073433/failures/20260726_073517_250_f000233_reprojection_error_overlay.jpg,archive_local/rnd_20260729/outputs/out/object_anchor_world/20260726_073433/failures/20260726_073517_250_f000233_reprojection_error_overlay.jpg,ARCHIVE_RND,315564,9b93b7de6f6e3b9cf771d29e27cb68321ddc48dd4e7145d1f53653c838148ebd,historical or bulk experiment output not used by runtime,,varies,2026-07-29T06:06:57.567175+00:00
out/object_anchor_world/20260726_073433/failures/20260726_073517_250_f000233_reprojection_error_raw.jpg,archive_local/rnd_20260729/outputs/out/object_anchor_world/20260726_073433/failures/20260726_073517_250_f000233_reprojection_error_raw.jpg,ARCHIVE_RND,292623,4f1847a8e42848a7d3d0b4bf5975441824af50ea7f97f79863fa68468cb7c64f,historical or bulk experiment output not used by runtime,,varies,2026-07-29T06:06:57.567175+00:00
out/object_anchor_world/20260726_073433/object_anchor_world_frames.csv,archive_local/rnd_20260729/outputs/out/object_anchor_world/20260726_073433/object_anchor_world_frames.csv,ARCHIVE_RND,139362,2c54dd918c6361bb6d4c19e7b79fa3c6083c5c84ee5ba77e5fad2e046280d9f4,historical or bulk experiment output not used by runtime,,varies,2026-07-29T06:06:57.567175+00:00
out/object_anchor_world/20260726_073433/object_anchor_world_summary.json,archive_local/rnd_20260729/outputs/out/object_anchor_world/20260726_073433/object_anchor_world_summary.json,ARCHIVE_RND,2754,d91fc06d79d404174a088655bcb80afd4910f3775b7037c8c810343c95e2a201,historical or bulk experiment output not used by runtime,,varies,2026-07-29T06:06:57.567175+00:00
out/object_anchor_world/20260726_073433/object_anchor_world_summary_final.json,archive_local/rnd_20260729/outputs/out/object_anchor_world/20260726_073433/object_anchor_world_summary_final.json,ARCHIVE_RND,4211,054812f231f316d0e8505b8755e92005e3dd389fcfe0f3e4884d773754b5c1c7,historical or bulk experiment output not used by runtime,,varies,2026-07-29T06:06:57.567175+00:00
out/object_anchor_world/20260726_074423/failures/20260726_074431_599_f000028_keypoint_confidence_overlay.jpg,archive_local/rnd_20260729/outputs/out/object_anchor_world/20260726_074423/failures/20260726_074431_599_f000028_keypoint_confidence_overlay.jpg,ARCHIVE_RND,266348,b07e248f92b7a92fca2eb4e013a821a5e6c366861b4a8d43f9f9b08130b36de9,historical or bulk experiment output not used by runtime,,varies,2026-07-29T06:06:57.567175+00:00
out/object_anchor_world/20260726_074423/failures/20260726_074431_599_f000028_keypoint_confidence_raw.jpg,archive_local/rnd_20260729/outputs/out/object_anchor_world/20260726_074423/failures/20260726_074431_599_f000028_keypoint_confidence_raw.jpg,ARCHIVE_RND,252931,645b7964d770c63aeb1715c2a994e1e12b667632beecc5e15d5cbbd27f536648,historical or bulk experiment output not used by runtime,,varies,2026-07-29T06:06:57.567175+00:00
out/object_anchor_world/20260726_074423/failures/20260726_074432_282_f000032_keypoint_confidence_overlay.jpg,archive_local/rnd_20260729/outputs/out/object_anchor_world/20260726_074423/failures/20260726_074432_282_f000032_keypoint_confidence_overlay.jpg,ARCHIVE_RND,264809,8fd92b6fecf6d4b9088c9518c177b2f0f0109161af3ebdca32abfbb76016baea,historical or bulk experiment output not used by runtime,,varies,2026-07-29T06:06:57.567175+00:00
out/object_anchor_world/20260726_074423/failures/20260726_074432_282_f000032_keypoint_confidence_raw.jpg,archive_local/rnd_20260729/outputs/out/object_anchor_world/20260726_074423/failures/20260726_074432_282_f000032_keypoint_confidence_raw.jpg,ARCHIVE_RND,251940,0ee4feaecf9b7cb88b9e647cc25d860408b1a7f49ba5a8d1749590d6aa93cd19,historical or bulk experiment output not used by runtime,,varies,2026-07-29T06:06:57.567175+00:00
out/object_anchor_world/20260726_074423/failures/20260726_074432_783_f000035_keypoint_confidence_overlay.jpg,archive_local/rnd_20260729/outputs/out/object_anchor_world/20260726_074423/failures/20260726_074432_783_f000035_keypoint_confidence_overlay.jpg,ARCHIVE_RND,266471,a533f982634157ed690062c17ddf61b91f399a8f1427ea37666d217ab742d1ce,historical or bulk experiment output not used by runtime,,varies,2026-07-29T06:06:57.567175+00:00
out/object_anchor_world/20260726_074423/failures/20260726_074432_783_f000035_keypoint_confidence_raw.jpg,archive_local/rnd_20260729/outputs/out/object_anchor_world/20260726_074423/failures/20260726_074432_783_f000035_keypoint_confidence_raw.jpg,ARCHIVE_RND,251761,ae3c6cff7964810c96e3550c0a97d344ac5067602313ced07f59305af5c3211f,historical or bulk experiment output not used by runtime,,varies,2026-07-29T06:06:57.567175+00:00
out/object_anchor_world/20260726_074423/object_anchor_world_frames.csv,archive_local/rnd_20260729/outputs/out/object_anchor_world/20260726_074423/object_anchor_world_frames.csv,ARCHIVE_RND,53073,1852e96401496543d362566979137bbb7605df29ffe9793d20308a352e261ff9,historical or bulk experiment output not used by runtime,,varies,2026-07-29T06:06:57.567175+00:00
out/object_anchor_world/20260726_074423/object_anchor_world_summary.json,archive_local/rnd_20260729/outputs/out/object_anchor_world/20260726_074423/object_anchor_world_summary.json,ARCHIVE_RND,1711,a5bffda7329c129c82a4cc572bfb9cf68347f9b44f353c4fcced73594e91a712,historical or bulk experiment output not used by runtime,,varies,2026-07-29T06:06:57.567175+00:00
out/object_anchor_world/20260726_074423/object_anchor_world_summary_final.json,archive_local/rnd_20260729/outputs/out/object_anchor_world/20260726_074423/object_anchor_world_summary_final.json,ARCHIVE_RND,1715,0dbaa5145a6c38e60e69ec167a4768db0d0c0c7c21a77eab8cdbd265f0463fdd,historical or bulk experiment output not used by runtime,,varies,2026-07-29T06:06:57.567175+00:00
out/object_anchor_world/20260726_083615/failures/20260726_083620_380_f000011_pnp_failure_overlay.jpg,archive_local/rnd_20260729/diagnostics/out/object_anchor_world/20260726_083615/failures/20260726_083620_380_f000011_pnp_failure_overlay.jpg,ARCHIVE_RND,264396,eb6a72976e70eafc302b63f31e6e68a4095563a86a3105e3994b91cbfae3b860,historical or bulk experiment output not used by runtime,,varies,2026-07-29T06:06:57.567175+00:00
out/object_anchor_world/20260726_083615/failures/20260726_083620_380_f000011_pnp_failure_raw.jpg,archive_local/rnd_20260729/diagnostics/out/object_anchor_world/20260726_083615/failures/20260726_083620_380_f000011_pnp_failure_raw.jpg,ARCHIVE_RND,253243,9b0678279b0f7738b430495913e64887428f8f3049ab0e2745d93e28bf0dce2c,historical or bulk experiment output not used by runtime,,varies,2026-07-29T06:06:57.567175+00:00
out/object_anchor_world/20260726_083615/failures/20260726_083621_002_f000014_pnp_failure_overlay.jpg,archive_local/rnd_20260729/diagnostics/out/object_anchor_world/20260726_083615/failures/20260726_083621_002_f000014_pnp_failure_overlay.jpg,ARCHIVE_RND,273778,a9f0c3804e4e58d86ad1d75381593b26f65df391dec39989d3fbefd811106ed6,historical or bulk experiment output not used by runtime,,varies,2026-07-29T06:06:57.567175+00:00
out/object_anchor_world/20260726_083615/failures/20260726_083621_002_f000014_pnp_failure_raw.jpg,archive_local/rnd_20260729/diagnostics/out/object_anchor_world/20260726_083615/failures/20260726_083621_002_f000014_pnp_failure_raw.jpg,ARCHIVE_RND,263047,b4c49007ec77c1ef339b4e75874a0a6d70d4fab976aca98043f46d515dbbc7f0,historical or bulk experiment output not used by runtime,,varies,2026-07-29T06:06:57.567175+00:00
out/object_anchor_world/20260726_083615/failures/20260726_083622_010_f000019_reprojection_error_overlay.jpg,archive_local/rnd_20260729/outputs/out/object_anchor_world/20260726_083615/failures/20260726_083622_010_f000019_reprojection_error_overlay.jpg,ARCHIVE_RND,274545,4adcc9f1ef74285f7257314d134f11ef7e4c6eb7f16b5ac1c6314468a7bf49ca,historical or bulk experiment output not used by runtime,,varies,2026-07-29T06:06:57.567175+00:00
out/object_anchor_world/20260726_083615/failures/20260726_083622_010_f000019_reprojection_error_raw.jpg,archive_local/rnd_20260729/outputs/out/object_anchor_world/20260726_083615/failures/20260726_083622_010_f000019_reprojection_error_raw.jpg,ARCHIVE_RND,262633,99071b8a1e789250550623618585c4ea06934830e97bf981a615ae2933570010,historical or bulk experiment output not used by runtime,,varies,2026-07-29T06:06:57.567175+00:00
out/object_anchor_world/20260726_083615/failures/20260726_083622_644_f000022_reprojection_error_overlay.jpg,archive_local/rnd_20260729/outputs/out/object_anchor_world/20260726_083615/failures/20260726_083622_644_f000022_reprojection_error_overlay.jpg,ARCHIVE_RND,271640,8460e6d61ebe3de69dcc6367fee0643376628a34432dade7eff90f40931fd923,historical or bulk experiment output not used by runtime,,varies,2026-07-29T06:06:57.567175+00:00
out/object_anchor_world/20260726_083615/failures/20260726_083622_644_f000022_reprojection_error_raw.jpg,archive_local/rnd_20260729/outputs/out/object_anchor_world/20260726_083615/failures/20260726_083622_644_f000022_reprojection_error_raw.jpg,ARCHIVE_RND,259015,d916f127bd41abc21bdc47e4ef4a7478fab1083cb76d2b92a0fed5993c06d611,historical or bulk experiment output not used by runtime,,varies,2026-07-29T06:06:57.567175+00:00
out/object_anchor_world/20260726_083615/failures/20260726_083623_310_f000025_reprojection_error_overlay.jpg,archive_local/rnd_20260729/outputs/out/object_anchor_world/20260726_083615/failures/20260726_083623_310_f000025_reprojection_error_overlay.jpg,ARCHIVE_RND,284656,5ee330f6e73291c1dd9683bbc88a96172e51c4f9a800ec1c3db613155d0142bb,historical or bulk experiment output not used by runtime,,varies,2026-07-29T06:06:57.567175+00:00
out/object_anchor_world/20260726_083615/failures/20260726_083623_310_f000025_reprojection_error_raw.jpg,archive_local/rnd_20260729/outputs/out/object_anchor_world/20260726_083615/failures/20260726_083623_310_f000025_reprojection_error_raw.jpg,ARCHIVE_RND,270305,01675e93086004f29e1058bb543b6c7512c07b0d98c22a3971cbd6b2b343c4c5,historical or bulk experiment output not used by runtime,,varies,2026-07-29T06:06:57.567175+00:00
out/object_anchor_world/20260726_083615/failures/20260726_083623_989_f000028_reprojection_error_overlay.jpg,archive_local/rnd_20260729/outputs/out/object_anchor_world/20260726_083615/failures/20260726_083623_989_f000028_reprojection_error_overlay.jpg,ARCHIVE_RND,282783,35c0092b990c7cfefcd1b1b433e9b8d8d2cf7625fc5fc8cf78e935b1c103648e,historical or bulk experiment output not used by runtime,,varies,2026-07-29T06:06:57.567175+00:00
out/object_anchor_world/20260726_083615/failures/20260726_083623_989_f000028_reprojection_error_raw.jpg,archive_local/rnd_20260729/outputs/out/object_anchor_world/20260726_083615/failures/20260726_083623_989_f000028_reprojection_error_raw.jpg,ARCHIVE_RND,270146,e0694a31270d0683edae7c9b6f63db85da90e7cc78387172933790a5687a1547,historical or bulk experiment output not used by runtime,,varies,2026-07-29T06:06:57.567175+00:00
out/object_anchor_world/20260726_083615/failures/20260726_083624_663_f000031_reprojection_error_overlay.jpg,archive_local/rnd_20260729/outputs/out/object_anchor_world/20260726_083615/failures/20260726_083624_663_f000031_reprojection_error_overlay.jpg,ARCHIVE_RND,280848,1aad0fff23e202a28c1ac4beac5f7a8311ec5c887070bb69725cc0f1774df438,historical or bulk experiment output not used by runtime,,varies,2026-07-29T06:06:57.567175+00:00
out/object_anchor_world/20260726_083615/failures/20260726_083624_663_f000031_reprojection_error_raw.jpg,archive_local/rnd_20260729/outputs/out/object_anchor_world/20260726_083615/failures/20260726_083624_663_f000031_reprojection_error_raw.jpg,ARCHIVE_RND,266467,4271f65980511dda018313a308b9eadda02e30f74eddec9a477792667439e3f3,historical or bulk experiment output not used by runtime,,varies,2026-07-29T06:06:57.567175+00:00
out/object_anchor_world/20260726_083615/failures/20260726_083625_275_f000034_reprojection_error_overlay.jpg,archive_local/rnd_20260729/outputs/out/object_anchor_world/20260726_083615/failures/20260726_083625_275_f000034_reprojection_error_overlay.jpg,ARCHIVE_RND,280552,35f9242bd2028c66fbac81d5cb41bc2952437e1dc77a217d05c2543e08ecd935,historical or bulk experiment output not used by runtime,,varies,2026-07-29T06:06:57.567175+00:00
out/object_anchor_world/20260726_083615/failures/20260726_083625_275_f000034_reprojection_error_raw.jpg,archive_local/rnd_20260729/outputs/out/object_anchor_world/20260726_083615/failures/20260726_083625_275_f000034_reprojection_error_raw.jpg,ARCHIVE_RND,266722,f005f80566f4ca3e558a4fc750a3f24547badca04c99a0065de2293f374a1ece,historical or bulk experiment output not used by runtime,,varies,2026-07-29T06:06:57.567175+00:00
out/object_anchor_world/20260726_083615/failures/20260726_083625_921_f000037_reprojection_error_overlay.jpg,archive_local/rnd_20260729/outputs/out/object_anchor_world/20260726_083615/failures/20260726_083625_921_f000037_reprojection_error_overlay.jpg,ARCHIVE_RND,283416,2684554b6fc22a5a0b711cf87c56c62b0d331776f517c0c9e3f4f4217cd524ca,historical or bulk experiment output not used by runtime,,varies,2026-07-29T06:06:57.567175+00:00
out/object_anchor_world/20260726_083615/failures/20260726_083625_921_f000037_reprojection_error_raw.jpg,archive_local/rnd_20260729/outputs/out/object_anchor_world/20260726_083615/failures/20260726_083625_921_f000037_reprojection_error_raw.jpg,ARCHIVE_RND,269030,a4c7bb6cc8b5c7e77deb8a7cba7a440fbe6378400e93cc6d8715742aa4e92b99,historical or bulk experiment output not used by runtime,,varies,2026-07-29T06:06:57.567175+00:00
out/object_anchor_world/20260726_083615/failures/20260726_083626_428_f000039_reprojection_error_overlay.jpg,archive_local/rnd_20260729/outputs/out/object_anchor_world/20260726_083615/failures/20260726_083626_428_f000039_reprojection_error_overlay.jpg,ARCHIVE_RND,284709,bd7a1d1fa3dc384c460870e44d0a4895634b10002b7157eb5177f0df0bd2e611,historical or bulk experiment output not used by runtime,,varies,2026-07-29T06:06:57.567175+00:00
out/object_anchor_world/20260726_083615/failures/20260726_083626_428_f000039_reprojection_error_raw.jpg,archive_local/rnd_20260729/outputs/out/object_anchor_world/20260726_083615/failures/20260726_083626_428_f000039_reprojection_error_raw.jpg,ARCHIVE_RND,269487,1c76f7456ae31e04e9f1faf0acc1dda24a7b55b0e437eb0c7aa6c138854e05e7,historical or bulk experiment output not used by runtime,,varies,2026-07-29T06:06:57.567175+00:00
out/object_anchor_world/20260726_083615/failures/20260726_083627_078_f000042_reprojection_error_overlay.jpg,archive_local/rnd_20260729/outputs/out/object_anchor_world/20260726_083615/failures/20260726_083627_078_f000042_reprojection_error_overlay.jpg,ARCHIVE_RND,284643,ee5311602c36a77877ea39450e5de21201a2929a98268234aa1dc32f67c43e06,historical or bulk experiment output not used by runtime,,varies,2026-07-29T06:06:57.567175+00:00
out/object_anchor_world/20260726_083615/failures/20260726_083627_078_f000042_reprojection_error_raw.jpg,archive_local/rnd_20260729/outputs/out/object_anchor_world/20260726_083615/failures/20260726_083627_078_f000042_reprojection_error_raw.jpg,ARCHIVE_RND,269820,6d0a56b7cf8a960590e0f133c912fe14f9d645a53dbaea2695e91576552b4519,historical or bulk experiment output not used by runtime,,varies,2026-07-29T06:06:57.567175+00:00
out/object_anchor_world/20260726_083615/failures/20260726_083627_715_f000045_reprojection_error_overlay.jpg,archive_local/rnd_20260729/outputs/out/object_anchor_world/20260726_083615/failures/20260726_083627_715_f000045_reprojection_error_overlay.jpg,ARCHIVE_RND,284024,98407c27840297998935b48d3cf254c7f5b4c03cb56d414a39905cf4711adc85,historical or bulk experiment output not used by runtime,,varies,2026-07-29T06:06:57.567175+00:00
out/object_anchor_world/20260726_083615/failures/20260726_083627_715_f000045_reprojection_error_raw.jpg,archive_local/rnd_20260729/outputs/out/object_anchor_world/20260726_083615/failures/20260726_083627_715_f000045_reprojection_error_raw.jpg,ARCHIVE_RND,269279,402369f2c64e381d66d141a878cad8223e60af38ad0b10830f8f2a0cf848c267,historical or bulk experiment output not used by runtime,,varies,2026-07-29T06:06:57.567175+00:00
out/object_anchor_world/20260726_083615/failures/20260726_083628_344_f000048_reprojection_error_overlay.jpg,archive_local/rnd_20260729/outputs/out/object_anchor_world/20260726_083615/failures/20260726_083628_344_f000048_reprojection_error_overlay.jpg,ARCHIVE_RND,286167,321ea7ce76990f0298aa2ebc61ea7ac55cdee50cedbee8ce46d67029d49e352a,historical or bulk experiment output not used by runtime,,varies,2026-07-29T06:06:57.567175+00:00
out/object_anchor_world/20260726_083615/failures/20260726_083628_344_f000048_reprojection_error_raw.jpg,archive_local/rnd_20260729/outputs/out/object_anchor_world/20260726_083615/failures/20260726_083628_344_f000048_reprojection_error_raw.jpg,ARCHIVE_RND,270736,d1c39163788f490a03d7b7e3aed0aa79a3e2f75f13ef9ea773310795143eaded,historical or bulk experiment output not used by runtime,,varies,2026-07-29T06:06:57.567175+00:00
out/object_anchor_world/20260726_083615/failures/20260726_083628_990_f000051_reprojection_error_overlay.jpg,archive_local/rnd_20260729/outputs/out/object_anchor_world/20260726_083615/failures/20260726_083628_990_f000051_reprojection_error_overlay.jpg,ARCHIVE_RND,295259,8e47ce66bbf1de1decfd5427cf824f80f529ed18ce6e70f3d7b0b0d4355f1197,historical or bulk experiment output not used by runtime,,varies,2026-07-29T06:06:57.567175+00:00
out/object_anchor_world/20260726_083615/failures/20260726_083628_990_f000051_reprojection_error_raw.jpg,archive_local/rnd_20260729/outputs/out/object_anchor_world/20260726_083615/failures/20260726_083628_990_f000051_reprojection_error_raw.jpg,ARCHIVE_RND,280415,6dfa2a70f53482c42b47117b0600d7ac38c29f0199b7d7440fc4b95de3f29da0,historical or bulk experiment output not used by runtime,,varies,2026-07-29T06:06:57.567175+00:00
out/object_anchor_world/20260726_083615/failures/20260726_083629_617_f000054_reprojection_error_overlay.jpg,archive_local/rnd_20260729/outputs/out/object_anchor_world/20260726_083615/failures/20260726_083629_617_f000054_reprojection_error_overlay.jpg,ARCHIVE_RND,295172,a299ec9b6be282d6aef876bd73f6b49d333b3f3e4501d1d5d04bc2e3c47e9592,historical or bulk experiment output not used by runtime,,varies,2026-07-29T06:06:57.567175+00:00
out/object_anchor_world/20260726_083615/failures/20260726_083629_617_f000054_reprojection_error_raw.jpg,archive_local/rnd_20260729/outputs/out/object_anchor_world/20260726_083615/failures/20260726_083629_617_f000054_reprojection_error_raw.jpg,ARCHIVE_RND,280759,5efa3bb886c7548dfd22b168e5af8b89cfd578e719e3fd43c32d4367449b91b6,historical or bulk experiment output not used by runtime,,varies,2026-07-29T06:06:57.567175+00:00
out/object_anchor_world/20260726_083615/failures/20260726_083630_291_f000057_reprojection_error_overlay.jpg,archive_local/rnd_20260729/outputs/out/object_anchor_world/20260726_083615/failures/20260726_083630_291_f000057_reprojection_error_overlay.jpg,ARCHIVE_RND,297043,4d75acf5a34ed2cf442b69aae3a2d6c799f6a6d272abd9243e37ed2468f6186a,historical or bulk experiment output not used by runtime,,varies,2026-07-29T06:06:57.567175+00:00
out/object_anchor_world/20260726_083615/failures/20260726_083630_291_f000057_reprojection_error_raw.jpg,archive_local/rnd_20260729/outputs/out/object_anchor_world/20260726_083615/failures/20260726_083630_291_f000057_reprojection_error_raw.jpg,ARCHIVE_RND,282601,69d06f7f7fa6c9afa6e327b56660ad0d6c7662c982b1b68d43829269e94b9461,historical or bulk experiment output not used by runtime,,varies,2026-07-29T06:06:57.567175+00:00
out/object_anchor_world/20260726_083615/failures/20260726_083630_862_f000060_reprojection_error_overlay.jpg,archive_local/rnd_20260729/outputs/out/object_anchor_world/20260726_083615/failures/20260726_083630_862_f000060_reprojection_error_overlay.jpg,ARCHIVE_RND,296779,b177e0a9c48a45438085e402b2232bc1d01dc01ddfa545a0eece1b35b5108e41,historical or bulk experiment output not used by runtime,,varies,2026-07-29T06:06:57.567175+00:00
out/object_anchor_world/20260726_083615/failures/20260726_083630_862_f000060_reprojection_error_raw.jpg,archive_local/rnd_20260729/outputs/out/object_anchor_world/20260726_083615/failures/20260726_083630_862_f000060_reprojection_error_raw.jpg,ARCHIVE_RND,283176,5a6979afac17ec3124d2c44ec168f96b812572dee9d90a01aeaf41bc46548a16,historical or bulk experiment output not used by runtime,,varies,2026-07-29T06:06:57.567175+00:00
out/object_anchor_world/20260726_083615/failures/20260726_083631_429_f000063_reprojection_error_overlay.jpg,archive_local/rnd_20260729/outputs/out/object_anchor_world/20260726_083615/failures/20260726_083631_429_f000063_reprojection_error_overlay.jpg,ARCHIVE_RND,298414,a321483dd3bfece2da6abcbb69f886d68e7187a4997b64fa187bea2493451b15,historical or bulk experiment output not used by runtime,,varies,2026-07-29T06:06:57.567175+00:00
out/object_anchor_world/20260726_083615/failures/20260726_083631_429_f000063_reprojection_error_raw.jpg,archive_local/rnd_20260729/outputs/out/object_anchor_world/20260726_083615/failures/20260726_083631_429_f000063_reprojection_error_raw.jpg,ARCHIVE_RND,284455,8ea28286172d496e1e4b5aec7a98d08e23e4127cd23a326ef51a02c97137bd26,historical or bulk experiment output not used by runtime,,varies,2026-07-29T06:06:57.567175+00:00
out/object_anchor_world/20260726_083615/failures/20260726_083632_104_f000066_reprojection_error_overlay.jpg,archive_local/rnd_20260729/outputs/out/object_anchor_world/20260726_083615/failures/20260726_083632_104_f000066_reprojection_error_overlay.jpg,ARCHIVE_RND,302748,a9303149dfb09e794deeb248575aac5b21ebb38965628765dff5052c49b54277,historical or bulk experiment output not used by runtime,,varies,2026-07-29T06:06:57.567175+00:00
out/object_anchor_world/20260726_083615/failures/20260726_083632_104_f000066_reprojection_error_raw.jpg,archive_local/rnd_20260729/outputs/out/object_anchor_world/20260726_083615/failures/20260726_083632_104_f000066_reprojection_error_raw.jpg,ARCHIVE_RND,288291,3b93c257e346e42438e2429a90a427d1a825914f03f5a9fdd7fb0468337a450d,historical or bulk experiment output not used by runtime,,varies,2026-07-29T06:06:57.567175+00:00
out/object_anchor_world/20260726_083615/failures/20260726_083632_733_f000069_reprojection_error_overlay.jpg,archive_local/rnd_20260729/outputs/out/object_anchor_world/20260726_083615/failures/20260726_083632_733_f000069_reprojection_error_overlay.jpg,ARCHIVE_RND,301623,722ea55b3f640da8ddf1a065928112fedc9a47d0615df0574fc10f1f1489d207,historical or bulk experiment output not used by runtime,,varies,2026-07-29T06:06:57.567175+00:00
out/object_anchor_world/20260726_083615/failures/20260726_083632_733_f000069_reprojection_error_raw.jpg,archive_local/rnd_20260729/outputs/out/object_anchor_world/20260726_083615/failures/20260726_083632_733_f000069_reprojection_error_raw.jpg,ARCHIVE_RND,286440,8cefd175d4cdbcde8ffe8cedbdb5502496ff8f7f6f3927ba55001fc23836893e,historical or bulk experiment output not used by runtime,,varies,2026-07-29T06:06:57.567175+00:00
out/object_anchor_world/20260726_083615/failures/20260726_083633_512_f000072_reprojection_error_overlay.jpg,archive_local/rnd_20260729/outputs/out/object_anchor_world/20260726_083615/failures/20260726_083633_512_f000072_reprojection_error_overlay.jpg,ARCHIVE_RND,303686,43507607069a58a7a10d025b057f5d3c9047bb543613440a08cd09675af34c27,historical or bulk experiment output not used by runtime,,varies,2026-07-29T06:06:57.567175+00:00
out/object_anchor_world/20260726_083615/failures/20260726_083633_512_f000072_reprojection_error_raw.jpg,archive_local/rnd_20260729/outputs/out/object_anchor_world/20260726_083615/failures/20260726_083633_512_f000072_reprojection_error_raw.jpg,ARCHIVE_RND,289035,bbde382f04ac17afc59c74779623439baaae4e7c496f13dcdcf055f1d5b63dc1,historical or bulk experiment output not used by runtime,,varies,2026-07-29T06:06:57.567175+00:00
out/object_anchor_world/20260726_083615/failures/20260726_083634_013_f000074_reprojection_error_overlay.jpg,archive_local/rnd_20260729/outputs/out/object_anchor_world/20260726_083615/failures/20260726_083634_013_f000074_reprojection_error_overlay.jpg,ARCHIVE_RND,302014,50f0d30df1327115e56dd8f80e5e050fb36dded7233700450df60f2cc5002f3e,historical or bulk experiment output not used by runtime,,varies,2026-07-29T06:06:57.567175+00:00
out/object_anchor_world/20260726_083615/failures/20260726_083634_013_f000074_reprojection_error_raw.jpg,archive_local/rnd_20260729/outputs/out/object_anchor_world/20260726_083615/failures/20260726_083634_013_f000074_reprojection_error_raw.jpg,ARCHIVE_RND,288464,cb1227a94a4c184f2855f2313e28af107204a0aef38d867aa21e953b09f81961,historical or bulk experiment output not used by runtime,,varies,2026-07-29T06:06:57.567175+00:00
out/object_anchor_world/20260726_083615/failures/20260726_083634_709_f000077_reprojection_error_overlay.jpg,archive_local/rnd_20260729/outputs/out/object_anchor_world/20260726_083615/failures/20260726_083634_709_f000077_reprojection_error_overlay.jpg,ARCHIVE_RND,302837,b4c06c2a28a443e56ac8ca90e44a1887502579b25c26c960ec8994653e34729f,historical or bulk experiment output not used by runtime,,varies,2026-07-29T06:06:57.567175+00:00
out/object_anchor_world/20260726_083615/failures/20260726_083634_709_f000077_reprojection_error_raw.jpg,archive_local/rnd_20260729/outputs/out/object_anchor_world/20260726_083615/failures/20260726_083634_709_f000077_reprojection_error_raw.jpg,ARCHIVE_RND,288723,0b6e218c80ef15453fbec6b26bf20d5d3bd91c6b47b4b236da14f063a79cf607,historical or bulk experiment output not used by runtime,,varies,2026-07-29T06:06:57.567175+00:00
out/object_anchor_world/20260726_083615/failures/20260726_083635_381_f000080_reprojection_error_overlay.jpg,archive_local/rnd_20260729/outputs/out/object_anchor_world/20260726_083615/failures/20260726_083635_381_f000080_reprojection_error_overlay.jpg,ARCHIVE_RND,305298,a83ae6b622695566bdde8280b503352fabf95fbe72503fa92a10686b480e92eb,historical or bulk experiment output not used by runtime,,varies,2026-07-29T06:06:57.567175+00:00
out/object_anchor_world/20260726_083615/failures/20260726_083635_381_f000080_reprojection_error_raw.jpg,archive_local/rnd_20260729/outputs/out/object_anchor_world/20260726_083615/failures/20260726_083635_381_f000080_reprojection_error_raw.jpg,ARCHIVE_RND,291051,b4679adc216f512312ebc59232634ac23bd6fea2a645cdc45d3dcbd4f93c96a9,historical or bulk experiment output not used by runtime,,varies,2026-07-29T06:06:57.567175+00:00
out/object_anchor_world/20260726_083615/failures/20260726_083636_064_f000083_reprojection_error_overlay.jpg,archive_local/rnd_20260729/outputs/out/object_anchor_world/20260726_083615/failures/20260726_083636_064_f000083_reprojection_error_overlay.jpg,ARCHIVE_RND,305210,0d027865f2b71ae48dfe3a05f3eaf262961daf940659f613195c1fa0c06430a2,historical or bulk experiment output not used by runtime,,varies,2026-07-29T06:06:57.567175+00:00
out/object_anchor_world/20260726_083615/failures/20260726_083636_064_f000083_reprojection_error_raw.jpg,archive_local/rnd_20260729/outputs/out/object_anchor_world/20260726_083615/failures/20260726_083636_064_f000083_reprojection_error_raw.jpg,ARCHIVE_RND,290380,a977f463f8cc68404bb79424d3dd931d562cdccc67cd20675d271354c526c97c,historical or bulk experiment output not used by runtime,,varies,2026-07-29T06:06:57.567175+00:00
out/object_anchor_world/20260726_083615/failures/20260726_083636_716_f000086_reprojection_error_overlay.jpg,archive_local/rnd_20260729/outputs/out/object_anchor_world/20260726_083615/failures/20260726_083636_716_f000086_reprojection_error_overlay.jpg,ARCHIVE_RND,304648,52c2c1640545f84872f5a360751ace424fd2d1846dd63b07e15494087b96b594,historical or bulk experiment output not used by runtime,,varies,2026-07-29T06:06:57.567175+00:00
out/object_anchor_world/20260726_083615/failures/20260726_083636_716_f000086_reprojection_error_raw.jpg,archive_local/rnd_20260729/outputs/out/object_anchor_world/20260726_083615/failures/20260726_083636_716_f000086_reprojection_error_raw.jpg,ARCHIVE_RND,290386,e68546590befbe262bb685aa83e7c7fc014e51dbdeba7085ecff99d44f1a25d6,historical or bulk experiment output not used by runtime,,varies,2026-07-29T06:06:57.567175+00:00
out/object_anchor_world/20260726_083615/failures/20260726_083637_247_f000088_reprojection_error_overlay.jpg,archive_local/rnd_20260729/outputs/out/object_anchor_world/20260726_083615/failures/20260726_083637_247_f000088_reprojection_error_overlay.jpg,ARCHIVE_RND,304513,4805eac655a5540238c324a880644b73b0d8b52f3cc25180908a2c0375f98aa5,historical or bulk experiment output not used by runtime,,varies,2026-07-29T06:06:57.567175+00:00
out/object_anchor_world/20260726_083615/failures/20260726_083637_247_f000088_reprojection_error_raw.jpg,archive_local/rnd_20260729/outputs/out/object_anchor_world/20260726_083615/failures/20260726_083637_247_f000088_reprojection_error_raw.jpg,ARCHIVE_RND,290150,3859506891882d50b29d311f015e37bef9c1604bc9eb5c18965ad0a4dd98332a,historical or bulk experiment output not used by runtime,,varies,2026-07-29T06:06:57.567175+00:00
out/object_anchor_world/20260726_083615/failures/20260726_083637_919_f000091_reprojection_error_overlay.jpg,archive_local/rnd_20260729/outputs/out/object_anchor_world/20260726_083615/failures/20260726_083637_919_f000091_reprojection_error_overlay.jpg,ARCHIVE_RND,303993,4fea03ed89871fd1dd780dfbb72e817389bd86a1c1549caf860dcbe44f101004,historical or bulk experiment output not used by runtime,,varies,2026-07-29T06:06:57.567175+00:00
out/object_anchor_world/20260726_083615/failures/20260726_083637_919_f000091_reprojection_error_raw.jpg,archive_local/rnd_20260729/outputs/out/object_anchor_world/20260726_083615/failures/20260726_083637_919_f000091_reprojection_error_raw.jpg,ARCHIVE_RND,289307,5fc2afd1fc1cd6aee1936d4b239111930588f1f1263555e94e9fc4dc41b5a11d,historical or bulk experiment output not used by runtime,,varies,2026-07-29T06:06:57.567175+00:00
out/object_anchor_world/20260726_083615/failures/20260726_083638_592_f000094_reprojection_error_overlay.jpg,archive_local/rnd_20260729/outputs/out/object_anchor_world/20260726_083615/failures/20260726_083638_592_f000094_reprojection_error_overlay.jpg,ARCHIVE_RND,299213,afe00c401c9208a8a2261599112f6c5ac3325999def444d203967110f6126c15,historical or bulk experiment output not used by runtime,,varies,2026-07-29T06:06:57.567175+00:00
out/object_anchor_world/20260726_083615/failures/20260726_083638_592_f000094_reprojection_error_raw.jpg,archive_local/rnd_20260729/outputs/out/object_anchor_world/20260726_083615/failures/20260726_083638_592_f000094_reprojection_error_raw.jpg,ARCHIVE_RND,284889,34ea7fbbb5ed1c2729b204a22d59f6fbb28a0201d69588f2530f8ed00c5454f2,historical or bulk experiment output not used by runtime,,varies,2026-07-29T06:06:57.567175+00:00
out/object_anchor_world/20260726_083615/failures/20260726_083639_607_f000099_reprojection_error_overlay.jpg,archive_local/rnd_20260729/outputs/out/object_anchor_world/20260726_083615/failures/20260726_083639_607_f000099_reprojection_error_overlay.jpg,ARCHIVE_RND,299348,30fa6776a8accb8d77ed1dc466192b69424bdef5987987ff8f2815b7e5821bde,historical or bulk experiment output not used by runtime,,varies,2026-07-29T06:06:57.567175+00:00
out/object_anchor_world/20260726_083615/failures/20260726_083639_607_f000099_reprojection_error_raw.jpg,archive_local/rnd_20260729/outputs/out/object_anchor_world/20260726_083615/failures/20260726_083639_607_f000099_reprojection_error_raw.jpg,ARCHIVE_RND,287145,1d8812cd5c3879934835b6d444452f22faafb7d68c3e71a293c2e6f2cf43f28f,historical or bulk experiment output not used by runtime,,varies,2026-07-29T06:06:57.567175+00:00
out/object_anchor_world/20260726_083615/failures/20260726_083640_330_f000102_reprojection_error_overlay.jpg,archive_local/rnd_20260729/outputs/out/object_anchor_world/20260726_083615/failures/20260726_083640_330_f000102_reprojection_error_overlay.jpg,ARCHIVE_RND,301232,c36e085fe161720542b1141dc615dc5d88e167d2bb1df3f38c0131602dfa3dfa,historical or bulk experiment output not used by runtime,,varies,2026-07-29T06:06:57.567175+00:00
out/object_anchor_world/20260726_083615/failures/20260726_083640_330_f000102_reprojection_error_raw.jpg,archive_local/rnd_20260729/outputs/out/object_anchor_world/20260726_083615/failures/20260726_083640_330_f000102_reprojection_error_raw.jpg,ARCHIVE_RND,286298,6a5cee3d2289971ad4c2f0a1472eecea49b7508a8a56248ae39727a87adde627,historical or bulk experiment output not used by runtime,,varies,2026-07-29T06:06:57.567175+00:00
out/object_anchor_world/20260726_083615/failures/20260726_083640_956_f000105_reprojection_error_overlay.jpg,archive_local/rnd_20260729/outputs/out/object_anchor_world/20260726_083615/failures/20260726_083640_956_f000105_reprojection_error_overlay.jpg,ARCHIVE_RND,310891,53954801889ba8fbd3ead9433ec69f107569f0b2c740d5e2deadb1e0290522a8,historical or bulk experiment output not used by runtime,,varies,2026-07-29T06:06:57.567175+00:00
out/object_anchor_world/20260726_083615/failures/20260726_083640_956_f000105_reprojection_error_raw.jpg,archive_local/rnd_20260729/outputs/out/object_anchor_world/20260726_083615/failures/20260726_083640_956_f000105_reprojection_error_raw.jpg,ARCHIVE_RND,292723,4c1749c6c25bb981d633543223ba7a71a7713802d552c0f8af839851af11827d,historical or bulk experiment output not used by runtime,,varies,2026-07-29T06:06:57.567175+00:00
out/object_anchor_world/20260726_083615/failures/20260726_083641_647_f000108_reprojection_error_overlay.jpg,archive_local/rnd_20260729/outputs/out/object_anchor_world/20260726_083615/failures/20260726_083641_647_f000108_reprojection_error_overlay.jpg,ARCHIVE_RND,310309,3e534fb5ed4f751418f842586caa8181a309e07f69196baad909881371810aa7,historical or bulk experiment output not used by runtime,,varies,2026-07-29T06:06:57.567175+00:00
out/object_anchor_world/20260726_083615/failures/20260726_083641_647_f000108_reprojection_error_raw.jpg,archive_local/rnd_20260729/outputs/out/object_anchor_world/20260726_083615/failures/20260726_083641_647_f000108_reprojection_error_raw.jpg,ARCHIVE_RND,292274,29f5304ceb95d79bc6420488ee0db61f7b465cdb7331279277585e374758fcac,historical or bulk experiment output not used by runtime,,varies,2026-07-29T06:06:57.567175+00:00
out/object_anchor_world/20260726_083615/failures/20260726_083642_263_f000111_reprojection_error_overlay.jpg,archive_local/rnd_20260729/outputs/out/object_anchor_world/20260726_083615/failures/20260726_083642_263_f000111_reprojection_error_overlay.jpg,ARCHIVE_RND,269865,eee91b823ecc39fc843c721071132fc424043c812f40720b53221c94ea151606,historical or bulk experiment output not used by runtime,,varies,2026-07-29T06:06:57.567175+00:00
out/object_anchor_world/20260726_083615/failures/20260726_083642_263_f000111_reprojection_error_raw.jpg,archive_local/rnd_20260729/outputs/out/object_anchor_world/20260726_083615/failures/20260726_083642_263_f000111_reprojection_error_raw.jpg,ARCHIVE_RND,250465,4bfce522f37eeab6bd67edcf98e03bb844bb35a78f734f70d8e1b219ed852436,historical or bulk experiment output not used by runtime,,varies,2026-07-29T06:06:57.567175+00:00
out/object_anchor_world/20260726_083615/failures/20260726_083642_904_f000114_reprojection_error_overlay.jpg,archive_local/rnd_20260729/outputs/out/object_anchor_world/20260726_083615/failures/20260726_083642_904_f000114_reprojection_error_overlay.jpg,ARCHIVE_RND,270593,f545338cd34a616890432c90e3f68a589238f4984c7ce09a837b823f0ba27848,historical or bulk experiment output not used by runtime,,varies,2026-07-29T06:06:57.567175+00:00
out/object_anchor_world/20260726_083615/failures/20260726_083642_904_f000114_reprojection_error_raw.jpg,archive_local/rnd_20260729/outputs/out/object_anchor_world/20260726_083615/failures/20260726_083642_904_f000114_reprojection_error_raw.jpg,ARCHIVE_RND,250745,e6d8402e00b7f35096efc108fbb9de6fb8fa6c854716c66325c964d42299dbdb,historical or bulk experiment output not used by runtime,,varies,2026-07-29T06:06:57.567175+00:00
out/object_anchor_world/20260726_083615/failures/20260726_083643_522_f000117_reprojection_error_overlay.jpg,archive_local/rnd_20260729/outputs/out/object_anchor_world/20260726_083615/failures/20260726_083643_522_f000117_reprojection_error_overlay.jpg,ARCHIVE_RND,265549,ef245d1bea0e71dbdbffaac9d1724e2d24eb68293b27a649909f51306f0d0027,historical or bulk experiment output not used by runtime,,varies,2026-07-29T06:06:57.567175+00:00
out/object_anchor_world/20260726_083615/failures/20260726_083643_522_f000117_reprojection_error_raw.jpg,archive_local/rnd_20260729/outputs/out/object_anchor_world/20260726_083615/failures/20260726_083643_522_f000117_reprojection_error_raw.jpg,ARCHIVE_RND,247169,135824d0a309165629abcfbefb481d577eb7910ca15407d81c52985cbfd21c78,historical or bulk experiment output not used by runtime,,varies,2026-07-29T06:06:57.567175+00:00
out/object_anchor_world/20260726_083615/failures/20260726_083644_135_f000120_reprojection_error_overlay.jpg,archive_local/rnd_20260729/outputs/out/object_anchor_world/20260726_083615/failures/20260726_083644_135_f000120_reprojection_error_overlay.jpg,ARCHIVE_RND,261545,ba718bc228cacba524c456c1f89c64dde91fa09fbcb5a662772ceb081c050e13,historical or bulk experiment output not used by runtime,,varies,2026-07-29T06:06:57.567175+00:00
out/object_anchor_world/20260726_083615/failures/20260726_083644_135_f000120_reprojection_error_raw.jpg,archive_local/rnd_20260729/outputs/out/object_anchor_world/20260726_083615/failures/20260726_083644_135_f000120_reprojection_error_raw.jpg,ARCHIVE_RND,244269,c226e1ca6754bc1470b44fd2638354151c77d52a6102c6cb03bcfc3ae2788b6d,historical or bulk experiment output not used by runtime,,varies,2026-07-29T06:06:57.567175+00:00
out/object_anchor_world/20260726_083615/failures/20260726_083644_742_f000123_reprojection_error_overlay.jpg,archive_local/rnd_20260729/outputs/out/object_anchor_world/20260726_083615/failures/20260726_083644_742_f000123_reprojection_error_overlay.jpg,ARCHIVE_RND,261730,b6c3b5fec165c991801fab601857934c26ba5c422346c84ae709a36441a9212c,historical or bulk experiment output not used by runtime,,varies,2026-07-29T06:06:57.567175+00:00
out/object_anchor_world/20260726_083615/failures/20260726_083644_742_f000123_reprojection_error_raw.jpg,archive_local/rnd_20260729/outputs/out/object_anchor_world/20260726_083615/failures/20260726_083644_742_f000123_reprojection_error_raw.jpg,ARCHIVE_RND,243671,a654200de5d7f03f51b38791b0c18ce9c079a636d92556637eb3683b0c9d8524,historical or bulk experiment output not used by runtime,,varies,2026-07-29T06:06:57.567175+00:00
out/object_anchor_world/20260726_083615/failures/20260726_083645_402_f000126_reprojection_error_overlay.jpg,archive_local/rnd_20260729/outputs/out/object_anchor_world/20260726_083615/failures/20260726_083645_402_f000126_reprojection_error_overlay.jpg,ARCHIVE_RND,262607,35c4db00458ee664e56f3034154298177bb8832f1f0067d8d63df243ca949a7e,historical or bulk experiment output not used by runtime,,varies,2026-07-29T06:06:57.567175+00:00
out/object_anchor_world/20260726_083615/failures/20260726_083645_402_f000126_reprojection_error_raw.jpg,archive_local/rnd_20260729/outputs/out/object_anchor_world/20260726_083615/failures/20260726_083645_402_f000126_reprojection_error_raw.jpg,ARCHIVE_RND,244006,4dcb466fa91acc51dc591843efedf4b7a3f9352f9ac5ebe9cddbd94ccb4b19f4,historical or bulk experiment output not used by runtime,,varies,2026-07-29T06:06:57.567175+00:00
out/object_anchor_world/20260726_083615/failures/20260726_083646_005_f000129_reprojection_error_overlay.jpg,archive_local/rnd_20260729/outputs/out/object_anchor_world/20260726_083615/failures/20260726_083646_005_f000129_reprojection_error_overlay.jpg,ARCHIVE_RND,260018,945a87b55c5c833a3258dc9531bf88e784cac3b692d691ad103de325d417c424,historical or bulk experiment output not used by runtime,,varies,2026-07-29T06:06:57.567175+00:00
out/object_anchor_world/20260726_083615/failures/20260726_083646_005_f000129_reprojection_error_raw.jpg,archive_local/rnd_20260729/outputs/out/object_anchor_world/20260726_083615/failures/20260726_083646_005_f000129_reprojection_error_raw.jpg,ARCHIVE_RND,242324,e1a8bd4fa77c5b73c98a8bfec6bb23e76ded750b8f8dc9ebb5c470021ca6be60,historical or bulk experiment output not used by runtime,,varies,2026-07-29T06:06:57.567175+00:00
out/object_anchor_world/20260726_083615/failures/20260726_083646_620_f000132_reprojection_error_overlay.jpg,archive_local/rnd_20260729/outputs/out/object_anchor_world/20260726_083615/failures/20260726_083646_620_f000132_reprojection_error_overlay.jpg,ARCHIVE_RND,260001,9474d52f9e33cd3daeeb38410bd232cd903938ab10e450f6f7e53d51dbf61291,historical or bulk experiment output not used by runtime,,varies,2026-07-29T06:06:57.567175+00:00
out/object_anchor_world/20260726_083615/failures/20260726_083646_620_f000132_reprojection_error_raw.jpg,archive_local/rnd_20260729/outputs/out/object_anchor_world/20260726_083615/failures/20260726_083646_620_f000132_reprojection_error_raw.jpg,ARCHIVE_RND,242412,44ccc29d3741b6d78ee7d97f2e2818c75b8ffa7df4d70fdca55b2c6ddbe468da,historical or bulk experiment output not used by runtime,,varies,2026-07-29T06:06:57.567175+00:00
out/object_anchor_world/20260726_083615/failures/20260726_083647_320_f000135_reprojection_error_overlay.jpg,archive_local/rnd_20260729/outputs/out/object_anchor_world/20260726_083615/failures/20260726_083647_320_f000135_reprojection_error_overlay.jpg,ARCHIVE_RND,259821,a8b4b85876f8984ba12d8acafb9a1e1c3c151a5b60c22c0e196d3ed6aba074bc,historical or bulk experiment output not used by runtime,,varies,2026-07-29T06:06:57.567175+00:00
out/object_anchor_world/20260726_083615/failures/20260726_083647_320_f000135_reprojection_error_raw.jpg,archive_local/rnd_20260729/outputs/out/object_anchor_world/20260726_083615/failures/20260726_083647_320_f000135_reprojection_error_raw.jpg,ARCHIVE_RND,242604,577c7da3627a087a06d0f15a0dc383e0ef21f3d9b4abc1cd971fcb926f12cce7,historical or bulk experiment output not used by runtime,,varies,2026-07-29T06:06:57.567175+00:00
out/object_anchor_world/20260726_083615/failures/20260726_083647_983_f000138_reprojection_error_overlay.jpg,archive_local/rnd_20260729/outputs/out/object_anchor_world/20260726_083615/failures/20260726_083647_983_f000138_reprojection_error_overlay.jpg,ARCHIVE_RND,261234,95ade9dbc0ae317f613aaba50b533ce2fa20b8bcb6fd6e7d55d8eaa0361357bc,historical or bulk experiment output not used by runtime,,varies,2026-07-29T06:06:57.567175+00:00
out/object_anchor_world/20260726_083615/failures/20260726_083647_983_f000138_reprojection_error_raw.jpg,archive_local/rnd_20260729/outputs/out/object_anchor_world/20260726_083615/failures/20260726_083647_983_f000138_reprojection_error_raw.jpg,ARCHIVE_RND,243866,4bcc14cae72cf3844ffd57129c62558cf46cde2203ddd6c22dd0c5fa5d3a9455,historical or bulk experiment output not used by runtime,,varies,2026-07-29T06:06:57.567175+00:00
out/object_anchor_world/20260726_083615/failures/20260726_083648_572_f000141_reprojection_error_overlay.jpg,archive_local/rnd_20260729/outputs/out/object_anchor_world/20260726_083615/failures/20260726_083648_572_f000141_reprojection_error_overlay.jpg,ARCHIVE_RND,261262,eddb61f2896226196e7cdf6c82a823bc3b0f093d3846048afe194daff88ae86d,historical or bulk experiment output not used by runtime,,varies,2026-07-29T06:06:57.567175+00:00
out/object_anchor_world/20260726_083615/failures/20260726_083648_572_f000141_reprojection_error_raw.jpg,archive_local/rnd_20260729/outputs/out/object_anchor_world/20260726_083615/failures/20260726_083648_572_f000141_reprojection_error_raw.jpg,ARCHIVE_RND,243903,169138ac0db04ae3682b655db3b95c2a8797301024269784f5cbf85ca7ae613d,historical or bulk experiment output not used by runtime,,varies,2026-07-29T06:06:57.567175+00:00
out/object_anchor_world/20260726_083615/failures/20260726_083649_122_f000144_reprojection_error_overlay.jpg,archive_local/rnd_20260729/outputs/out/object_anchor_world/20260726_083615/failures/20260726_083649_122_f000144_reprojection_error_overlay.jpg,ARCHIVE_RND,257467,7bca0017947c7befced747c6c944e4e3c18ca80cca2078a7399b163eaa2c841a,historical or bulk experiment output not used by runtime,,varies,2026-07-29T06:06:57.567175+00:00
out/object_anchor_world/20260726_083615/failures/20260726_083649_122_f000144_reprojection_error_raw.jpg,archive_local/rnd_20260729/outputs/out/object_anchor_world/20260726_083615/failures/20260726_083649_122_f000144_reprojection_error_raw.jpg,ARCHIVE_RND,240742,e9b3156c57a7570993456728702779c7fb09e635d6e277c0853b13c59d2647f7,historical or bulk experiment output not used by runtime,,varies,2026-07-29T06:06:57.567175+00:00
out/object_anchor_world/20260726_083615/failures/20260726_083649_721_f000147_reprojection_error_overlay.jpg,archive_local/rnd_20260729/outputs/out/object_anchor_world/20260726_083615/failures/20260726_083649_721_f000147_reprojection_error_overlay.jpg,ARCHIVE_RND,300361,e575256979545009d7fbc4f417354ac045ee915cdf348c2204d9e15883babf85,historical or bulk experiment output not used by runtime,,varies,2026-07-29T06:06:57.567175+00:00
out/object_anchor_world/20260726_083615/failures/20260726_083649_721_f000147_reprojection_error_raw.jpg,archive_local/rnd_20260729/outputs/out/object_anchor_world/20260726_083615/failures/20260726_083649_721_f000147_reprojection_error_raw.jpg,ARCHIVE_RND,284497,140b21a48dff486fa37c92b4c61db2ea154a8847945c2880240a8c3678016259,historical or bulk experiment output not used by runtime,,varies,2026-07-29T06:06:57.567175+00:00
out/object_anchor_world/20260726_083615/failures/20260726_083650_440_f000150_reprojection_error_overlay.jpg,archive_local/rnd_20260729/outputs/out/object_anchor_world/20260726_083615/failures/20260726_083650_440_f000150_reprojection_error_overlay.jpg,ARCHIVE_RND,298734,5ccae003a5f0de87cfe2d8702da8ae2e0f5295362af79eaaa2565d4d5e18e4b8,historical or bulk experiment output not used by runtime,,varies,2026-07-29T06:06:57.567175+00:00
out/object_anchor_world/20260726_083615/failures/20260726_083650_440_f000150_reprojection_error_raw.jpg,archive_local/rnd_20260729/outputs/out/object_anchor_world/20260726_083615/failures/20260726_083650_440_f000150_reprojection_error_raw.jpg,ARCHIVE_RND,283197,2a2bbaf636726a23a8bd3c835d2a546151ba5a34262e90887e26a386ee25cbb8,historical or bulk experiment output not used by runtime,,varies,2026-07-29T06:06:57.567175+00:00
out/object_anchor_world/20260726_083615/failures/20260726_083651_036_f000153_reprojection_error_overlay.jpg,archive_local/rnd_20260729/outputs/out/object_anchor_world/20260726_083615/failures/20260726_083651_036_f000153_reprojection_error_overlay.jpg,ARCHIVE_RND,292418,2eca0a814dcf79fa052a8b362787d33520dc4d27d79a269264cb5ccc2af8813c,historical or bulk experiment output not used by runtime,,varies,2026-07-29T06:06:57.567175+00:00
out/object_anchor_world/20260726_083615/failures/20260726_083651_036_f000153_reprojection_error_raw.jpg,archive_local/rnd_20260729/outputs/out/object_anchor_world/20260726_083615/failures/20260726_083651_036_f000153_reprojection_error_raw.jpg,ARCHIVE_RND,275983,64c046d4c859e663d0618c674d151bfc94cf3f05b28a72e9bfb532a7febc7b0c,historical or bulk experiment output not used by runtime,,varies,2026-07-29T06:06:57.567175+00:00
out/object_anchor_world/20260726_083615/failures/20260726_083651_734_f000156_reprojection_error_overlay.jpg,archive_local/rnd_20260729/outputs/out/object_anchor_world/20260726_083615/failures/20260726_083651_734_f000156_reprojection_error_overlay.jpg,ARCHIVE_RND,292043,937ec70cd43a298fb8b083c6c28df796c975befaf0a1068a3b232b0fc329a586,historical or bulk experiment output not used by runtime,,varies,2026-07-29T06:06:57.567175+00:00
out/object_anchor_world/20260726_083615/failures/20260726_083651_734_f000156_reprojection_error_raw.jpg,archive_local/rnd_20260729/outputs/out/object_anchor_world/20260726_083615/failures/20260726_083651_734_f000156_reprojection_error_raw.jpg,ARCHIVE_RND,275600,b4e81f3a54dfdf5991db7f9d451ce23bf312c89c5b83f942ef90e079df048497,historical or bulk experiment output not used by runtime,,varies,2026-07-29T06:06:57.567175+00:00
out/object_anchor_world/20260726_083615/failures/20260726_083652_350_f000159_reprojection_error_overlay.jpg,archive_local/rnd_20260729/outputs/out/object_anchor_world/20260726_083615/failures/20260726_083652_350_f000159_reprojection_error_overlay.jpg,ARCHIVE_RND,290340,86c15e3b7d65dbfd04125194a71db37a892dd10bf19c09db1b140de9ec5544f9,historical or bulk experiment output not used by runtime,,varies,2026-07-29T06:06:57.567175+00:00
out/object_anchor_world/20260726_083615/failures/20260726_083652_350_f000159_reprojection_error_raw.jpg,archive_local/rnd_20260729/outputs/out/object_anchor_world/20260726_083615/failures/20260726_083652_350_f000159_reprojection_error_raw.jpg,ARCHIVE_RND,273593,393d79ad17cc3140ae1bb9b60d3b40e2c8709cd04fc4ad7e8d66b3c52dc8079c,historical or bulk experiment output not used by runtime,,varies,2026-07-29T06:06:57.567175+00:00
out/object_anchor_world/20260726_083615/failures/20260726_083653_046_f000162_reprojection_error_overlay.jpg,archive_local/rnd_20260729/outputs/out/object_anchor_world/20260726_083615/failures/20260726_083653_046_f000162_reprojection_error_overlay.jpg,ARCHIVE_RND,290624,d0ee54fda905811374ece5dc8eca366bc32bc1ccc1ee00d1047702e7fe6ea5c2,historical or bulk experiment output not used by runtime,,varies,2026-07-29T06:06:57.567175+00:00
out/object_anchor_world/20260726_083615/failures/20260726_083653_046_f000162_reprojection_error_raw.jpg,archive_local/rnd_20260729/outputs/out/object_anchor_world/20260726_083615/failures/20260726_083653_046_f000162_reprojection_error_raw.jpg,ARCHIVE_RND,274391,de678dc738156a267b50971906c7abf9728f4862d72eb9f67d6687876599a36f,historical or bulk experiment output not used by runtime,,varies,2026-07-29T06:06:57.567175+00:00
out/object_anchor_world/20260726_083615/failures/20260726_083653_709_f000165_reprojection_error_overlay.jpg,archive_local/rnd_20260729/outputs/out/object_anchor_world/20260726_083615/failures/20260726_083653_709_f000165_reprojection_error_overlay.jpg,ARCHIVE_RND,289034,cb1ec99cbbde57fbf385dcb27eef94c00069d90231b13fd8681ebf8d368f81b2,historical or bulk experiment output not used by runtime,,varies,2026-07-29T06:06:57.567175+00:00
out/object_anchor_world/20260726_083615/failures/20260726_083653_709_f000165_reprojection_error_raw.jpg,archive_local/rnd_20260729/outputs/out/object_anchor_world/20260726_083615/failures/20260726_083653_709_f000165_reprojection_error_raw.jpg,ARCHIVE_RND,272349,3442ebae91c75db36c386e4651ddd15f5b088e6a0a306caf71a308af4876a6df,historical or bulk experiment output not used by runtime,,varies,2026-07-29T06:06:57.567175+00:00
out/object_anchor_world/20260726_083615/failures/20260726_083654_350_f000168_reprojection_error_overlay.jpg,archive_local/rnd_20260729/outputs/out/object_anchor_world/20260726_083615/failures/20260726_083654_350_f000168_reprojection_error_overlay.jpg,ARCHIVE_RND,288387,37981366391e0d94a7751aaafd667ac99fd889ce92dd8792480f41114765d9d3,historical or bulk experiment output not used by runtime,,varies,2026-07-29T06:06:57.567175+00:00
out/object_anchor_world/20260726_083615/failures/20260726_083654_350_f000168_reprojection_error_raw.jpg,archive_local/rnd_20260729/outputs/out/object_anchor_world/20260726_083615/failures/20260726_083654_350_f000168_reprojection_error_raw.jpg,ARCHIVE_RND,272085,2b35d375a99d9028ed21680ddeb8c50bc7f7d4179398611c3bc49e4a076c081d,historical or bulk experiment output not used by runtime,,varies,2026-07-29T06:06:57.567175+00:00
out/object_anchor_world/20260726_083615/failures/20260726_083655_010_f000171_reprojection_error_overlay.jpg,archive_local/rnd_20260729/outputs/out/object_anchor_world/20260726_083615/failures/20260726_083655_010_f000171_reprojection_error_overlay.jpg,ARCHIVE_RND,288711,7535e16328809365943f5f6b950bf136f3cd3913987c7c95209b6f83bf000d12,historical or bulk experiment output not used by runtime,,varies,2026-07-29T06:06:57.567175+00:00
out/object_anchor_world/20260726_083615/failures/20260726_083655_010_f000171_reprojection_error_raw.jpg,archive_local/rnd_20260729/outputs/out/object_anchor_world/20260726_083615/failures/20260726_083655_010_f000171_reprojection_error_raw.jpg,ARCHIVE_RND,272174,5536b7289944c8b8ddbd82c3be4a4b3e781d08eec062268ab8abdf8f12b1f892,historical or bulk experiment output not used by runtime,,varies,2026-07-29T06:06:57.567175+00:00
out/object_anchor_world/20260726_083615/failures/20260726_083655_636_f000174_reprojection_error_overlay.jpg,archive_local/rnd_20260729/outputs/out/object_anchor_world/20260726_083615/failures/20260726_083655_636_f000174_reprojection_error_overlay.jpg,ARCHIVE_RND,289681,b0d89543893e4f24d48f62a695e9c64e98489ce0e356eae3b8fb5983f71ec4e4,historical or bulk experiment output not used by runtime,,varies,2026-07-29T06:06:57.567175+00:00
out/object_anchor_world/20260726_083615/failures/20260726_083655_636_f000174_reprojection_error_raw.jpg,archive_local/rnd_20260729/outputs/out/object_anchor_world/20260726_083615/failures/20260726_083655_636_f000174_reprojection_error_raw.jpg,ARCHIVE_RND,272490,50541670358c4c193a0456c4249a43f0e6a44ba67504b10a09ee5febcb160fcd,historical or bulk experiment output not used by runtime,,varies,2026-07-29T06:06:57.567175+00:00
out/object_anchor_world/20260726_083615/failures/20260726_083656_297_f000177_reprojection_error_overlay.jpg,archive_local/rnd_20260729/outputs/out/object_anchor_world/20260726_083615/failures/20260726_083656_297_f000177_reprojection_error_overlay.jpg,ARCHIVE_RND,288675,3cc4c249b7ef89eaf758ce96540f7bd6039120593213adcb24c3e45e5bf69e9d,historical or bulk experiment output not used by runtime,,varies,2026-07-29T06:06:57.567175+00:00
out/object_anchor_world/20260726_083615/failures/20260726_083656_297_f000177_reprojection_error_raw.jpg,archive_local/rnd_20260729/outputs/out/object_anchor_world/20260726_083615/failures/20260726_083656_297_f000177_reprojection_error_raw.jpg,ARCHIVE_RND,272080,87c3165fd798f32bcd94e06ad104a16b58a558fde92b53fda176a3fc4293e7a7,historical or bulk experiment output not used by runtime,,varies,2026-07-29T06:06:57.567175+00:00
out/object_anchor_world/20260726_083615/failures/20260726_083656_883_f000180_reprojection_error_overlay.jpg,archive_local/rnd_20260729/outputs/out/object_anchor_world/20260726_083615/failures/20260726_083656_883_f000180_reprojection_error_overlay.jpg,ARCHIVE_RND,289770,8bfbe058c65c61aa09129d3dc45459baec3e450fca2fb108eafd14347e265e97,historical or bulk experiment output not used by runtime,,varies,2026-07-29T06:06:57.567175+00:00
out/object_anchor_world/20260726_083615/failures/20260726_083656_883_f000180_reprojection_error_raw.jpg,archive_local/rnd_20260729/outputs/out/object_anchor_world/20260726_083615/failures/20260726_083656_883_f000180_reprojection_error_raw.jpg,ARCHIVE_RND,273023,04da16862497c59425284fd38809a48e5714ef7e7687b5cef9faf5091527f3b9,historical or bulk experiment output not used by runtime,,varies,2026-07-29T06:06:57.567175+00:00
out/object_anchor_world/20260726_083615/failures/20260726_083657_481_f000183_reprojection_error_overlay.jpg,archive_local/rnd_20260729/outputs/out/object_anchor_world/20260726_083615/failures/20260726_083657_481_f000183_reprojection_error_overlay.jpg,ARCHIVE_RND,289126,2e1b2a2a1d0f557cd9dfbd6b9181d2f70f1a5a78ed7e193875797017e634bfa5,historical or bulk experiment output not used by runtime,,varies,2026-07-29T06:06:57.567175+00:00
out/object_anchor_world/20260726_083615/failures/20260726_083657_481_f000183_reprojection_error_raw.jpg,archive_local/rnd_20260729/outputs/out/object_anchor_world/20260726_083615/failures/20260726_083657_481_f000183_reprojection_error_raw.jpg,ARCHIVE_RND,272470,bb6acf539188937d6c7e40909e6aed451ddefb91c873f3ab72d63d5e0fa30463,historical or bulk experiment output not used by runtime,,varies,2026-07-29T06:06:57.567175+00:00
out/object_anchor_world/20260726_083615/failures/20260726_083658_186_f000186_reprojection_error_overlay.jpg,archive_local/rnd_20260729/outputs/out/object_anchor_world/20260726_083615/failures/20260726_083658_186_f000186_reprojection_error_overlay.jpg,ARCHIVE_RND,288127,067c97ec0d557b3e436f98775fb5278413bff1c520c5ec59898c05ae437e73f8,historical or bulk experiment output not used by runtime,,varies,2026-07-29T06:06:57.567175+00:00
out/object_anchor_world/20260726_083615/failures/20260726_083658_186_f000186_reprojection_error_raw.jpg,archive_local/rnd_20260729/outputs/out/object_anchor_world/20260726_083615/failures/20260726_083658_186_f000186_reprojection_error_raw.jpg,ARCHIVE_RND,271289,c86c8eeb2c77730ecd087867c8e3dad4d7dbe9eccda2632242992d99e89f3a4d,historical or bulk experiment output not used by runtime,,varies,2026-07-29T06:06:57.567175+00:00
out/object_anchor_world/20260726_083615/failures/20260726_083658_790_f000189_reprojection_error_overlay.jpg,archive_local/rnd_20260729/outputs/out/object_anchor_world/20260726_083615/failures/20260726_083658_790_f000189_reprojection_error_overlay.jpg,ARCHIVE_RND,288531,0d0628e75ee75809777f50371279aa31b62a37303ac6da960d385597c604d9bb,historical or bulk experiment output not used by runtime,,varies,2026-07-29T06:06:57.567175+00:00
out/object_anchor_world/20260726_083615/failures/20260726_083658_790_f000189_reprojection_error_raw.jpg,archive_local/rnd_20260729/outputs/out/object_anchor_world/20260726_083615/failures/20260726_083658_790_f000189_reprojection_error_raw.jpg,ARCHIVE_RND,271638,3198ef27934324286cf3e716882de2626ab8e5bf4ddd3c7865cc6e58d83aeec9,historical or bulk experiment output not used by runtime,,varies,2026-07-29T06:06:57.567175+00:00
out/object_anchor_world/20260726_083615/failures/20260726_083659_457_f000192_reprojection_error_overlay.jpg,archive_local/rnd_20260729/outputs/out/object_anchor_world/20260726_083615/failures/20260726_083659_457_f000192_reprojection_error_overlay.jpg,ARCHIVE_RND,287947,1b1f5c76b120cb9de94d71804a82fefe3654f799506d15a298a3fe0fbc12296d,historical or bulk experiment output not used by runtime,,varies,2026-07-29T06:06:57.567175+00:00
out/object_anchor_world/20260726_083615/failures/20260726_083659_457_f000192_reprojection_error_raw.jpg,archive_local/rnd_20260729/outputs/out/object_anchor_world/20260726_083615/failures/20260726_083659_457_f000192_reprojection_error_raw.jpg,ARCHIVE_RND,271396,6c86b7b043c21d21b2c3a53d0d48f8a8b4ed36baaccfef38eeb846174e0e66d8,historical or bulk experiment output not used by runtime,,varies,2026-07-29T06:06:57.567175+00:00
out/object_anchor_world/20260726_083615/failures/20260726_083700_100_f000195_reprojection_error_overlay.jpg,archive_local/rnd_20260729/outputs/out/object_anchor_world/20260726_083615/failures/20260726_083700_100_f000195_reprojection_error_overlay.jpg,ARCHIVE_RND,287955,4c65e33e03b088194e15dec6192bf164076783947c4f5df7b9c9cd068e2c2a15,historical or bulk experiment output not used by runtime,,varies,2026-07-29T06:06:57.567175+00:00
out/object_anchor_world/20260726_083615/failures/20260726_083700_100_f000195_reprojection_error_raw.jpg,archive_local/rnd_20260729/outputs/out/object_anchor_world/20260726_083615/failures/20260726_083700_100_f000195_reprojection_error_raw.jpg,ARCHIVE_RND,271515,d0c630d90fed694c6e7ac59663d7cf486d7413cb86df9432107ecc5d2c798092,historical or bulk experiment output not used by runtime,,varies,2026-07-29T06:06:57.567175+00:00
out/object_anchor_world/20260726_083615/failures/20260726_083700_734_f000198_reprojection_error_overlay.jpg,archive_local/rnd_20260729/outputs/out/object_anchor_world/20260726_083615/failures/20260726_083700_734_f000198_reprojection_error_overlay.jpg,ARCHIVE_RND,286775,f6fb3fbe4357434719e119f10e2e56b3e0bb4d4e92c872e992a50bb3faed4b60,historical or bulk experiment output not used by runtime,,varies,2026-07-29T06:06:57.567175+00:00
out/object_anchor_world/20260726_083615/failures/20260726_083700_734_f000198_reprojection_error_raw.jpg,archive_local/rnd_20260729/outputs/out/object_anchor_world/20260726_083615/failures/20260726_083700_734_f000198_reprojection_error_raw.jpg,ARCHIVE_RND,271257,e82a32f93979393ddad83a8529829a06cf7630d648ae14c034cadbab3016ca6d,historical or bulk experiment output not used by runtime,,varies,2026-07-29T06:06:57.567175+00:00
out/object_anchor_world/20260726_083615/failures/20260726_083701_380_f000201_reprojection_error_overlay.jpg,archive_local/rnd_20260729/outputs/out/object_anchor_world/20260726_083615/failures/20260726_083701_380_f000201_reprojection_error_overlay.jpg,ARCHIVE_RND,287859,65503caee534469fa4bf86cb1763377b720893e50f934a3b9bc9e5a2ee078428,historical or bulk experiment output not used by runtime,,varies,2026-07-29T06:06:57.567175+00:00
out/object_anchor_world/20260726_083615/failures/20260726_083701_380_f000201_reprojection_error_raw.jpg,archive_local/rnd_20260729/outputs/out/object_anchor_world/20260726_083615/failures/20260726_083701_380_f000201_reprojection_error_raw.jpg,ARCHIVE_RND,271144,0813d00d98731e41e4d784a6c981c9150f4136405d7f85b1b55f9709b46c5298,historical or bulk experiment output not used by runtime,,varies,2026-07-29T06:06:57.567175+00:00
out/object_anchor_world/20260726_083615/failures/20260726_083702_043_f000204_reprojection_error_overlay.jpg,archive_local/rnd_20260729/outputs/out/object_anchor_world/20260726_083615/failures/20260726_083702_043_f000204_reprojection_error_overlay.jpg,ARCHIVE_RND,288370,6f5d9b3c8176cfaaadebdb28c4b1aa1109bf54eb054c091d7514907ae9ac7a5e,historical or bulk experiment output not used by runtime,,varies,2026-07-29T06:06:57.567175+00:00
out/object_anchor_world/20260726_083615/failures/20260726_083702_043_f000204_reprojection_error_raw.jpg,archive_local/rnd_20260729/outputs/out/object_anchor_world/20260726_083615/failures/20260726_083702_043_f000204_reprojection_error_raw.jpg,ARCHIVE_RND,271245,dd863ede08d7e06ab39bb797f2b1e3ac76e3b6d05324462799a6145ec48a24e5,historical or bulk experiment output not used by runtime,,varies,2026-07-29T06:06:57.567175+00:00
out/object_anchor_world/20260726_083615/failures/20260726_083702_677_f000207_reprojection_error_overlay.jpg,archive_local/rnd_20260729/outputs/out/object_anchor_world/20260726_083615/failures/20260726_083702_677_f000207_reprojection_error_overlay.jpg,ARCHIVE_RND,287404,9155611f0a0a3ef3a4ef1a74b0b5fa2a0017d49cc10f50c84b29576fd76ae95f,historical or bulk experiment output not used by runtime,,varies,2026-07-29T06:06:57.567175+00:00
out/object_anchor_world/20260726_083615/failures/20260726_083702_677_f000207_reprojection_error_raw.jpg,archive_local/rnd_20260729/outputs/out/object_anchor_world/20260726_083615/failures/20260726_083702_677_f000207_reprojection_error_raw.jpg,ARCHIVE_RND,270519,7530f8d1e4b9d6f4ab68b7c55c7c6b3d2225ff5d289b5c1f1f952a90c0fda95b,historical or bulk experiment output not used by runtime,,varies,2026-07-29T06:06:57.567175+00:00
out/object_anchor_world/20260726_083615/failures/20260726_083703_352_f000210_reprojection_error_overlay.jpg,archive_local/rnd_20260729/outputs/out/object_anchor_world/20260726_083615/failures/20260726_083703_352_f000210_reprojection_error_overlay.jpg,ARCHIVE_RND,288083,468f3ce5ab39f3f32bcb4d3f425ec6cd93d1370fd89bf0de78e5e993bf7d051c,historical or bulk experiment output not used by runtime,,varies,2026-07-29T06:06:57.567175+00:00
out/object_anchor_world/20260726_083615/failures/20260726_083703_352_f000210_reprojection_error_raw.jpg,archive_local/rnd_20260729/outputs/out/object_anchor_world/20260726_083615/failures/20260726_083703_352_f000210_reprojection_error_raw.jpg,ARCHIVE_RND,271342,6fba61d5874b168bf2cadb17daab3369aabcb29cf2dfe921ed791b0c5e34f349,historical or bulk experiment output not used by runtime,,varies,2026-07-29T06:06:57.567175+00:00
out/object_anchor_world/20260726_083615/failures/20260726_083703_960_f000213_reprojection_error_overlay.jpg,archive_local/rnd_20260729/outputs/out/object_anchor_world/20260726_083615/failures/20260726_083703_960_f000213_reprojection_error_overlay.jpg,ARCHIVE_RND,290049,5a81b27d20c66536859825d04bf3e67615e015bf916a6156118e6900586c54ff,historical or bulk experiment output not used by runtime,,varies,2026-07-29T06:06:57.567175+00:00
out/object_anchor_world/20260726_083615/failures/20260726_083703_960_f000213_reprojection_error_raw.jpg,archive_local/rnd_20260729/outputs/out/object_anchor_world/20260726_083615/failures/20260726_083703_960_f000213_reprojection_error_raw.jpg,ARCHIVE_RND,275345,ef58b03671cf785fc8aaddfa2d6f1d5c327bb3c7c876f8685e607986528fb15f,historical or bulk experiment output not used by runtime,,varies,2026-07-29T06:06:57.567175+00:00
out/object_anchor_world/20260726_083615/failures/20260726_083704_564_f000216_reprojection_error_overlay.jpg,archive_local/rnd_20260729/outputs/out/object_anchor_world/20260726_083615/failures/20260726_083704_564_f000216_reprojection_error_overlay.jpg,ARCHIVE_RND,281361,67a3577c55883642e608db19696e62e129e4740477ae100c5a7631482f87163b,historical or bulk experiment output not used by runtime,,varies,2026-07-29T06:06:57.567175+00:00
out/object_anchor_world/20260726_083615/failures/20260726_083704_564_f000216_reprojection_error_raw.jpg,archive_local/rnd_20260729/outputs/out/object_anchor_world/20260726_083615/failures/20260726_083704_564_f000216_reprojection_error_raw.jpg,ARCHIVE_RND,266781,3b412e57af4a626545dc3bdb90b6c599bc5b0ba713a7639fd1e097486724a41c,historical or bulk experiment output not used by runtime,,varies,2026-07-29T06:06:57.567175+00:00
out/object_anchor_world/20260726_083615/failures/20260726_083705_188_f000219_reprojection_error_overlay.jpg,archive_local/rnd_20260729/outputs/out/object_anchor_world/20260726_083615/failures/20260726_083705_188_f000219_reprojection_error_overlay.jpg,ARCHIVE_RND,277503,5b5056f6d4e037585f2b1bac076c529a66e57dda5f718469e19eb664a991ab64,historical or bulk experiment output not used by runtime,,varies,2026-07-29T06:06:57.567175+00:00
out/object_anchor_world/20260726_083615/failures/20260726_083705_188_f000219_reprojection_error_raw.jpg,archive_local/rnd_20260729/outputs/out/object_anchor_world/20260726_083615/failures/20260726_083705_188_f000219_reprojection_error_raw.jpg,ARCHIVE_RND,261955,5b70df60c4dbbfc1ce496cb48f477520c792843991b5898a5fb1b8350a2117f9,historical or bulk experiment output not used by runtime,,varies,2026-07-29T06:06:57.567175+00:00
out/object_anchor_world/20260726_083615/failures/20260726_083705_855_f000222_reprojection_error_overlay.jpg,archive_local/rnd_20260729/outputs/out/object_anchor_world/20260726_083615/failures/20260726_083705_855_f000222_reprojection_error_overlay.jpg,ARCHIVE_RND,277728,d288cb457221358e3e160b580cb5980e82a5666257b3537ad3a08de354913494,historical or bulk experiment output not used by runtime,,varies,2026-07-29T06:06:57.567175+00:00
out/object_anchor_world/20260726_083615/failures/20260726_083705_855_f000222_reprojection_error_raw.jpg,archive_local/rnd_20260729/outputs/out/object_anchor_world/20260726_083615/failures/20260726_083705_855_f000222_reprojection_error_raw.jpg,ARCHIVE_RND,261681,1e7bfec292873c00a499378baa8d2a4fe06319cadd0c573e5d3d1dcb2d548395,historical or bulk experiment output not used by runtime,,varies,2026-07-29T06:06:57.567175+00:00
out/object_anchor_world/20260726_083615/failures/20260726_083706_417_f000225_reprojection_error_overlay.jpg,archive_local/rnd_20260729/outputs/out/object_anchor_world/20260726_083615/failures/20260726_083706_417_f000225_reprojection_error_overlay.jpg,ARCHIVE_RND,277643,4f2c69c71b3ba322f074afc8cd42caa719049f17cc79f047785a0f61767db475,historical or bulk experiment output not used by runtime,,varies,2026-07-29T06:06:57.567175+00:00
out/object_anchor_world/20260726_083615/failures/20260726_083706_417_f000225_reprojection_error_raw.jpg,archive_local/rnd_20260729/outputs/out/object_anchor_world/20260726_083615/failures/20260726_083706_417_f000225_reprojection_error_raw.jpg,ARCHIVE_RND,261163,b17557d5635e919049fa4c355429fb4f5219513c01ec39c31cefcd79cbff1f8e,historical or bulk experiment output not used by runtime,,varies,2026-07-29T06:06:57.567175+00:00
out/object_anchor_world/20260726_083615/failures/20260726_083706_946_f000228_reprojection_error_overlay.jpg,archive_local/rnd_20260729/outputs/out/object_anchor_world/20260726_083615/failures/20260726_083706_946_f000228_reprojection_error_overlay.jpg,ARCHIVE_RND,277511,cd02922b26ff6974e659769bf09b2887066ea89a6706e7caa54b19d30d8c7f29,historical or bulk experiment output not used by runtime,,varies,2026-07-29T06:06:57.567175+00:00
out/object_anchor_world/20260726_083615/failures/20260726_083706_946_f000228_reprojection_error_raw.jpg,archive_local/rnd_20260729/outputs/out/object_anchor_world/20260726_083615/failures/20260726_083706_946_f000228_reprojection_error_raw.jpg,ARCHIVE_RND,261578,970d033e3ee6c30d595e1cdbc134d02f854abec20b6e56eab5f66800169d61c9,historical or bulk experiment output not used by runtime,,varies,2026-07-29T06:06:57.567175+00:00
out/object_anchor_world/20260726_083615/failures/20260726_083707_581_f000231_reprojection_error_overlay.jpg,archive_local/rnd_20260729/outputs/out/object_anchor_world/20260726_083615/failures/20260726_083707_581_f000231_reprojection_error_overlay.jpg,ARCHIVE_RND,282368,6554198145517f28b55b121a0c2199318def6f81769058faf570f9d3197e3639,historical or bulk experiment output not used by runtime,,varies,2026-07-29T06:06:57.567175+00:00
out/object_anchor_world/20260726_083615/failures/20260726_083707_581_f000231_reprojection_error_raw.jpg,archive_local/rnd_20260729/outputs/out/object_anchor_world/20260726_083615/failures/20260726_083707_581_f000231_reprojection_error_raw.jpg,ARCHIVE_RND,267092,01f3d5c0d968fa39239c14db881465a82e9946689dacfc1fb244f41bc7bcb021,historical or bulk experiment output not used by runtime,,varies,2026-07-29T06:06:57.567175+00:00
out/object_anchor_world/20260726_083615/failures/20260726_083708_229_f000234_reprojection_error_overlay.jpg,archive_local/rnd_20260729/outputs/out/object_anchor_world/20260726_083615/failures/20260726_083708_229_f000234_reprojection_error_overlay.jpg,ARCHIVE_RND,282110,e96492ae4df94c0d8ce2af45031f9b053f931a376d49a868bfd43cab453f9176,historical or bulk experiment output not used by runtime,,varies,2026-07-29T06:06:57.567175+00:00
out/object_anchor_world/20260726_083615/failures/20260726_083708_229_f000234_reprojection_error_raw.jpg,archive_local/rnd_20260729/outputs/out/object_anchor_world/20260726_083615/failures/20260726_083708_229_f000234_reprojection_error_raw.jpg,ARCHIVE_RND,266250,76c9cec88f7c887e45c0bcb12ea7ac06a944890404a82321342c35470cda0a8d,historical or bulk experiment output not used by runtime,,varies,2026-07-29T06:06:57.567175+00:00
out/object_anchor_world/20260726_083615/failures/20260726_083708_849_f000237_reprojection_error_overlay.jpg,archive_local/rnd_20260729/outputs/out/object_anchor_world/20260726_083615/failures/20260726_083708_849_f000237_reprojection_error_overlay.jpg,ARCHIVE_RND,283361,f97cede7d967788c7dc17413c790e7aa76e1ba60c1002dc802003bc0785322f9,historical or bulk experiment output not used by runtime,,varies,2026-07-29T06:06:57.567175+00:00
out/object_anchor_world/20260726_083615/failures/20260726_083708_849_f000237_reprojection_error_raw.jpg,archive_local/rnd_20260729/outputs/out/object_anchor_world/20260726_083615/failures/20260726_083708_849_f000237_reprojection_error_raw.jpg,ARCHIVE_RND,267031,ee299aa86a3611589c17cd61eed38101ee573faad46d3d69efe2b0d57b642e0f,historical or bulk experiment output not used by runtime,,varies,2026-07-29T06:06:57.567175+00:00
out/object_anchor_world/20260726_083615/failures/20260726_083709_317_f000239_pnp_failure_overlay.jpg,archive_local/rnd_20260729/diagnostics/out/object_anchor_world/20260726_083615/failures/20260726_083709_317_f000239_pnp_failure_overlay.jpg,ARCHIVE_RND,277527,a9b668ac29d0f2502dabe64c7c20403d689ff8739dc78594cd921a038b6ec80c,historical or bulk experiment output not used by runtime,,varies,2026-07-29T06:06:57.567175+00:00
out/object_anchor_world/20260726_083615/failures/20260726_083709_317_f000239_pnp_failure_raw.jpg,archive_local/rnd_20260729/diagnostics/out/object_anchor_world/20260726_083615/failures/20260726_083709_317_f000239_pnp_failure_raw.jpg,ARCHIVE_RND,267154,a74dc1ce9b878132d33924a84341e0492e13ccb01c7aa2d65f6c3ad8a47703a0,historical or bulk experiment output not used by runtime,,varies,2026-07-29T06:06:57.567175+00:00
out/object_anchor_world/20260726_083615/failures/20260726_083710_664_f000245_pnp_failure_overlay.jpg,archive_local/rnd_20260729/diagnostics/out/object_anchor_world/20260726_083615/failures/20260726_083710_664_f000245_pnp_failure_overlay.jpg,ARCHIVE_RND,277914,ea05e01b347d3a3342ee2d58a538555ffaf97d7a4365525d414a307baa584266,historical or bulk experiment output not used by runtime,,varies,2026-07-29T06:06:57.567175+00:00
out/object_anchor_world/20260726_083615/failures/20260726_083710_664_f000245_pnp_failure_raw.jpg,archive_local/rnd_20260729/diagnostics/out/object_anchor_world/20260726_083615/failures/20260726_083710_664_f000245_pnp_failure_raw.jpg,ARCHIVE_RND,266968,2cd1f4f284f9172e4ae1c35fd00ae3784ee43265c6eb34e3b3baf2c544563583,historical or bulk experiment output not used by runtime,,varies,2026-07-29T06:06:57.567175+00:00
out/object_anchor_world/20260726_083615/failures/20260726_083711_271_f000248_pnp_failure_overlay.jpg,archive_local/rnd_20260729/diagnostics/out/object_anchor_world/20260726_083615/failures/20260726_083711_271_f000248_pnp_failure_overlay.jpg,ARCHIVE_RND,280314,137f15417c05a83e2a2d4e4f0c088675fc2a8e09127ac8df5236416c677da952,historical or bulk experiment output not used by runtime,,varies,2026-07-29T06:06:57.567175+00:00
out/object_anchor_world/20260726_083615/failures/20260726_083711_271_f000248_pnp_failure_raw.jpg,archive_local/rnd_20260729/diagnostics/out/object_anchor_world/20260726_083615/failures/20260726_083711_271_f000248_pnp_failure_raw.jpg,ARCHIVE_RND,268175,8a1532f434f1ef1124016e076621e11a6c8b4ecfa80634b99bdae433877a4b5f,historical or bulk experiment output not used by runtime,,varies,2026-07-29T06:06:57.567175+00:00
out/object_anchor_world/20260726_083615/failures/20260726_083711_918_f000251_pnp_failure_overlay.jpg,archive_local/rnd_20260729/diagnostics/out/object_anchor_world/20260726_083615/failures/20260726_083711_918_f000251_pnp_failure_overlay.jpg,ARCHIVE_RND,281185,154313301b566b84403b3a7723d6944fc6b930c18d440b1922f42df8ce2920e9,historical or bulk experiment output not used by runtime,,varies,2026-07-29T06:06:57.567175+00:00
out/object_anchor_world/20260726_083615/failures/20260726_083711_918_f000251_pnp_failure_raw.jpg,archive_local/rnd_20260729/diagnostics/out/object_anchor_world/20260726_083615/failures/20260726_083711_918_f000251_pnp_failure_raw.jpg,ARCHIVE_RND,269108,80021765e100c1298a250b9974d25e862e83aa7f8d9bde003fe7b134059ef915,historical or bulk experiment output not used by runtime,,varies,2026-07-29T06:06:57.567175+00:00
out/object_anchor_world/20260726_083615/failures/20260726_083712_545_f000254_pnp_failure_overlay.jpg,archive_local/rnd_20260729/diagnostics/out/object_anchor_world/20260726_083615/failures/20260726_083712_545_f000254_pnp_failure_overlay.jpg,ARCHIVE_RND,280262,cc7f49ac71ba2a7167e963258a25d402cd9d2222560b24269dc8d3a48bf8441b,historical or bulk experiment output not used by runtime,,varies,2026-07-29T06:06:57.567175+00:00
out/object_anchor_world/20260726_083615/failures/20260726_083712_545_f000254_pnp_failure_raw.jpg,archive_local/rnd_20260729/diagnostics/out/object_anchor_world/20260726_083615/failures/20260726_083712_545_f000254_pnp_failure_raw.jpg,ARCHIVE_RND,268520,153bc41fdf4f05c942b78a7702158179eca09880faa5da9632af819630a80070,historical or bulk experiment output not used by runtime,,varies,2026-07-29T06:06:57.567175+00:00
out/object_anchor_world/20260726_083615/failures/20260726_083713_180_f000257_pnp_failure_overlay.jpg,archive_local/rnd_20260729/diagnostics/out/object_anchor_world/20260726_083615/failures/20260726_083713_180_f000257_pnp_failure_overlay.jpg,ARCHIVE_RND,278848,99de273cd884902e829fabddcfb245be0f022e7ba93434c2448f64f7eb21739e,historical or bulk experiment output not used by runtime,,varies,2026-07-29T06:06:57.567175+00:00
out/object_anchor_world/20260726_083615/failures/20260726_083713_180_f000257_pnp_failure_raw.jpg,archive_local/rnd_20260729/diagnostics/out/object_anchor_world/20260726_083615/failures/20260726_083713_180_f000257_pnp_failure_raw.jpg,ARCHIVE_RND,267456,3839a9328c1eb09475df0473fcf7576f078a1dd8660e32cc18daf7980e4cd602,historical or bulk experiment output not used by runtime,,varies,2026-07-29T06:06:57.567175+00:00
out/object_anchor_world/20260726_083615/failures/20260726_083713_818_f000260_pnp_failure_overlay.jpg,archive_local/rnd_20260729/diagnostics/out/object_anchor_world/20260726_083615/failures/20260726_083713_818_f000260_pnp_failure_overlay.jpg,ARCHIVE_RND,279456,3a5362dde910e0fbef1589995600ed78d3005811107fe728b97c8276b04fc2c9,historical or bulk experiment output not used by runtime,,varies,2026-07-29T06:06:57.567175+00:00
out/object_anchor_world/20260726_083615/failures/20260726_083713_818_f000260_pnp_failure_raw.jpg,archive_local/rnd_20260729/diagnostics/out/object_anchor_world/20260726_083615/failures/20260726_083713_818_f000260_pnp_failure_raw.jpg,ARCHIVE_RND,268022,bbe1519fdf18510c8e4692954ddd184285a41e6f92d92338bd3bdcc312302da5,historical or bulk experiment output not used by runtime,,varies,2026-07-29T06:06:57.567175+00:00
out/object_anchor_world/20260726_083615/failures/20260726_083714_473_f000263_pnp_failure_overlay.jpg,archive_local/rnd_20260729/diagnostics/out/object_anchor_world/20260726_083615/failures/20260726_083714_473_f000263_pnp_failure_overlay.jpg,ARCHIVE_RND,278449,d63b530c8158e6fcb76ddbdd70a8afca0eddd23ec4689121587e57f5b6a21087,historical or bulk experiment output not used by runtime,,varies,2026-07-29T06:06:57.567175+00:00
out/object_anchor_world/20260726_083615/failures/20260726_083714_473_f000263_pnp_failure_raw.jpg,archive_local/rnd_20260729/diagnostics/out/object_anchor_world/20260726_083615/failures/20260726_083714_473_f000263_pnp_failure_raw.jpg,ARCHIVE_RND,266536,192ab543be7e4ae1eb8b27ba7982b093aeabee73c4d96a6b2e5b8860479b307a,historical or bulk experiment output not used by runtime,,varies,2026-07-29T06:06:57.567175+00:00
out/object_anchor_world/20260726_083615/failures/20260726_083714_873_f000265_reprojection_error_overlay.jpg,archive_local/rnd_20260729/outputs/out/object_anchor_world/20260726_083615/failures/20260726_083714_873_f000265_reprojection_error_overlay.jpg,ARCHIVE_RND,282070,94116ac9eaf77285d498bb17f917d64ec416e2f39e1d8e381351c1900842df5f,historical or bulk experiment output not used by runtime,,varies,2026-07-29T06:06:57.567175+00:00
out/object_anchor_world/20260726_083615/failures/20260726_083714_873_f000265_reprojection_error_raw.jpg,archive_local/rnd_20260729/outputs/out/object_anchor_world/20260726_083615/failures/20260726_083714_873_f000265_reprojection_error_raw.jpg,ARCHIVE_RND,266283,74fedde433bd407b36e2b2583a44beb9b3dc813324b548dfd9d85ab0fe111415,historical or bulk experiment output not used by runtime,,varies,2026-07-29T06:06:57.567175+00:00
out/object_anchor_world/20260726_083615/failures/20260726_083715_279_f000267_pnp_failure_overlay.jpg,archive_local/rnd_20260729/diagnostics/out/object_anchor_world/20260726_083615/failures/20260726_083715_279_f000267_pnp_failure_overlay.jpg,ARCHIVE_RND,278957,ac7504f5d9e13a0883f86237619c8c8819e3edc20f153eb9b0935a6d8cb1ff8c,historical or bulk experiment output not used by runtime,,varies,2026-07-29T06:06:57.567175+00:00
out/object_anchor_world/20260726_083615/failures/20260726_083715_279_f000267_pnp_failure_raw.jpg,archive_local/rnd_20260729/diagnostics/out/object_anchor_world/20260726_083615/failures/20260726_083715_279_f000267_pnp_failure_raw.jpg,ARCHIVE_RND,266600,c59f17da70426fc80fafbb1f75a6403ea17f454e68ebc5bbaf8159e17e3787c9,historical or bulk experiment output not used by runtime,,varies,2026-07-29T06:06:57.567175+00:00
out/object_anchor_world/20260726_083615/failures/20260726_083715_468_f000268_reprojection_error_overlay.jpg,archive_local/rnd_20260729/outputs/out/object_anchor_world/20260726_083615/failures/20260726_083715_468_f000268_reprojection_error_overlay.jpg,ARCHIVE_RND,281186,0c0beb88dd10a2d83df10e40da14dcae46f3f720c0736422fd5a18c581675be5,historical or bulk experiment output not used by runtime,,varies,2026-07-29T06:06:57.567175+00:00
out/object_anchor_world/20260726_083615/failures/20260726_083715_468_f000268_reprojection_error_raw.jpg,archive_local/rnd_20260729/outputs/out/object_anchor_world/20260726_083615/failures/20260726_083715_468_f000268_reprojection_error_raw.jpg,ARCHIVE_RND,266530,70844ed406f796affa7f2a0ae7d52f9d470e370fe901980a0a64bd137175cb96,historical or bulk experiment output not used by runtime,,varies,2026-07-29T06:06:57.567175+00:00
out/object_anchor_world/20260726_083615/failures/20260726_083716_035_f000271_reprojection_error_overlay.jpg,archive_local/rnd_20260729/outputs/out/object_anchor_world/20260726_083615/failures/20260726_083716_035_f000271_reprojection_error_overlay.jpg,ARCHIVE_RND,282913,671d075fbc9b6f00f85150b5cc517bec86d2935bceaacdc83c17b4a24a98cec0,historical or bulk experiment output not used by runtime,,varies,2026-07-29T06:06:57.567175+00:00
out/object_anchor_world/20260726_083615/failures/20260726_083716_035_f000271_reprojection_error_raw.jpg,archive_local/rnd_20260729/outputs/out/object_anchor_world/20260726_083615/failures/20260726_083716_035_f000271_reprojection_error_raw.jpg,ARCHIVE_RND,266802,61ab54fbe8f60ac669fe2592a756bcf8df912889977daf0eab5c755992016af2,historical or bulk experiment output not used by runtime,,varies,2026-07-29T06:06:57.567175+00:00
out/object_anchor_world/20260726_083615/failures/20260726_083716_753_f000274_reprojection_error_overlay.jpg,archive_local/rnd_20260729/outputs/out/object_anchor_world/20260726_083615/failures/20260726_083716_753_f000274_reprojection_error_overlay.jpg,ARCHIVE_RND,283069,4e746afdc1f06c775fd27b470d46fd4d173f0c00b2d9922dfa8889fdf2c2197e,historical or bulk experiment output not used by runtime,,varies,2026-07-29T06:06:57.567175+00:00
out/object_anchor_world/20260726_083615/failures/20260726_083716_753_f000274_reprojection_error_raw.jpg,archive_local/rnd_20260729/outputs/out/object_anchor_world/20260726_083615/failures/20260726_083716_753_f000274_reprojection_error_raw.jpg,ARCHIVE_RND,267070,a10c6937f9e785dc34371f187ab1ccebf25a3f86c2ae0b21f0410e5ee87a7f4c,historical or bulk experiment output not used by runtime,,varies,2026-07-29T06:06:57.567175+00:00
out/object_anchor_world/20260726_083615/failures/20260726_083717_465_f000277_reprojection_error_overlay.jpg,archive_local/rnd_20260729/outputs/out/object_anchor_world/20260726_083615/failures/20260726_083717_465_f000277_reprojection_error_overlay.jpg,ARCHIVE_RND,282444,0561ae042da38b5f8dc4627248ef101bc41e7b8622fad55020c453fe26697903,historical or bulk experiment output not used by runtime,,varies,2026-07-29T06:06:57.567175+00:00
out/object_anchor_world/20260726_083615/failures/20260726_083717_465_f000277_reprojection_error_raw.jpg,archive_local/rnd_20260729/outputs/out/object_anchor_world/20260726_083615/failures/20260726_083717_465_f000277_reprojection_error_raw.jpg,ARCHIVE_RND,268038,9993505876ca68ca1cb799bbdb79be2993a2fa17ee9774f4409b441c4cc17d8f,historical or bulk experiment output not used by runtime,,varies,2026-07-29T06:06:57.567175+00:00
out/object_anchor_world/20260726_083615/failures/20260726_083718_183_f000280_reprojection_error_overlay.jpg,archive_local/rnd_20260729/outputs/out/object_anchor_world/20260726_083615/failures/20260726_083718_183_f000280_reprojection_error_overlay.jpg,ARCHIVE_RND,280523,ad8ca7fa51fefa0bfcf3c69bc15040cdb9bc3443eef35540a8d0a0042af936a2,historical or bulk experiment output not used by runtime,,varies,2026-07-29T06:06:57.567175+00:00
out/object_anchor_world/20260726_083615/failures/20260726_083718_183_f000280_reprojection_error_raw.jpg,archive_local/rnd_20260729/outputs/out/object_anchor_world/20260726_083615/failures/20260726_083718_183_f000280_reprojection_error_raw.jpg,ARCHIVE_RND,264876,d90a36f4456432165a264c421c7e7b62543514c6e8de938e8e6f8d1883ae6298,historical or bulk experiment output not used by runtime,,varies,2026-07-29T06:06:57.567175+00:00
out/object_anchor_world/20260726_083615/failures/20260726_083718_875_f000283_reprojection_error_overlay.jpg,archive_local/rnd_20260729/outputs/out/object_anchor_world/20260726_083615/failures/20260726_083718_875_f000283_reprojection_error_overlay.jpg,ARCHIVE_RND,281400,edf562d1f477ec90bd56041ddee1da0a2ade63141f0f31554972d264ce85b3aa,historical or bulk experiment output not used by runtime,,varies,2026-07-29T06:06:57.567175+00:00
out/object_anchor_world/20260726_083615/failures/20260726_083718_875_f000283_reprojection_error_raw.jpg,archive_local/rnd_20260729/outputs/out/object_anchor_world/20260726_083615/failures/20260726_083718_875_f000283_reprojection_error_raw.jpg,ARCHIVE_RND,264289,12b9e9ce02a3fd0cb651eda5486baf415cb7b50e18661ed73d86a3330f7c72f2,historical or bulk experiment output not used by runtime,,varies,2026-07-29T06:06:57.567175+00:00
out/object_anchor_world/20260726_083615/failures/20260726_083719_581_f000286_reprojection_error_overlay.jpg,archive_local/rnd_20260729/outputs/out/object_anchor_world/20260726_083615/failures/20260726_083719_581_f000286_reprojection_error_overlay.jpg,ARCHIVE_RND,281117,1b7fa9714f4cbb216b9c022dae20c2f84be54c05e1f47d24afddd95b06a6e8c5,historical or bulk experiment output not used by runtime,,varies,2026-07-29T06:06:57.567175+00:00
out/object_anchor_world/20260726_083615/failures/20260726_083719_581_f000286_reprojection_error_raw.jpg,archive_local/rnd_20260729/outputs/out/object_anchor_world/20260726_083615/failures/20260726_083719_581_f000286_reprojection_error_raw.jpg,ARCHIVE_RND,263989,864f0ab4a30276bc7ba14e50a58a513fe241cbfcaf83c7fda440a738a1ce521a,historical or bulk experiment output not used by runtime,,varies,2026-07-29T06:06:57.567175+00:00
out/object_anchor_world/20260726_083615/failures/20260726_083720_250_f000289_reprojection_error_overlay.jpg,archive_local/rnd_20260729/outputs/out/object_anchor_world/20260726_083615/failures/20260726_083720_250_f000289_reprojection_error_overlay.jpg,ARCHIVE_RND,280558,c4aeb6635cb598f09208de87000f38900dacc38e2b4947cd3ce2ef30f136ca98,historical or bulk experiment output not used by runtime,,varies,2026-07-29T06:06:57.567175+00:00
out/object_anchor_world/20260726_083615/failures/20260726_083720_250_f000289_reprojection_error_raw.jpg,archive_local/rnd_20260729/outputs/out/object_anchor_world/20260726_083615/failures/20260726_083720_250_f000289_reprojection_error_raw.jpg,ARCHIVE_RND,264005,bd7702034ff0c8d06842369b115ae8785b6f7283270304c75ce76693de07a772,historical or bulk experiment output not used by runtime,,varies,2026-07-29T06:06:57.567175+00:00
out/object_anchor_world/20260726_083615/failures/20260726_083720_946_f000292_reprojection_error_overlay.jpg,archive_local/rnd_20260729/outputs/out/object_anchor_world/20260726_083615/failures/20260726_083720_946_f000292_reprojection_error_overlay.jpg,ARCHIVE_RND,277393,3e8c55be60ba924c8c3441589f217221161694695e20a56269cc3689680c517c,historical or bulk experiment output not used by runtime,,varies,2026-07-29T06:06:57.567175+00:00
out/object_anchor_world/20260726_083615/failures/20260726_083720_946_f000292_reprojection_error_raw.jpg,archive_local/rnd_20260729/outputs/out/object_anchor_world/20260726_083615/failures/20260726_083720_946_f000292_reprojection_error_raw.jpg,ARCHIVE_RND,261024,31bbe83cb229c065faef6387cb81b80f1019465752c59ec45b5311770ee78049,historical or bulk experiment output not used by runtime,,varies,2026-07-29T06:06:57.567175+00:00
out/object_anchor_world/20260726_083615/failures/20260726_083721_606_f000295_reprojection_error_overlay.jpg,archive_local/rnd_20260729/outputs/out/object_anchor_world/20260726_083615/failures/20260726_083721_606_f000295_reprojection_error_overlay.jpg,ARCHIVE_RND,276807,eedd5b464a5dbc66303109bd5691be13f5087cf33a05f20b05c77491353034d3,historical or bulk experiment output not used by runtime,,varies,2026-07-29T06:06:57.567175+00:00
out/object_anchor_world/20260726_083615/failures/20260726_083721_606_f000295_reprojection_error_raw.jpg,archive_local/rnd_20260729/outputs/out/object_anchor_world/20260726_083615/failures/20260726_083721_606_f000295_reprojection_error_raw.jpg,ARCHIVE_RND,260614,64d6c6d483432cc5234078c5f4d11f701ee6a6edcc5bf2413ce2c6007d0821e0,historical or bulk experiment output not used by runtime,,varies,2026-07-29T06:06:57.567175+00:00
out/object_anchor_world/20260726_083615/object_anchor_world_frames.csv,archive_local/rnd_20260729/outputs/out/object_anchor_world/20260726_083615/object_anchor_world_frames.csv,ARCHIVE_RND,282326,75cf724a001607bb586781e52c16f23a6ca42953a398baec5c06b2b6f0c3fdfa,historical or bulk experiment output not used by runtime,,varies,2026-07-29T06:06:57.567175+00:00
out/object_anchor_world/20260726_083615/object_anchor_world_summary.json,archive_local/rnd_20260729/outputs/out/object_anchor_world/20260726_083615/object_anchor_world_summary.json,ARCHIVE_RND,2800,21dfb4b9814a45a473132876ffed751c2d41a2868a49d2e67c8dfb17e821e207,historical or bulk experiment output not used by runtime,,varies,2026-07-29T06:06:57.567175+00:00
out/object_anchor_world/20260726_083615/object_anchor_world_summary_final.json,archive_local/rnd_20260729/outputs/out/object_anchor_world/20260726_083615/object_anchor_world_summary_final.json,ARCHIVE_RND,12865,0aaecd6b1e8ccb8473bd40d433f521ccf77d1c3d7cd90a24e81cc55d71f1a98d,historical or bulk experiment output not used by runtime,,varies,2026-07-29T06:06:57.567175+00:00
out/object_anchor_world/20260726_151928/failures/20260726_151954_001_f000108_pnp_failure_overlay.jpg,archive_local/rnd_20260729/diagnostics/out/object_anchor_world/20260726_151928/failures/20260726_151954_001_f000108_pnp_failure_overlay.jpg,ARCHIVE_RND,282522,8f64f8abd93afa3a1db57e00fef430ba88c5f5e4644a514ae96a1765cb75c716,historical or bulk experiment output not used by runtime,,varies,2026-07-29T06:06:57.567175+00:00
out/object_anchor_world/20260726_151928/failures/20260726_151954_001_f000108_pnp_failure_raw.jpg,archive_local/rnd_20260729/diagnostics/out/object_anchor_world/20260726_151928/failures/20260726_151954_001_f000108_pnp_failure_raw.jpg,ARCHIVE_RND,275346,4b06b6fe273e9741c5d55052bf76116078c875217b4478a72fdab4539469488e,historical or bulk experiment output not used by runtime,,varies,2026-07-29T06:06:57.567175+00:00
out/object_anchor_world/20260726_151928/object_anchor_world_frames.csv,archive_local/rnd_20260729/outputs/out/object_anchor_world/20260726_151928/object_anchor_world_frames.csv,ARCHIVE_RND,285142,1eebbac7c79343f3438d43f525796f613ed853be11f84a90f085ca9363411b9a,historical or bulk experiment output not used by runtime,,varies,2026-07-29T06:06:57.567175+00:00
out/object_anchor_world/20260726_151928/object_anchor_world_summary.json,archive_local/rnd_20260729/outputs/out/object_anchor_world/20260726_151928/object_anchor_world_summary.json,ARCHIVE_RND,2091,bb2ec31b8b2faf277dce336ed0fea72b8da7d8ddbd1666ae80706a9543d0c73a,historical or bulk experiment output not used by runtime,,varies,2026-07-29T06:06:57.567175+00:00
out/object_anchor_world/20260726_151928/object_anchor_world_summary_final.json,archive_local/rnd_20260729/outputs/out/object_anchor_world/20260726_151928/object_anchor_world_summary_final.json,ARCHIVE_RND,2122,5812d4be3fb7dd79adbe6eb84773f5d9781ac61c228b493f823dda833ef06669,historical or bulk experiment output not used by runtime,,varies,2026-07-29T06:06:57.567175+00:00
out/object_anchor_world/20260728_112845/failures/20260728_112937_609_f000299_pnp_failure_overlay.jpg,archive_local/rnd_20260729/diagnostics/out/object_anchor_world/20260728_112845/failures/20260728_112937_609_f000299_pnp_failure_overlay.jpg,ARCHIVE_RND,272536,23ee7485426f0a9d2b95bf885a50d5dab97849f8b7ba01a45adee9ee12f9f678,historical or bulk experiment output not used by runtime,,varies,2026-07-29T06:06:57.567175+00:00
out/object_anchor_world/20260728_112845/failures/20260728_112937_609_f000299_pnp_failure_raw.jpg,archive_local/rnd_20260729/diagnostics/out/object_anchor_world/20260728_112845/failures/20260728_112937_609_f000299_pnp_failure_raw.jpg,ARCHIVE_RND,265691,f93c953ee5e7b814d823cec2eaa9d80aa70035b5461bcf9942b80da3d76f53d1,historical or bulk experiment output not used by runtime,,varies,2026-07-29T06:06:57.567175+00:00
out/object_anchor_world/20260728_112845/failures/20260728_113028_053_f000610_pnp_failure_overlay.jpg,archive_local/rnd_20260729/diagnostics/out/object_anchor_world/20260728_112845/failures/20260728_113028_053_f000610_pnp_failure_overlay.jpg,ARCHIVE_RND,262229,751215a13d75b523f4ef86cfb03dd43ea2d136259536070d0d7421145f0f8e08,historical or bulk experiment output not used by runtime,,varies,2026-07-29T06:06:57.567175+00:00
out/object_anchor_world/20260728_112845/failures/20260728_113028_053_f000610_pnp_failure_raw.jpg,archive_local/rnd_20260729/diagnostics/out/object_anchor_world/20260728_112845/failures/20260728_113028_053_f000610_pnp_failure_raw.jpg,ARCHIVE_RND,254515,82d9f1d86ea8be9581b6bf5d1d25d04f4aa829d4f312f32bb57a68a858b6bda8,historical or bulk experiment output not used by runtime,,varies,2026-07-29T06:06:57.567175+00:00
out/object_anchor_world/20260728_112845/failures/20260728_113056_964_f000787_pnp_failure_overlay.jpg,archive_local/rnd_20260729/diagnostics/out/object_anchor_world/20260728_112845/failures/20260728_113056_964_f000787_pnp_failure_overlay.jpg,ARCHIVE_RND,309137,205a01437095c63a7489de5242af0f27df53ef0db050f4ec6e7a235819afa072,historical or bulk experiment output not used by runtime,,varies,2026-07-29T06:06:57.567175+00:00
out/object_anchor_world/20260728_112845/failures/20260728_113056_964_f000787_pnp_failure_raw.jpg,archive_local/rnd_20260729/diagnostics/out/object_anchor_world/20260728_112845/failures/20260728_113056_964_f000787_pnp_failure_raw.jpg,ARCHIVE_RND,301462,28c07095da9fdc3a2e901058b9f854c301fc3161ebdd9426b7c06b9fef8c1fc5,historical or bulk experiment output not used by runtime,,varies,2026-07-29T06:06:57.567175+00:00
out/object_anchor_world/20260728_112845/failures/20260728_113058_410_f000796_pnp_failure_overlay.jpg,archive_local/rnd_20260729/diagnostics/out/object_anchor_world/20260728_112845/failures/20260728_113058_410_f000796_pnp_failure_overlay.jpg,ARCHIVE_RND,332494,b8190b8197dfd2f9ef4f72c810482447c18c6e5d70f99f4174f4565fe5e91b64,historical or bulk experiment output not used by runtime,,varies,2026-07-29T06:06:57.567175+00:00
out/object_anchor_world/20260728_112845/failures/20260728_113058_410_f000796_pnp_failure_raw.jpg,archive_local/rnd_20260729/diagnostics/out/object_anchor_world/20260728_112845/failures/20260728_113058_410_f000796_pnp_failure_raw.jpg,ARCHIVE_RND,322210,3245d187dbe63f74d45ea44782e01458bc41458830a59467b10e6009e81080bd,historical or bulk experiment output not used by runtime,,varies,2026-07-29T06:06:57.567175+00:00
out/object_anchor_world/20260728_112845/object_anchor_world_frames.csv,archive_local/rnd_20260729/outputs/out/object_anchor_world/20260728_112845/object_anchor_world_frames.csv,ARCHIVE_RND,808060,858c6e607dfcc8583a5125aae3c71ba77e0b9667170ad89616c82f8c2a3e500b,historical or bulk experiment output not used by runtime,,varies,2026-07-29T06:06:57.567175+00:00
out/object_anchor_world/20260728_112845/object_anchor_world_summary.json,archive_local/rnd_20260729/outputs/out/object_anchor_world/20260728_112845/object_anchor_world_summary.json,ARCHIVE_RND,1996,0924a34e1b08d7c85d314390c6ff6fb3dad8eb0e1d0fac10e8a2a7a2e5ad9c46,historical or bulk experiment output not used by runtime,,varies,2026-07-29T06:06:57.567175+00:00
out/object_anchor_world/20260728_112845/object_anchor_world_summary_final.json,archive_local/rnd_20260729/outputs/out/object_anchor_world/20260728_112845/object_anchor_world_summary_final.json,ARCHIVE_RND,2314,9bfc8311f7b706e7534a78f7f48560473d4c5850cfb38e5198c8097d7b407c5d,historical or bulk experiment output not used by runtime,,varies,2026-07-29T06:06:57.567175+00:00
out/object_anchor_world/20260728_113229/object_anchor_world_frames.csv,archive_local/rnd_20260729/outputs/out/object_anchor_world/20260728_113229/object_anchor_world_frames.csv,ARCHIVE_RND,1083837,c7b2e430e408032437e0b8c7230bb9f7ab8261f360c1b2836dc2a5d24b24a8b5,historical or bulk experiment output not used by runtime,,varies,2026-07-29T06:06:57.567175+00:00
out/object_anchor_world/20260728_113229/object_anchor_world_summary.json,archive_local/rnd_20260729/outputs/out/object_anchor_world/20260728_113229/object_anchor_world_summary.json,ARCHIVE_RND,1985,65b7bfd94e49f4db1f7d562035bc04d7b0d917aa6a4ae72390369123eec1ce56,historical or bulk experiment output not used by runtime,,varies,2026-07-29T06:06:57.567175+00:00
out/object_anchor_world/20260728_113229/object_anchor_world_summary_final.json,archive_local/rnd_20260729/outputs/out/object_anchor_world/20260728_113229/object_anchor_world_summary_final.json,ARCHIVE_RND,2075,e8c4ecf3f46c275fdbe2b78cf7ad4d8d0bd37dd8793b513f04a1e74e3e163383,historical or bulk experiment output not used by runtime,,varies,2026-07-29T06:06:57.567175+00:00
out/object_anchor_world/20260728_120922/failures/20260728_120928_233_f000022_pnp_failure_overlay.jpg,archive_local/rnd_20260729/diagnostics/out/object_anchor_world/20260728_120922/failures/20260728_120928_233_f000022_pnp_failure_overlay.jpg,ARCHIVE_RND,274935,20519dcb0d75d9cf1346c81db87c5ac13296e0c1dd64fc6b095dc8255d110935,historical or bulk experiment output not used by runtime,,varies,2026-07-29T06:06:57.567175+00:00
out/object_anchor_world/20260728_120922/failures/20260728_120928_233_f000022_pnp_failure_raw.jpg,archive_local/rnd_20260729/diagnostics/out/object_anchor_world/20260728_120922/failures/20260728_120928_233_f000022_pnp_failure_raw.jpg,ARCHIVE_RND,271880,fcf25b982fb9b76e429b5d318e04ea1f7c09851526b29e1f38932b1f3a1396b4,historical or bulk experiment output not used by runtime,,varies,2026-07-29T06:06:57.567175+00:00
out/object_anchor_world/20260728_120922/failures/20260728_120928_800_f000025_pnp_failure_overlay.jpg,archive_local/rnd_20260729/diagnostics/out/object_anchor_world/20260728_120922/failures/20260728_120928_800_f000025_pnp_failure_overlay.jpg,ARCHIVE_RND,269332,6a582c453c4f679cc3f9aeb7d85c7028d51d2d14080bb19270683123a497cad1,historical or bulk experiment output not used by runtime,,varies,2026-07-29T06:06:57.567175+00:00
out/object_anchor_world/20260728_120922/failures/20260728_120928_800_f000025_pnp_failure_raw.jpg,archive_local/rnd_20260729/diagnostics/out/object_anchor_world/20260728_120922/failures/20260728_120928_800_f000025_pnp_failure_raw.jpg,ARCHIVE_RND,265762,7f38cdc77e1c9e81ef0e6f6741b805f9cbce718a792d255e6208eabc3292c7fe,historical or bulk experiment output not used by runtime,,varies,2026-07-29T06:06:57.567175+00:00
out/object_anchor_world/20260728_120922/failures/20260728_120932_790_f000047_pnp_failure_overlay.jpg,archive_local/rnd_20260729/diagnostics/out/object_anchor_world/20260728_120922/failures/20260728_120932_790_f000047_pnp_failure_overlay.jpg,ARCHIVE_RND,268512,e7dcfee1f9b7a30d01cd1fc768aebceb1459f7df6ed06bbc186f1b954baef7ca,historical or bulk experiment output not used by runtime,,varies,2026-07-29T06:06:57.567175+00:00
out/object_anchor_world/20260728_120922/failures/20260728_120932_790_f000047_pnp_failure_raw.jpg,archive_local/rnd_20260729/diagnostics/out/object_anchor_world/20260728_120922/failures/20260728_120932_790_f000047_pnp_failure_raw.jpg,ARCHIVE_RND,264666,179798ec1ecbafed5f649c8b3b1346b87dcac1c5bf88e26f988955a120a04e70,historical or bulk experiment output not used by runtime,,varies,2026-07-29T06:06:57.567175+00:00
out/object_anchor_world/20260728_120922/failures/20260728_120933_709_f000053_pnp_failure_overlay.jpg,archive_local/rnd_20260729/diagnostics/out/object_anchor_world/20260728_120922/failures/20260728_120933_709_f000053_pnp_failure_overlay.jpg,ARCHIVE_RND,268407,8e7f5fd4771101916c1725a95c63ba7fe3b4ebaa7dc0d2affd367a58a175a475,historical or bulk experiment output not used by runtime,,varies,2026-07-29T06:06:57.567175+00:00
out/object_anchor_world/20260728_120922/failures/20260728_120933_709_f000053_pnp_failure_raw.jpg,archive_local/rnd_20260729/diagnostics/out/object_anchor_world/20260728_120922/failures/20260728_120933_709_f000053_pnp_failure_raw.jpg,ARCHIVE_RND,264485,792888472ca61f645d64e8ad6509a1dadb13ca676011d8f2fbaa999a5c568ef8,historical or bulk experiment output not used by runtime,,varies,2026-07-29T06:06:57.567175+00:00
out/object_anchor_world/20260728_120922/failures/20260728_120934_632_f000059_pnp_failure_overlay.jpg,archive_local/rnd_20260729/diagnostics/out/object_anchor_world/20260728_120922/failures/20260728_120934_632_f000059_pnp_failure_overlay.jpg,ARCHIVE_RND,268338,16203fb364aaf895db53fd64af451f34865e24775219f4bfad6aa11d1b5575c7,historical or bulk experiment output not used by runtime,,varies,2026-07-29T06:06:57.567175+00:00
out/object_anchor_world/20260728_120922/failures/20260728_120934_632_f000059_pnp_failure_raw.jpg,archive_local/rnd_20260729/diagnostics/out/object_anchor_world/20260728_120922/failures/20260728_120934_632_f000059_pnp_failure_raw.jpg,ARCHIVE_RND,264430,32b92a556bbabcc61da5caa0b167caa1f0aff13cbdcacc6cf8eaec4db7b64011,historical or bulk experiment output not used by runtime,,varies,2026-07-29T06:06:57.567175+00:00
out/object_anchor_world/20260728_120922/failures/20260728_120935_734_f000062_pnp_failure_overlay.jpg,archive_local/rnd_20260729/diagnostics/out/object_anchor_world/20260728_120922/failures/20260728_120935_734_f000062_pnp_failure_overlay.jpg,ARCHIVE_RND,268478,5f3335f88126db237852ac1afc9e9d1ede94d20a1b2f6cdee2771781fd4aa290,historical or bulk experiment output not used by runtime,,varies,2026-07-29T06:06:57.567175+00:00
out/object_anchor_world/20260728_120922/failures/20260728_120935_734_f000062_pnp_failure_raw.jpg,archive_local/rnd_20260729/diagnostics/out/object_anchor_world/20260728_120922/failures/20260728_120935_734_f000062_pnp_failure_raw.jpg,ARCHIVE_RND,264655,883a498131d8b56b5d2bcda3c73fed049a1b64a8dc49fba278600901790d44b5,historical or bulk experiment output not used by runtime,,varies,2026-07-29T06:06:57.567175+00:00
out/object_anchor_world/20260728_120922/failures/20260728_120936_940_f000070_pnp_failure_overlay.jpg,archive_local/rnd_20260729/diagnostics/out/object_anchor_world/20260728_120922/failures/20260728_120936_940_f000070_pnp_failure_overlay.jpg,ARCHIVE_RND,274519,d74c426b6cb0d66e9350cbdae46e0c94f513581070d85773c258e055ec4ca56b,historical or bulk experiment output not used by runtime,,varies,2026-07-29T06:06:57.567175+00:00
out/object_anchor_world/20260728_120922/failures/20260728_120936_940_f000070_pnp_failure_raw.jpg,archive_local/rnd_20260729/diagnostics/out/object_anchor_world/20260728_120922/failures/20260728_120936_940_f000070_pnp_failure_raw.jpg,ARCHIVE_RND,271556,46b442be0ce0f819efddb28571dfee44382b33f4643b0feed6796d5174649814,historical or bulk experiment output not used by runtime,,varies,2026-07-29T06:06:57.567175+00:00
out/object_anchor_world/20260728_120922/failures/20260728_120938_172_f000077_pnp_failure_overlay.jpg,archive_local/rnd_20260729/diagnostics/out/object_anchor_world/20260728_120922/failures/20260728_120938_172_f000077_pnp_failure_overlay.jpg,ARCHIVE_RND,287249,6ce576845c596e573b926ef54aaaffcdface6606d8617a2ab72e8093201faa7b,historical or bulk experiment output not used by runtime,,varies,2026-07-29T06:06:57.567175+00:00
out/object_anchor_world/20260728_120922/failures/20260728_120938_172_f000077_pnp_failure_raw.jpg,archive_local/rnd_20260729/diagnostics/out/object_anchor_world/20260728_120922/failures/20260728_120938_172_f000077_pnp_failure_raw.jpg,ARCHIVE_RND,283708,fff1054be53c9552223d6c86397840f3325d28f20cabfe0cec991d084eb51080,historical or bulk experiment output not used by runtime,,varies,2026-07-29T06:06:57.567175+00:00
out/object_anchor_world/20260728_120922/failures/20260728_120941_284_f000097_pnp_failure_overlay.jpg,archive_local/rnd_20260729/diagnostics/out/object_anchor_world/20260728_120922/failures/20260728_120941_284_f000097_pnp_failure_overlay.jpg,ARCHIVE_RND,257759,ee06a806e4a25fca14b71135ba3de468ebfcf9973ebfee613e11286627b8dbcb,historical or bulk experiment output not used by runtime,,varies,2026-07-29T06:06:57.567175+00:00
out/object_anchor_world/20260728_120922/failures/20260728_120941_284_f000097_pnp_failure_raw.jpg,archive_local/rnd_20260729/diagnostics/out/object_anchor_world/20260728_120922/failures/20260728_120941_284_f000097_pnp_failure_raw.jpg,ARCHIVE_RND,254038,f1d4d5408f9858c4b0b1c820a8a1b25d4916ffd57b5590ee16de2af9b4218067,historical or bulk experiment output not used by runtime,,varies,2026-07-29T06:06:57.567175+00:00
out/object_anchor_world/20260728_120922/failures/20260728_120942_209_f000103_pnp_failure_overlay.jpg,archive_local/rnd_20260729/diagnostics/out/object_anchor_world/20260728_120922/failures/20260728_120942_209_f000103_pnp_failure_overlay.jpg,ARCHIVE_RND,257699,4d4e0e2197a0fb36fa83d156f634a965045e800c04d056f61504a9d4abb48a11,historical or bulk experiment output not used by runtime,,varies,2026-07-29T06:06:57.567175+00:00
out/object_anchor_world/20260728_120922/failures/20260728_120942_209_f000103_pnp_failure_raw.jpg,archive_local/rnd_20260729/diagnostics/out/object_anchor_world/20260728_120922/failures/20260728_120942_209_f000103_pnp_failure_raw.jpg,ARCHIVE_RND,254142,633ca075a7327824c2e34d25035b8de6e003995571171394523f8e68fb80ef2b,historical or bulk experiment output not used by runtime,,varies,2026-07-29T06:06:57.567175+00:00
out/object_anchor_world/20260728_120922/failures/20260728_120943_305_f000110_pnp_failure_overlay.jpg,archive_local/rnd_20260729/diagnostics/out/object_anchor_world/20260728_120922/failures/20260728_120943_305_f000110_pnp_failure_overlay.jpg,ARCHIVE_RND,267587,1d36d138c34c1831da52d0ab7c58ed6d0962caa12f6e517b3af103b3dbd40d28,historical or bulk experiment output not used by runtime,,varies,2026-07-29T06:06:57.567175+00:00
out/object_anchor_world/20260728_120922/failures/20260728_120943_305_f000110_pnp_failure_raw.jpg,archive_local/rnd_20260729/diagnostics/out/object_anchor_world/20260728_120922/failures/20260728_120943_305_f000110_pnp_failure_raw.jpg,ARCHIVE_RND,264332,5b06af4dbc4cab796960b2308ad11d38d57407ceabc5ec62f08747a69708605f,historical or bulk experiment output not used by runtime,,varies,2026-07-29T06:06:57.567175+00:00
out/object_anchor_world/20260728_120922/failures/20260728_120943_944_f000114_pnp_failure_overlay.jpg,archive_local/rnd_20260729/diagnostics/out/object_anchor_world/20260728_120922/failures/20260728_120943_944_f000114_pnp_failure_overlay.jpg,ARCHIVE_RND,269746,e88deb5cf5d7850b6e16deae5722514cebbc56c08ee5c89c88685d57e9316f81,historical or bulk experiment output not used by runtime,,varies,2026-07-29T06:06:57.567175+00:00
out/object_anchor_world/20260728_120922/failures/20260728_120943_944_f000114_pnp_failure_raw.jpg,archive_local/rnd_20260729/diagnostics/out/object_anchor_world/20260728_120922/failures/20260728_120943_944_f000114_pnp_failure_raw.jpg,ARCHIVE_RND,266480,c4cd8c8446c36a5be6850bf9cb85d89dc4d3eb3daf0aa34714199c45e1a74973,historical or bulk experiment output not used by runtime,,varies,2026-07-29T06:06:57.567175+00:00
out/object_anchor_world/20260728_120922/failures/20260728_120944_559_f000118_pnp_failure_overlay.jpg,archive_local/rnd_20260729/diagnostics/out/object_anchor_world/20260728_120922/failures/20260728_120944_559_f000118_pnp_failure_overlay.jpg,ARCHIVE_RND,272309,d0b0424ef8644d357ff8800d3f3ad507a35d45aaf40e85ef9956360880cac902,historical or bulk experiment output not used by runtime,,varies,2026-07-29T06:06:57.567175+00:00
out/object_anchor_world/20260728_120922/failures/20260728_120944_559_f000118_pnp_failure_raw.jpg,archive_local/rnd_20260729/diagnostics/out/object_anchor_world/20260728_120922/failures/20260728_120944_559_f000118_pnp_failure_raw.jpg,ARCHIVE_RND,269105,49dcab771ca6bfc54aa02839b8418eab40dfec0e3898f0553e5d05c70670ba23,historical or bulk experiment output not used by runtime,,varies,2026-07-29T06:06:57.567175+00:00
out/object_anchor_world/20260728_120922/failures/20260728_120945_184_f000122_pnp_failure_overlay.jpg,archive_local/rnd_20260729/diagnostics/out/object_anchor_world/20260728_120922/failures/20260728_120945_184_f000122_pnp_failure_overlay.jpg,ARCHIVE_RND,266021,2b0d86bfb6ad962300417a0ab09f7fd794bdb76629982fbe4ee9d57becb640d9,historical or bulk experiment output not used by runtime,,varies,2026-07-29T06:06:57.567175+00:00
out/object_anchor_world/20260728_120922/failures/20260728_120945_184_f000122_pnp_failure_raw.jpg,archive_local/rnd_20260729/diagnostics/out/object_anchor_world/20260728_120922/failures/20260728_120945_184_f000122_pnp_failure_raw.jpg,ARCHIVE_RND,262931,5da50adf2e7807c338131e8999106f691a3ff3c726e0ed3a3f7765190e0dbf9c,historical or bulk experiment output not used by runtime,,varies,2026-07-29T06:06:57.567175+00:00
out/object_anchor_world/20260728_120922/failures/20260728_120945_806_f000126_pnp_failure_overlay.jpg,archive_local/rnd_20260729/diagnostics/out/object_anchor_world/20260728_120922/failures/20260728_120945_806_f000126_pnp_failure_overlay.jpg,ARCHIVE_RND,265283,e9146a96a3005ab7e8c70c5f7133561153e145219b0ba212a3cbfeccd1d21861,historical or bulk experiment output not used by runtime,,varies,2026-07-29T06:06:57.567175+00:00
out/object_anchor_world/20260728_120922/failures/20260728_120945_806_f000126_pnp_failure_raw.jpg,archive_local/rnd_20260729/diagnostics/out/object_anchor_world/20260728_120922/failures/20260728_120945_806_f000126_pnp_failure_raw.jpg,ARCHIVE_RND,261832,6475707036dd989a1247d61c77dfa9074d5324d0999334bf25cbb165500e9a1f,historical or bulk experiment output not used by runtime,,varies,2026-07-29T06:06:57.567175+00:00
out/object_anchor_world/20260728_120922/failures/20260728_120946_452_f000130_pnp_failure_overlay.jpg,archive_local/rnd_20260729/diagnostics/out/object_anchor_world/20260728_120922/failures/20260728_120946_452_f000130_pnp_failure_overlay.jpg,ARCHIVE_RND,270292,5ffc7c7f5e9cfa1288a0280e7f5c60a4346d076671750906a04d32aa6ad25f0d,historical or bulk experiment output not used by runtime,,varies,2026-07-29T06:06:57.567175+00:00
out/object_anchor_world/20260728_120922/failures/20260728_120946_452_f000130_pnp_failure_raw.jpg,archive_local/rnd_20260729/diagnostics/out/object_anchor_world/20260728_120922/failures/20260728_120946_452_f000130_pnp_failure_raw.jpg,ARCHIVE_RND,267987,a5c65eebf58427ae2b9d626caf494d6dec72cbbbe4e52e0ce7ec5c18ea70fede,historical or bulk experiment output not used by runtime,,varies,2026-07-29T06:06:57.567175+00:00
out/object_anchor_world/20260728_120922/failures/20260728_120947_065_f000134_pnp_failure_overlay.jpg,archive_local/rnd_20260729/diagnostics/out/object_anchor_world/20260728_120922/failures/20260728_120947_065_f000134_pnp_failure_overlay.jpg,ARCHIVE_RND,278183,22187d199f74b8f85fbe6f0cd3b0cca796a7f72ff42618dd25599f37c208c396,historical or bulk experiment output not used by runtime,,varies,2026-07-29T06:06:57.567175+00:00
out/object_anchor_world/20260728_120922/failures/20260728_120947_065_f000134_pnp_failure_raw.jpg,archive_local/rnd_20260729/diagnostics/out/object_anchor_world/20260728_120922/failures/20260728_120947_065_f000134_pnp_failure_raw.jpg,ARCHIVE_RND,275224,441f29d35097e06120f66b8c2e3d03ef574741ae99741e1acc40f55395cecd52,historical or bulk experiment output not used by runtime,,varies,2026-07-29T06:06:57.567175+00:00
out/object_anchor_world/20260728_120922/failures/20260728_120947_705_f000138_pnp_failure_overlay.jpg,archive_local/rnd_20260729/diagnostics/out/object_anchor_world/20260728_120922/failures/20260728_120947_705_f000138_pnp_failure_overlay.jpg,ARCHIVE_RND,280578,1688067270d29ea68c78d62d4f2fefcf073befad4242133963cfec754d826e4f,historical or bulk experiment output not used by runtime,,varies,2026-07-29T06:06:57.567175+00:00
out/object_anchor_world/20260728_120922/failures/20260728_120947_705_f000138_pnp_failure_raw.jpg,archive_local/rnd_20260729/diagnostics/out/object_anchor_world/20260728_120922/failures/20260728_120947_705_f000138_pnp_failure_raw.jpg,ARCHIVE_RND,277586,160d39607363f0d90c00125872244c447172b11dc940499dd93df88731a6e62f,historical or bulk experiment output not used by runtime,,varies,2026-07-29T06:06:57.567175+00:00
out/object_anchor_world/20260728_120922/failures/20260728_120948_343_f000142_pnp_failure_overlay.jpg,archive_local/rnd_20260729/diagnostics/out/object_anchor_world/20260728_120922/failures/20260728_120948_343_f000142_pnp_failure_overlay.jpg,ARCHIVE_RND,278724,a4f1779c99e2a1e6bef3ebcdcf676e4b73ccb9e056d97b3dc0f73fd7e8e1cab8,historical or bulk experiment output not used by runtime,,varies,2026-07-29T06:06:57.567175+00:00
out/object_anchor_world/20260728_120922/failures/20260728_120948_343_f000142_pnp_failure_raw.jpg,archive_local/rnd_20260729/diagnostics/out/object_anchor_world/20260728_120922/failures/20260728_120948_343_f000142_pnp_failure_raw.jpg,ARCHIVE_RND,275948,935065bd26db0b43b0d6295d199561511713422da10247adf4bd2c6d027c4c30,historical or bulk experiment output not used by runtime,,varies,2026-07-29T06:06:57.567175+00:00
out/object_anchor_world/20260728_120922/failures/20260728_120949_128_f000147_pnp_failure_overlay.jpg,archive_local/rnd_20260729/diagnostics/out/object_anchor_world/20260728_120922/failures/20260728_120949_128_f000147_pnp_failure_overlay.jpg,ARCHIVE_RND,277992,39ca2666b64d44c2815794f8b86f904b0cc58ae849ef4a7d20b6f18be409f33e,historical or bulk experiment output not used by runtime,,varies,2026-07-29T06:06:57.567175+00:00
out/object_anchor_world/20260728_120922/failures/20260728_120949_128_f000147_pnp_failure_raw.jpg,archive_local/rnd_20260729/diagnostics/out/object_anchor_world/20260728_120922/failures/20260728_120949_128_f000147_pnp_failure_raw.jpg,ARCHIVE_RND,275025,49f26cf43898c2a9ba62fb26a98189333a65888b30216fe91417a2e0b78d215c,historical or bulk experiment output not used by runtime,,varies,2026-07-29T06:06:57.567175+00:00
out/object_anchor_world/20260728_120922/failures/20260728_120949_928_f000152_pnp_failure_overlay.jpg,archive_local/rnd_20260729/diagnostics/out/object_anchor_world/20260728_120922/failures/20260728_120949_928_f000152_pnp_failure_overlay.jpg,ARCHIVE_RND,275366,d9c9c05b805b5d291cf35ca8560cf0e64e860c2d45144e5acbfa8bf89ad9bac9,historical or bulk experiment output not used by runtime,,varies,2026-07-29T06:06:57.567175+00:00
out/object_anchor_world/20260728_120922/failures/20260728_120949_928_f000152_pnp_failure_raw.jpg,archive_local/rnd_20260729/diagnostics/out/object_anchor_world/20260728_120922/failures/20260728_120949_928_f000152_pnp_failure_raw.jpg,ARCHIVE_RND,272311,5f1f1e2d75a7076ee438b5c1c212b7e2854356165e8b6c3d27fb5d5f03f9a972,historical or bulk experiment output not used by runtime,,varies,2026-07-29T06:06:57.567175+00:00
out/object_anchor_world/20260728_120922/failures/20260728_120950_572_f000156_pnp_failure_overlay.jpg,archive_local/rnd_20260729/diagnostics/out/object_anchor_world/20260728_120922/failures/20260728_120950_572_f000156_pnp_failure_overlay.jpg,ARCHIVE_RND,279446,1c74437ae80c8dde191249b889a9921e57d40a4e46a80b27d54e83e0825229a9,historical or bulk experiment output not used by runtime,,varies,2026-07-29T06:06:57.567175+00:00
out/object_anchor_world/20260728_120922/failures/20260728_120950_572_f000156_pnp_failure_raw.jpg,archive_local/rnd_20260729/diagnostics/out/object_anchor_world/20260728_120922/failures/20260728_120950_572_f000156_pnp_failure_raw.jpg,ARCHIVE_RND,276415,d60b464f9575b4add1323b8508485f91a0841b1d0732647b909c7a27d35dca74,historical or bulk experiment output not used by runtime,,varies,2026-07-29T06:06:57.567175+00:00
out/object_anchor_world/20260728_120922/failures/20260728_120951_206_f000160_pnp_failure_overlay.jpg,archive_local/rnd_20260729/diagnostics/out/object_anchor_world/20260728_120922/failures/20260728_120951_206_f000160_pnp_failure_overlay.jpg,ARCHIVE_RND,272580,9a0ccecc0a451474dd5a6cbcf8e140bd816c715f452e8018f7074d17a242329c,historical or bulk experiment output not used by runtime,,varies,2026-07-29T06:06:57.567175+00:00
out/object_anchor_world/20260728_120922/failures/20260728_120951_206_f000160_pnp_failure_raw.jpg,archive_local/rnd_20260729/diagnostics/out/object_anchor_world/20260728_120922/failures/20260728_120951_206_f000160_pnp_failure_raw.jpg,ARCHIVE_RND,269339,470cb29ce27edc42d5c9f4e1090e53bc635f35775afef5c85eacfe203c6b1a57,historical or bulk experiment output not used by runtime,,varies,2026-07-29T06:06:57.567175+00:00
out/object_anchor_world/20260728_120922/failures/20260728_121044_305_f000503_pnp_failure_overlay.jpg,archive_local/rnd_20260729/diagnostics/out/object_anchor_world/20260728_120922/failures/20260728_121044_305_f000503_pnp_failure_overlay.jpg,ARCHIVE_RND,259149,29bf107887a11c42799368730aadfebe9793d7eae6512698b98bdc2ea121ddbf,historical or bulk experiment output not used by runtime,,varies,2026-07-29T06:06:57.567175+00:00
out/object_anchor_world/20260728_120922/failures/20260728_121044_305_f000503_pnp_failure_raw.jpg,archive_local/rnd_20260729/diagnostics/out/object_anchor_world/20260728_120922/failures/20260728_121044_305_f000503_pnp_failure_raw.jpg,ARCHIVE_RND,256516,c559b0d4b5763362ccd2ec257784d9eb882775bf76030762350c40359d5283d4,historical or bulk experiment output not used by runtime,,varies,2026-07-29T06:06:57.567175+00:00
out/object_anchor_world/20260728_120922/failures/20260728_121123_436_f000752_pnp_failure_overlay.jpg,archive_local/rnd_20260729/diagnostics/out/object_anchor_world/20260728_120922/failures/20260728_121123_436_f000752_pnp_failure_overlay.jpg,ARCHIVE_RND,258540,4e9073c9e8abdf6ee88f9dc0498476bca368b98fd2f35ad665b408d39d54194f,historical or bulk experiment output not used by runtime,,varies,2026-07-29T06:06:57.567175+00:00
out/object_anchor_world/20260728_120922/failures/20260728_121123_436_f000752_pnp_failure_raw.jpg,archive_local/rnd_20260729/diagnostics/out/object_anchor_world/20260728_120922/failures/20260728_121123_436_f000752_pnp_failure_raw.jpg,ARCHIVE_RND,256069,bea87637830707a16a5b67a26a0d2b0ecd7bc340188d1b8c896daa106d00d5c5,historical or bulk experiment output not used by runtime,,varies,2026-07-29T06:06:57.567175+00:00
out/object_anchor_world/20260728_120922/failures/20260728_121124_069_f000756_pnp_failure_overlay.jpg,archive_local/rnd_20260729/diagnostics/out/object_anchor_world/20260728_120922/failures/20260728_121124_069_f000756_pnp_failure_overlay.jpg,ARCHIVE_RND,258907,54798d62603655b5d95defe8eb6cf94575d0ae03b4c308900029bfcf3419c952,historical or bulk experiment output not used by runtime,,varies,2026-07-29T06:06:57.567175+00:00
out/object_anchor_world/20260728_120922/failures/20260728_121124_069_f000756_pnp_failure_raw.jpg,archive_local/rnd_20260729/diagnostics/out/object_anchor_world/20260728_120922/failures/20260728_121124_069_f000756_pnp_failure_raw.jpg,ARCHIVE_RND,256040,3716d9739a41020569fa2a70d9a62c4100e693cfcf953110e2ee11485b22f5a0,historical or bulk experiment output not used by runtime,,varies,2026-07-29T06:06:57.567175+00:00
out/object_anchor_world/20260728_120922/failures/20260728_121128_308_f000783_pnp_failure_overlay.jpg,archive_local/rnd_20260729/diagnostics/out/object_anchor_world/20260728_120922/failures/20260728_121128_308_f000783_pnp_failure_overlay.jpg,ARCHIVE_RND,278185,16c4dc83799eb339890468a6c0287788c241b4c37991b77a945b2d398135ed3a,historical or bulk experiment output not used by runtime,,varies,2026-07-29T06:06:57.567175+00:00
out/object_anchor_world/20260728_120922/failures/20260728_121128_308_f000783_pnp_failure_raw.jpg,archive_local/rnd_20260729/diagnostics/out/object_anchor_world/20260728_120922/failures/20260728_121128_308_f000783_pnp_failure_raw.jpg,ARCHIVE_RND,275544,8acf60fb3992973218319e4cb0cfb65c9dc3fa69deeec01b04e2b9c96bcbf6e3,historical or bulk experiment output not used by runtime,,varies,2026-07-29T06:06:57.567175+00:00
out/object_anchor_world/20260728_120922/failures/20260728_121128_948_f000787_pnp_failure_overlay.jpg,archive_local/rnd_20260729/diagnostics/out/object_anchor_world/20260728_120922/failures/20260728_121128_948_f000787_pnp_failure_overlay.jpg,ARCHIVE_RND,277188,2ac1cc5bc49e752900fa25816b87f55d01c0ad810e153ea72d99bf01f59dadfa,historical or bulk experiment output not used by runtime,,varies,2026-07-29T06:06:57.567175+00:00
out/object_anchor_world/20260728_120922/failures/20260728_121128_948_f000787_pnp_failure_raw.jpg,archive_local/rnd_20260729/diagnostics/out/object_anchor_world/20260728_120922/failures/20260728_121128_948_f000787_pnp_failure_raw.jpg,ARCHIVE_RND,274017,6131ba624758f5437ec7ff780b2ded4f609e9defbc41520071b39dbc8f9fc3a7,historical or bulk experiment output not used by runtime,,varies,2026-07-29T06:06:57.567175+00:00
out/object_anchor_world/20260728_120922/failures/20260728_121130_436_f000796_pnp_failure_overlay.jpg,archive_local/rnd_20260729/diagnostics/out/object_anchor_world/20260728_120922/failures/20260728_121130_436_f000796_pnp_failure_overlay.jpg,ARCHIVE_RND,277190,bd15203754c241fe9f2b9afff47da446fad23edfe2c62ace14c8e7eaf0627bff,historical or bulk experiment output not used by runtime,,varies,2026-07-29T06:06:57.567175+00:00
out/object_anchor_world/20260728_120922/failures/20260728_121130_436_f000796_pnp_failure_raw.jpg,archive_local/rnd_20260729/diagnostics/out/object_anchor_world/20260728_120922/failures/20260728_121130_436_f000796_pnp_failure_raw.jpg,ARCHIVE_RND,274128,e65352433c46be70560d63d38e147f0801702ac56fbe80a816adb05cbfc5ee6d,historical or bulk experiment output not used by runtime,,varies,2026-07-29T06:06:57.567175+00:00
out/object_anchor_world/20260728_120922/failures/20260728_121131_499_f000802_pnp_failure_overlay.jpg,archive_local/rnd_20260729/diagnostics/out/object_anchor_world/20260728_120922/failures/20260728_121131_499_f000802_pnp_failure_overlay.jpg,ARCHIVE_RND,277871,58b31b6e03eabe687140cf5dae6f41377d6d5f9b5de6547a2877af21b95fde9d,historical or bulk experiment output not used by runtime,,varies,2026-07-29T06:06:57.567175+00:00
out/object_anchor_world/20260728_120922/failures/20260728_121131_499_f000802_pnp_failure_raw.jpg,archive_local/rnd_20260729/diagnostics/out/object_anchor_world/20260728_120922/failures/20260728_121131_499_f000802_pnp_failure_raw.jpg,ARCHIVE_RND,274787,42f75af8a6522b9108d232312d4ff3398fe8874786348fd29a4d5caabaae58ed,historical or bulk experiment output not used by runtime,,varies,2026-07-29T06:06:57.567175+00:00
out/object_anchor_world/20260728_120922/failures/20260728_121132_243_f000806_pnp_failure_overlay.jpg,archive_local/rnd_20260729/diagnostics/out/object_anchor_world/20260728_120922/failures/20260728_121132_243_f000806_pnp_failure_overlay.jpg,ARCHIVE_RND,277617,f3eedc02badea6c2bf9247b225553d602aca62a394fb5ac69d60db33e0891385,historical or bulk experiment output not used by runtime,,varies,2026-07-29T06:06:57.567175+00:00
out/object_anchor_world/20260728_120922/failures/20260728_121132_243_f000806_pnp_failure_raw.jpg,archive_local/rnd_20260729/diagnostics/out/object_anchor_world/20260728_120922/failures/20260728_121132_243_f000806_pnp_failure_raw.jpg,ARCHIVE_RND,274676,8ba1042f47c15f494493accb14cdfe3e5f38cfb6ed715fcd7634f87e1cd33198,historical or bulk experiment output not used by runtime,,varies,2026-07-29T06:06:57.567175+00:00
out/object_anchor_world/20260728_120922/failures/20260728_121135_026_f000822_pnp_failure_overlay.jpg,archive_local/rnd_20260729/diagnostics/out/object_anchor_world/20260728_120922/failures/20260728_121135_026_f000822_pnp_failure_overlay.jpg,ARCHIVE_RND,277071,43fc22135eb0d6410de42664577ba0e8b5a06580ca68c10d8eee35015d3fec3f,historical or bulk experiment output not used by runtime,,varies,2026-07-29T06:06:57.567175+00:00
out/object_anchor_world/20260728_120922/failures/20260728_121135_026_f000822_pnp_failure_raw.jpg,archive_local/rnd_20260729/diagnostics/out/object_anchor_world/20260728_120922/failures/20260728_121135_026_f000822_pnp_failure_raw.jpg,ARCHIVE_RND,274320,3e0265b95e086355ad25b086b4eea2eaa86e7ed8ac0562a4d229770b65a31a48,historical or bulk experiment output not used by runtime,,varies,2026-07-29T06:06:57.567175+00:00
out/object_anchor_world/20260728_120922/failures/20260728_121135_670_f000826_pnp_failure_overlay.jpg,archive_local/rnd_20260729/diagnostics/out/object_anchor_world/20260728_120922/failures/20260728_121135_670_f000826_pnp_failure_overlay.jpg,ARCHIVE_RND,277369,27e77a3d3c1f1adc44e854c63d5912ea19552ba90f409ef502c46179cae43272,historical or bulk experiment output not used by runtime,,varies,2026-07-29T06:06:57.567175+00:00
out/object_anchor_world/20260728_120922/failures/20260728_121135_670_f000826_pnp_failure_raw.jpg,archive_local/rnd_20260729/diagnostics/out/object_anchor_world/20260728_120922/failures/20260728_121135_670_f000826_pnp_failure_raw.jpg,ARCHIVE_RND,274761,6461eea424a761e76687bb3ee8b2d556c4c6c32986394daa7030a28fb603aa5c,historical or bulk experiment output not used by runtime,,varies,2026-07-29T06:06:57.567175+00:00
out/object_anchor_world/20260728_120922/failures/20260728_121136_975_f000834_pnp_failure_overlay.jpg,archive_local/rnd_20260729/diagnostics/out/object_anchor_world/20260728_120922/failures/20260728_121136_975_f000834_pnp_failure_overlay.jpg,ARCHIVE_RND,278435,f9c237b96ba748310d26c2248560e03965ed87be6903a5fa60e17c3449842042,historical or bulk experiment output not used by runtime,,varies,2026-07-29T06:06:57.567175+00:00
out/object_anchor_world/20260728_120922/failures/20260728_121136_975_f000834_pnp_failure_raw.jpg,archive_local/rnd_20260729/diagnostics/out/object_anchor_world/20260728_120922/failures/20260728_121136_975_f000834_pnp_failure_raw.jpg,ARCHIVE_RND,275501,4422b200fb9da1085524e6ffb2e995304d8d797331feed89e5877bc7097d09d8,historical or bulk experiment output not used by runtime,,varies,2026-07-29T06:06:57.567175+00:00
out/object_anchor_world/20260728_120922/failures/20260728_121138_431_f000843_pnp_failure_overlay.jpg,archive_local/rnd_20260729/diagnostics/out/object_anchor_world/20260728_120922/failures/20260728_121138_431_f000843_pnp_failure_overlay.jpg,ARCHIVE_RND,277629,06b64eb0febc2927f034b34b56e0d3b6b345fe7cadac55d54be2b99fe8a692c2,historical or bulk experiment output not used by runtime,,varies,2026-07-29T06:06:57.567175+00:00
out/object_anchor_world/20260728_120922/failures/20260728_121138_431_f000843_pnp_failure_raw.jpg,archive_local/rnd_20260729/diagnostics/out/object_anchor_world/20260728_120922/failures/20260728_121138_431_f000843_pnp_failure_raw.jpg,ARCHIVE_RND,274989,5fe123c7c72ed4eeea0ad4fa99a8eb1876266e6149a0701c47db27aa17ac4e46,historical or bulk experiment output not used by runtime,,varies,2026-07-29T06:06:57.567175+00:00
out/object_anchor_world/20260728_120922/failures/20260728_121139_238_f000848_pnp_failure_overlay.jpg,archive_local/rnd_20260729/diagnostics/out/object_anchor_world/20260728_120922/failures/20260728_121139_238_f000848_pnp_failure_overlay.jpg,ARCHIVE_RND,278547,30b9718185e382b3e802f301dafa7744c5ba9e8c8c407289bcae72f57bfc2506,historical or bulk experiment output not used by runtime,,varies,2026-07-29T06:06:57.567175+00:00
out/object_anchor_world/20260728_120922/failures/20260728_121139_238_f000848_pnp_failure_raw.jpg,archive_local/rnd_20260729/diagnostics/out/object_anchor_world/20260728_120922/failures/20260728_121139_238_f000848_pnp_failure_raw.jpg,ARCHIVE_RND,275627,5a13c9b89bb3f1bb52aa34a2a28819f0e5ac46beff08d3cf593a4925289fef30,historical or bulk experiment output not used by runtime,,varies,2026-07-29T06:06:57.567175+00:00
out/object_anchor_world/20260728_120922/failures/20260728_121139_877_f000852_pnp_failure_overlay.jpg,archive_local/rnd_20260729/diagnostics/out/object_anchor_world/20260728_120922/failures/20260728_121139_877_f000852_pnp_failure_overlay.jpg,ARCHIVE_RND,277660,92f8cc94af3ee8e816469945aea6d59aed58b7f906545ca0e876239bb57ff770,historical or bulk experiment output not used by runtime,,varies,2026-07-29T06:06:57.567175+00:00
out/object_anchor_world/20260728_120922/failures/20260728_121139_877_f000852_pnp_failure_raw.jpg,archive_local/rnd_20260729/diagnostics/out/object_anchor_world/20260728_120922/failures/20260728_121139_877_f000852_pnp_failure_raw.jpg,ARCHIVE_RND,274649,27cf41e27a07d85f1ca04acc1df237ea2df202a800d35f70ae4291344eb112a5,historical or bulk experiment output not used by runtime,,varies,2026-07-29T06:06:57.567175+00:00
out/object_anchor_world/20260728_120922/failures/20260728_121214_927_f001070_pnp_failure_overlay.jpg,archive_local/rnd_20260729/diagnostics/out/object_anchor_world/20260728_120922/failures/20260728_121214_927_f001070_pnp_failure_overlay.jpg,ARCHIVE_RND,276689,751822ed1693b47547a40b6c6305414b8a204481d1f49bb11294741f7256808a,historical or bulk experiment output not used by runtime,,varies,2026-07-29T06:06:57.567175+00:00
out/object_anchor_world/20260728_120922/failures/20260728_121214_927_f001070_pnp_failure_raw.jpg,archive_local/rnd_20260729/diagnostics/out/object_anchor_world/20260728_120922/failures/20260728_121214_927_f001070_pnp_failure_raw.jpg,ARCHIVE_RND,275502,2f56c2f8af85ac26043a20de217f1194c874fd44024cc1a53bef6966d3b56eec,historical or bulk experiment output not used by runtime,,varies,2026-07-29T06:06:57.567175+00:00
out/object_anchor_world/20260728_120922/failures/20260728_121215_453_f001073_pnp_failure_overlay.jpg,archive_local/rnd_20260729/diagnostics/out/object_anchor_world/20260728_120922/failures/20260728_121215_453_f001073_pnp_failure_overlay.jpg,ARCHIVE_RND,288942,7882ed9fed4fcf74c5d67c319de2ed974d5ab7da51c1f8a72d5712615926d654,historical or bulk experiment output not used by runtime,,varies,2026-07-29T06:06:57.567175+00:00
out/object_anchor_world/20260728_120922/failures/20260728_121215_453_f001073_pnp_failure_raw.jpg,archive_local/rnd_20260729/diagnostics/out/object_anchor_world/20260728_120922/failures/20260728_121215_453_f001073_pnp_failure_raw.jpg,ARCHIVE_RND,287051,4849683a989df2127af8527359bc1e05b6fdef3e1a5e34251d00647c87875e73,historical or bulk experiment output not used by runtime,,varies,2026-07-29T06:06:57.567175+00:00
out/object_anchor_world/20260728_120922/failures/20260728_121215_974_f001076_pnp_failure_overlay.jpg,archive_local/rnd_20260729/diagnostics/out/object_anchor_world/20260728_120922/failures/20260728_121215_974_f001076_pnp_failure_overlay.jpg,ARCHIVE_RND,295942,64e8a6b59667a188033ece3b297934aa5926f288085ddf05560e6f9bacb43ccc,historical or bulk experiment output not used by runtime,,varies,2026-07-29T06:06:57.567175+00:00
out/object_anchor_world/20260728_120922/failures/20260728_121215_974_f001076_pnp_failure_raw.jpg,archive_local/rnd_20260729/diagnostics/out/object_anchor_world/20260728_120922/failures/20260728_121215_974_f001076_pnp_failure_raw.jpg,ARCHIVE_RND,294135,e60ad505fe69a43cf19f39a74cb0e046b143468855b70db8befe6b1a61b092c1,historical or bulk experiment output not used by runtime,,varies,2026-07-29T06:06:57.567175+00:00
out/object_anchor_world/20260728_120922/failures/20260728_121216_491_f001079_pnp_failure_overlay.jpg,archive_local/rnd_20260729/diagnostics/out/object_anchor_world/20260728_120922/failures/20260728_121216_491_f001079_pnp_failure_overlay.jpg,ARCHIVE_RND,289422,23d5ee62526867b60e544f8b183d76b5ede64aebb800595df41ad6836e80573f,historical or bulk experiment output not used by runtime,,varies,2026-07-29T06:06:57.567175+00:00
out/object_anchor_world/20260728_120922/failures/20260728_121216_491_f001079_pnp_failure_raw.jpg,archive_local/rnd_20260729/diagnostics/out/object_anchor_world/20260728_120922/failures/20260728_121216_491_f001079_pnp_failure_raw.jpg,ARCHIVE_RND,286326,5f22bec600029178183fe4013d4f65dbfc3d81fe1fb4f6fe7f152871b9b2d409,historical or bulk experiment output not used by runtime,,varies,2026-07-29T06:06:57.567175+00:00
out/object_anchor_world/20260728_120922/failures/20260728_121217_020_f001082_pnp_failure_overlay.jpg,archive_local/rnd_20260729/diagnostics/out/object_anchor_world/20260728_120922/failures/20260728_121217_020_f001082_pnp_failure_overlay.jpg,ARCHIVE_RND,301076,6d0919e61579a78b5a96d71cb5aa522cac24f29c6839474ff8ca6f1e7f48dc78,historical or bulk experiment output not used by runtime,,varies,2026-07-29T06:06:57.567175+00:00
out/object_anchor_world/20260728_120922/failures/20260728_121217_020_f001082_pnp_failure_raw.jpg,archive_local/rnd_20260729/diagnostics/out/object_anchor_world/20260728_120922/failures/20260728_121217_020_f001082_pnp_failure_raw.jpg,ARCHIVE_RND,297590,474eb7ccb8dcecc618ef7cf046bbbc6ac8d85274f54114082f21968fbe16591c,historical or bulk experiment output not used by runtime,,varies,2026-07-29T06:06:57.567175+00:00
out/object_anchor_world/20260728_120922/failures/20260728_121217_709_f001086_pnp_failure_overlay.jpg,archive_local/rnd_20260729/diagnostics/out/object_anchor_world/20260728_120922/failures/20260728_121217_709_f001086_pnp_failure_overlay.jpg,ARCHIVE_RND,302289,2f23f008c4e82487cfb46ed8e35aaf7b0d8db32fba57521a6de76499861b20cc,historical or bulk experiment output not used by runtime,,varies,2026-07-29T06:06:57.567175+00:00
out/object_anchor_world/20260728_120922/failures/20260728_121217_709_f001086_pnp_failure_raw.jpg,archive_local/rnd_20260729/diagnostics/out/object_anchor_world/20260728_120922/failures/20260728_121217_709_f001086_pnp_failure_raw.jpg,ARCHIVE_RND,299111,08889b9988a5c2036dac49e750f364ea1c88d2fe323023dc5e6808acff491805,historical or bulk experiment output not used by runtime,,varies,2026-07-29T06:06:57.567175+00:00
out/object_anchor_world/20260728_120922/failures/20260728_121218_891_f001093_pnp_failure_overlay.jpg,archive_local/rnd_20260729/diagnostics/out/object_anchor_world/20260728_120922/failures/20260728_121218_891_f001093_pnp_failure_overlay.jpg,ARCHIVE_RND,303756,039ab0d46afc0718d2a22ae4af38f51a9f5fc09f4897f5ff7bfbb8f868226af2,historical or bulk experiment output not used by runtime,,varies,2026-07-29T06:06:57.567175+00:00
out/object_anchor_world/20260728_120922/failures/20260728_121218_891_f001093_pnp_failure_raw.jpg,archive_local/rnd_20260729/diagnostics/out/object_anchor_world/20260728_120922/failures/20260728_121218_891_f001093_pnp_failure_raw.jpg,ARCHIVE_RND,300747,386885a45c56d91cee799445cc7a6565d13df18164bece602cc90a1a89f92d9a,historical or bulk experiment output not used by runtime,,varies,2026-07-29T06:06:57.567175+00:00
out/object_anchor_world/20260728_120922/failures/20260728_121219_579_f001097_pnp_failure_overlay.jpg,archive_local/rnd_20260729/diagnostics/out/object_anchor_world/20260728_120922/failures/20260728_121219_579_f001097_pnp_failure_overlay.jpg,ARCHIVE_RND,303433,43cc1345050573152e3bc89d3da7c7398fa943beab8813257e4a5ad6ad75481f,historical or bulk experiment output not used by runtime,,varies,2026-07-29T06:06:57.567175+00:00
out/object_anchor_world/20260728_120922/failures/20260728_121219_579_f001097_pnp_failure_raw.jpg,archive_local/rnd_20260729/diagnostics/out/object_anchor_world/20260728_120922/failures/20260728_121219_579_f001097_pnp_failure_raw.jpg,ARCHIVE_RND,300278,34a8a7f9b59dd52b0cce2e24451bfca21a3e0add40e49a30d5a2d8281671ab86,historical or bulk experiment output not used by runtime,,varies,2026-07-29T06:06:57.567175+00:00
out/object_anchor_world/20260728_120922/failures/20260728_121220_875_f001105_pnp_failure_overlay.jpg,archive_local/rnd_20260729/diagnostics/out/object_anchor_world/20260728_120922/failures/20260728_121220_875_f001105_pnp_failure_overlay.jpg,ARCHIVE_RND,282000,bf49532d0f9e134748dd3fd3488a5c2d6fdc7bcaaa111ce9f05bae51ae2c3ca9,historical or bulk experiment output not used by runtime,,varies,2026-07-29T06:06:57.567175+00:00
out/object_anchor_world/20260728_120922/failures/20260728_121220_875_f001105_pnp_failure_raw.jpg,archive_local/rnd_20260729/diagnostics/out/object_anchor_world/20260728_120922/failures/20260728_121220_875_f001105_pnp_failure_raw.jpg,ARCHIVE_RND,280018,1e7e11e0f4e644e2f5e59f35421cd826c27a02c544e6e0fab2482fd49e6510bd,historical or bulk experiment output not used by runtime,,varies,2026-07-29T06:06:57.567175+00:00
out/object_anchor_world/20260728_120922/failures/20260728_121221_506_f001109_pnp_failure_overlay.jpg,archive_local/rnd_20260729/diagnostics/out/object_anchor_world/20260728_120922/failures/20260728_121221_506_f001109_pnp_failure_overlay.jpg,ARCHIVE_RND,281715,64dbc5928508b8f85e2c720c16a7dee78af7957f706cbf816152ce666f182a9c,historical or bulk experiment output not used by runtime,,varies,2026-07-29T06:06:57.567175+00:00
out/object_anchor_world/20260728_120922/failures/20260728_121221_506_f001109_pnp_failure_raw.jpg,archive_local/rnd_20260729/diagnostics/out/object_anchor_world/20260728_120922/failures/20260728_121221_506_f001109_pnp_failure_raw.jpg,ARCHIVE_RND,279782,6e187c0e025a1857aadc4ca34d0def2295d0aba26e7830bc7382060dbd98ef69,historical or bulk experiment output not used by runtime,,varies,2026-07-29T06:06:57.567175+00:00
out/object_anchor_world/20260728_120922/failures/20260728_121222_151_f001113_pnp_failure_overlay.jpg,archive_local/rnd_20260729/diagnostics/out/object_anchor_world/20260728_120922/failures/20260728_121222_151_f001113_pnp_failure_overlay.jpg,ARCHIVE_RND,283756,c43c2234cadfcd9fe0446a35703d0ccf47b8acc96274f17e9a5688519610830c,historical or bulk experiment output not used by runtime,,varies,2026-07-29T06:06:57.567175+00:00
out/object_anchor_world/20260728_120922/failures/20260728_121222_151_f001113_pnp_failure_raw.jpg,archive_local/rnd_20260729/diagnostics/out/object_anchor_world/20260728_120922/failures/20260728_121222_151_f001113_pnp_failure_raw.jpg,ARCHIVE_RND,281923,d2870031a2b3417226a434a8e85c2684e93d537d0e007bbb5321679093811723,historical or bulk experiment output not used by runtime,,varies,2026-07-29T06:06:57.567175+00:00
out/object_anchor_world/20260728_120922/failures/20260728_121222_788_f001117_pnp_failure_overlay.jpg,archive_local/rnd_20260729/diagnostics/out/object_anchor_world/20260728_120922/failures/20260728_121222_788_f001117_pnp_failure_overlay.jpg,ARCHIVE_RND,285124,ecb63a3e8c6c71ffcc276d0b4de4c8e1baa108313fd609044cb445f9fe43db65,historical or bulk experiment output not used by runtime,,varies,2026-07-29T06:06:57.567175+00:00
out/object_anchor_world/20260728_120922/failures/20260728_121222_788_f001117_pnp_failure_raw.jpg,archive_local/rnd_20260729/diagnostics/out/object_anchor_world/20260728_120922/failures/20260728_121222_788_f001117_pnp_failure_raw.jpg,ARCHIVE_RND,283051,bf366d56f76e1e413f331c9ea29dca5b86ce334e0cc1fb45c7029b1748646681,historical or bulk experiment output not used by runtime,,varies,2026-07-29T06:06:57.567175+00:00
out/object_anchor_world/20260728_120922/failures/20260728_121224_995_f001131_pnp_failure_overlay.jpg,archive_local/rnd_20260729/diagnostics/out/object_anchor_world/20260728_120922/failures/20260728_121224_995_f001131_pnp_failure_overlay.jpg,ARCHIVE_RND,283365,65c25c7e39ac6f42541b5146dea1ea3c3b38aa3c13f2966240fbe1a0e5516b53,historical or bulk experiment output not used by runtime,,varies,2026-07-29T06:06:57.567175+00:00
out/object_anchor_world/20260728_120922/failures/20260728_121224_995_f001131_pnp_failure_raw.jpg,archive_local/rnd_20260729/diagnostics/out/object_anchor_world/20260728_120922/failures/20260728_121224_995_f001131_pnp_failure_raw.jpg,ARCHIVE_RND,281521,b29f2bd593003cad58aaf2b274c91e9a10aa6dda183dec63d1bd1f3adca1c803,historical or bulk experiment output not used by runtime,,varies,2026-07-29T06:06:57.567175+00:00
out/object_anchor_world/20260728_120922/failures/20260728_121225_787_f001136_pnp_failure_overlay.jpg,archive_local/rnd_20260729/diagnostics/out/object_anchor_world/20260728_120922/failures/20260728_121225_787_f001136_pnp_failure_overlay.jpg,ARCHIVE_RND,284852,4e12f5ce2aa174a9d969e64a08c054ab4f0e4756bca186363030f09c1d64b42a,historical or bulk experiment output not used by runtime,,varies,2026-07-29T06:06:57.567175+00:00
out/object_anchor_world/20260728_120922/failures/20260728_121225_787_f001136_pnp_failure_raw.jpg,archive_local/rnd_20260729/diagnostics/out/object_anchor_world/20260728_120922/failures/20260728_121225_787_f001136_pnp_failure_raw.jpg,ARCHIVE_RND,282835,079b7b3ebf151a1246947567094a24ae7fa21bbb8b8009e83267acbbd3759a13,historical or bulk experiment output not used by runtime,,varies,2026-07-29T06:06:57.567175+00:00
out/object_anchor_world/20260728_120922/failures/20260728_121226_432_f001140_pnp_failure_overlay.jpg,archive_local/rnd_20260729/diagnostics/out/object_anchor_world/20260728_120922/failures/20260728_121226_432_f001140_pnp_failure_overlay.jpg,ARCHIVE_RND,289556,66bfaa653ff4630057b030645093b861af18ba818e92b7cbdc80e68567f3863a,historical or bulk experiment output not used by runtime,,varies,2026-07-29T06:06:57.567175+00:00
out/object_anchor_world/20260728_120922/failures/20260728_121226_432_f001140_pnp_failure_raw.jpg,archive_local/rnd_20260729/diagnostics/out/object_anchor_world/20260728_120922/failures/20260728_121226_432_f001140_pnp_failure_raw.jpg,ARCHIVE_RND,287388,4cf659b2ac387beeca6a96eed87f9621577c3bf97ef490208a0ed644256bbd04,historical or bulk experiment output not used by runtime,,varies,2026-07-29T06:06:57.567175+00:00
out/object_anchor_world/20260728_120922/failures/20260728_121227_082_f001144_pnp_failure_overlay.jpg,archive_local/rnd_20260729/diagnostics/out/object_anchor_world/20260728_120922/failures/20260728_121227_082_f001144_pnp_failure_overlay.jpg,ARCHIVE_RND,296425,e529f9e0ecd5839394d72d3b681611666c2750ddde8754791c3090c8969e1299,historical or bulk experiment output not used by runtime,,varies,2026-07-29T06:06:57.567175+00:00
out/object_anchor_world/20260728_120922/failures/20260728_121227_082_f001144_pnp_failure_raw.jpg,archive_local/rnd_20260729/diagnostics/out/object_anchor_world/20260728_120922/failures/20260728_121227_082_f001144_pnp_failure_raw.jpg,ARCHIVE_RND,294112,55414ee6abd84fe429ddd87dcbdbfcf77e13a0d40d01b02ed83332dfab844507,historical or bulk experiment output not used by runtime,,varies,2026-07-29T06:06:57.567175+00:00
out/object_anchor_world/20260728_120922/failures/20260728_121227_738_f001148_pnp_failure_overlay.jpg,archive_local/rnd_20260729/diagnostics/out/object_anchor_world/20260728_120922/failures/20260728_121227_738_f001148_pnp_failure_overlay.jpg,ARCHIVE_RND,295066,b7ece3006596f3c651ea761ecb5e49c2285f6fe4338513f4fb89e1f73212cc8b,historical or bulk experiment output not used by runtime,,varies,2026-07-29T06:06:57.567175+00:00
out/object_anchor_world/20260728_120922/failures/20260728_121227_738_f001148_pnp_failure_raw.jpg,archive_local/rnd_20260729/diagnostics/out/object_anchor_world/20260728_120922/failures/20260728_121227_738_f001148_pnp_failure_raw.jpg,ARCHIVE_RND,292825,f31ff133590effb01bca3ccedd9f17a5103ab0b85a76cb89a73a419a5df1b711,historical or bulk experiment output not used by runtime,,varies,2026-07-29T06:06:57.567175+00:00
out/object_anchor_world/20260728_120922/failures/20260728_121228_239_f001151_pnp_failure_overlay.jpg,archive_local/rnd_20260729/diagnostics/out/object_anchor_world/20260728_120922/failures/20260728_121228_239_f001151_pnp_failure_overlay.jpg,ARCHIVE_RND,296396,83ed98b684c83973835f64376dd5e4ca47bb13acdbbf57037b3eb876bde70fdd,historical or bulk experiment output not used by runtime,,varies,2026-07-29T06:06:57.567175+00:00
out/object_anchor_world/20260728_120922/failures/20260728_121228_239_f001151_pnp_failure_raw.jpg,archive_local/rnd_20260729/diagnostics/out/object_anchor_world/20260728_120922/failures/20260728_121228_239_f001151_pnp_failure_raw.jpg,ARCHIVE_RND,294158,cdd52179c9dceb2e30412654c8e42ca7c26e6970572e30710cedfa178f879d85,historical or bulk experiment output not used by runtime,,varies,2026-07-29T06:06:57.567175+00:00
out/object_anchor_world/20260728_120922/failures/20260728_121230_244_f001163_pnp_failure_overlay.jpg,archive_local/rnd_20260729/diagnostics/out/object_anchor_world/20260728_120922/failures/20260728_121230_244_f001163_pnp_failure_overlay.jpg,ARCHIVE_RND,299470,5fc6a42ef8ea8d9b39bf3a48871c88be331b8f8a90da050261e473b8374aa2ca,historical or bulk experiment output not used by runtime,,varies,2026-07-29T06:06:57.567175+00:00
out/object_anchor_world/20260728_120922/failures/20260728_121230_244_f001163_pnp_failure_raw.jpg,archive_local/rnd_20260729/diagnostics/out/object_anchor_world/20260728_120922/failures/20260728_121230_244_f001163_pnp_failure_raw.jpg,ARCHIVE_RND,298000,1c4f086d3bfab8fa5de73b440f256290c19dd0e92d579cf6a4ebef4fe85334ca,historical or bulk experiment output not used by runtime,,varies,2026-07-29T06:06:57.567175+00:00
out/object_anchor_world/20260728_120922/failures/20260728_121230_803_f001166_pnp_failure_overlay.jpg,archive_local/rnd_20260729/diagnostics/out/object_anchor_world/20260728_120922/failures/20260728_121230_803_f001166_pnp_failure_overlay.jpg,ARCHIVE_RND,309350,051baa4b0d126975c38e91a0375e440b3a749085d094d42d8323e32e3a3f12b9,historical or bulk experiment output not used by runtime,,varies,2026-07-29T06:06:57.567175+00:00
out/object_anchor_world/20260728_120922/failures/20260728_121230_803_f001166_pnp_failure_raw.jpg,archive_local/rnd_20260729/diagnostics/out/object_anchor_world/20260728_120922/failures/20260728_121230_803_f001166_pnp_failure_raw.jpg,ARCHIVE_RND,307891,065202ac52d0f271f227a82c75f6b2848763683d6fa1536de044cb327d9784f6,historical or bulk experiment output not used by runtime,,varies,2026-07-29T06:06:57.567175+00:00
out/object_anchor_world/20260728_120922/failures/20260728_121231_333_f001169_pnp_failure_overlay.jpg,archive_local/rnd_20260729/diagnostics/out/object_anchor_world/20260728_120922/failures/20260728_121231_333_f001169_pnp_failure_overlay.jpg,ARCHIVE_RND,325403,ddb57582efc9787ecbb28d9620964a27eb9c2dc77ee57c42db4509b3a29df774,historical or bulk experiment output not used by runtime,,varies,2026-07-29T06:06:57.567175+00:00
out/object_anchor_world/20260728_120922/failures/20260728_121231_333_f001169_pnp_failure_raw.jpg,archive_local/rnd_20260729/diagnostics/out/object_anchor_world/20260728_120922/failures/20260728_121231_333_f001169_pnp_failure_raw.jpg,ARCHIVE_RND,323886,d6f78d6aea962d807b4c56bf88a5e216a23b03dfbb50d4b8d8dac98e35898a2b,historical or bulk experiment output not used by runtime,,varies,2026-07-29T06:06:57.567175+00:00
out/object_anchor_world/20260728_120922/failures/20260728_121231_865_f001172_pnp_failure_overlay.jpg,archive_local/rnd_20260729/diagnostics/out/object_anchor_world/20260728_120922/failures/20260728_121231_865_f001172_pnp_failure_overlay.jpg,ARCHIVE_RND,319529,2185f8c7a7824241b4e405c12913659a997babf9cdbd54cf37e41f2375da05c2,historical or bulk experiment output not used by runtime,,varies,2026-07-29T06:06:57.567175+00:00
out/object_anchor_world/20260728_120922/failures/20260728_121231_865_f001172_pnp_failure_raw.jpg,archive_local/rnd_20260729/diagnostics/out/object_anchor_world/20260728_120922/failures/20260728_121231_865_f001172_pnp_failure_raw.jpg,ARCHIVE_RND,318092,899f58bccf3bb9da66d2b9812a90b90ae31e88c41683b1a38c29fd71fccc385d,historical or bulk experiment output not used by runtime,,varies,2026-07-29T06:06:57.567175+00:00
out/object_anchor_world/20260728_120922/failures/20260728_121232_385_f001175_pnp_failure_overlay.jpg,archive_local/rnd_20260729/diagnostics/out/object_anchor_world/20260728_120922/failures/20260728_121232_385_f001175_pnp_failure_overlay.jpg,ARCHIVE_RND,327914,16e0d3ca62426cf1a80fc02fc35e23d3f0fa3ccf9618c243d537b92d15e0ef4c,historical or bulk experiment output not used by runtime,,varies,2026-07-29T06:06:57.567175+00:00
out/object_anchor_world/20260728_120922/failures/20260728_121232_385_f001175_pnp_failure_raw.jpg,archive_local/rnd_20260729/diagnostics/out/object_anchor_world/20260728_120922/failures/20260728_121232_385_f001175_pnp_failure_raw.jpg,ARCHIVE_RND,326456,a35c158c2081eab5e6dfab79825817826364b5be1fddd56e8631054614ff299e,historical or bulk experiment output not used by runtime,,varies,2026-07-29T06:06:57.567175+00:00
out/object_anchor_world/20260728_120922/failures/20260728_121233_783_f001183_pnp_failure_overlay.jpg,archive_local/rnd_20260729/diagnostics/out/object_anchor_world/20260728_120922/failures/20260728_121233_783_f001183_pnp_failure_overlay.jpg,ARCHIVE_RND,301137,ea442f1f0277fb9ccf9eccf541c9e602e108ec51eb958135a2fb1f0dd98e9638,historical or bulk experiment output not used by runtime,,varies,2026-07-29T06:06:57.567175+00:00
out/object_anchor_world/20260728_120922/failures/20260728_121233_783_f001183_pnp_failure_raw.jpg,archive_local/rnd_20260729/diagnostics/out/object_anchor_world/20260728_120922/failures/20260728_121233_783_f001183_pnp_failure_raw.jpg,ARCHIVE_RND,299312,11a2b7ce5a5b2e24e14f702f89c7b4ecde6c2830e65e30bb0f8443d379b04444,historical or bulk experiment output not used by runtime,,varies,2026-07-29T06:06:57.567175+00:00
out/object_anchor_world/20260728_120922/failures/20260728_121234_288_f001186_pnp_failure_overlay.jpg,archive_local/rnd_20260729/diagnostics/out/object_anchor_world/20260728_120922/failures/20260728_121234_288_f001186_pnp_failure_overlay.jpg,ARCHIVE_RND,318134,2d1eeca8177acdef8646cbb949b0b52c59a7621e2cf04150adbae651309d5d16,historical or bulk experiment output not used by runtime,,varies,2026-07-29T06:06:57.567175+00:00
out/object_anchor_world/20260728_120922/failures/20260728_121234_288_f001186_pnp_failure_raw.jpg,archive_local/rnd_20260729/diagnostics/out/object_anchor_world/20260728_120922/failures/20260728_121234_288_f001186_pnp_failure_raw.jpg,ARCHIVE_RND,316935,094079f1ae3cc3a1da9797dc1a9ac4ab0f5015ba12526424f761938d4322a376,historical or bulk experiment output not used by runtime,,varies,2026-07-29T06:06:57.567175+00:00
out/object_anchor_world/20260728_120922/failures/20260728_121258_319_f001326_pnp_failure_overlay.jpg,archive_local/rnd_20260729/diagnostics/out/object_anchor_world/20260728_120922/failures/20260728_121258_319_f001326_pnp_failure_overlay.jpg,ARCHIVE_RND,311576,ec44545090883223355f8526af026605ceeff3fccd904392f1425c0da48fb385,historical or bulk experiment output not used by runtime,,varies,2026-07-29T06:06:57.567175+00:00
out/object_anchor_world/20260728_120922/failures/20260728_121258_319_f001326_pnp_failure_raw.jpg,archive_local/rnd_20260729/diagnostics/out/object_anchor_world/20260728_120922/failures/20260728_121258_319_f001326_pnp_failure_raw.jpg,ARCHIVE_RND,310297,36f42cd849b7008792d987534ba4e0b992c4eca71955a21a346d43532b341cf4,historical or bulk experiment output not used by runtime,,varies,2026-07-29T06:06:57.567175+00:00
out/object_anchor_world/20260728_120922/failures/20260728_121300_215_f001337_pnp_failure_overlay.jpg,archive_local/rnd_20260729/diagnostics/out/object_anchor_world/20260728_120922/failures/20260728_121300_215_f001337_pnp_failure_overlay.jpg,ARCHIVE_RND,301128,aba9b072dddc49e955d08b5ecde2624c6a7fab9d2299ef7e847f074de9886f87,historical or bulk experiment output not used by runtime,,varies,2026-07-29T06:06:57.567175+00:00
out/object_anchor_world/20260728_120922/failures/20260728_121300_215_f001337_pnp_failure_raw.jpg,archive_local/rnd_20260729/diagnostics/out/object_anchor_world/20260728_120922/failures/20260728_121300_215_f001337_pnp_failure_raw.jpg,ARCHIVE_RND,299774,997a1c4ba9291efd898e4cbdf8143fc8ccbf557fbd79594e08108f5459389415,historical or bulk experiment output not used by runtime,,varies,2026-07-29T06:06:57.567175+00:00
out/object_anchor_world/20260728_120922/failures/20260728_121300_729_f001340_pnp_failure_overlay.jpg,archive_local/rnd_20260729/diagnostics/out/object_anchor_world/20260728_120922/failures/20260728_121300_729_f001340_pnp_failure_overlay.jpg,ARCHIVE_RND,297460,679f9c0e31bd60cb6990b90a75e8a74db84262223cd78be9f5fcb2359e6353f1,historical or bulk experiment output not used by runtime,,varies,2026-07-29T06:06:57.567175+00:00
out/object_anchor_world/20260728_120922/failures/20260728_121300_729_f001340_pnp_failure_raw.jpg,archive_local/rnd_20260729/diagnostics/out/object_anchor_world/20260728_120922/failures/20260728_121300_729_f001340_pnp_failure_raw.jpg,ARCHIVE_RND,296020,7614d6c5c3a7ff552ed910527d01f8050343016205b4c8a8f4b1d8960332ee46,historical or bulk experiment output not used by runtime,,varies,2026-07-29T06:06:57.567175+00:00
out/object_anchor_world/20260728_120922/failures/20260728_121301_244_f001343_pnp_failure_overlay.jpg,archive_local/rnd_20260729/diagnostics/out/object_anchor_world/20260728_120922/failures/20260728_121301_244_f001343_pnp_failure_overlay.jpg,ARCHIVE_RND,298473,1ba9300c478d9954283ded6337bda043e6bcafc44bbe4aede6da1c743c04c89f,historical or bulk experiment output not used by runtime,,varies,2026-07-29T06:06:57.567175+00:00
out/object_anchor_world/20260728_120922/failures/20260728_121301_244_f001343_pnp_failure_raw.jpg,archive_local/rnd_20260729/diagnostics/out/object_anchor_world/20260728_120922/failures/20260728_121301_244_f001343_pnp_failure_raw.jpg,ARCHIVE_RND,297036,9e95393facde9fa6632c35205cbeca05e4e27c398c5772d61122181a042d7165,historical or bulk experiment output not used by runtime,,varies,2026-07-29T06:06:57.567175+00:00
out/object_anchor_world/20260728_120922/failures/20260728_121301_750_f001346_pnp_failure_overlay.jpg,archive_local/rnd_20260729/diagnostics/out/object_anchor_world/20260728_120922/failures/20260728_121301_750_f001346_pnp_failure_overlay.jpg,ARCHIVE_RND,294394,0bf3ce68dba79bbc2e6842b3bf16daec34eab33dc33edc41c1942a6f75d5ecb8,historical or bulk experiment output not used by runtime,,varies,2026-07-29T06:06:57.567175+00:00
out/object_anchor_world/20260728_120922/failures/20260728_121301_750_f001346_pnp_failure_raw.jpg,archive_local/rnd_20260729/diagnostics/out/object_anchor_world/20260728_120922/failures/20260728_121301_750_f001346_pnp_failure_raw.jpg,ARCHIVE_RND,292952,f404b61a865269cf0184143c74c71b2a11101e951c199e95ab42f709762d6695,historical or bulk experiment output not used by runtime,,varies,2026-07-29T06:06:57.567175+00:00
out/object_anchor_world/20260728_120922/failures/20260728_121302_397_f001350_pnp_failure_overlay.jpg,archive_local/rnd_20260729/diagnostics/out/object_anchor_world/20260728_120922/failures/20260728_121302_397_f001350_pnp_failure_overlay.jpg,ARCHIVE_RND,288153,c44103b7a46d9db19674eecff53945659dc812b6c4f2a3bf4bc9b087d261b298,historical or bulk experiment output not used by runtime,,varies,2026-07-29T06:06:57.567175+00:00
out/object_anchor_world/20260728_120922/failures/20260728_121302_397_f001350_pnp_failure_raw.jpg,archive_local/rnd_20260729/diagnostics/out/object_anchor_world/20260728_120922/failures/20260728_121302_397_f001350_pnp_failure_raw.jpg,ARCHIVE_RND,286708,aea6c14c8460b7df5ac92f5021b65a6bf6d28eb2bfd29b46c5a19519078af3f6,historical or bulk experiment output not used by runtime,,varies,2026-07-29T06:06:57.567175+00:00
out/object_anchor_world/20260728_120922/failures/20260728_121305_044_f001366_pnp_failure_overlay.jpg,archive_local/rnd_20260729/diagnostics/out/object_anchor_world/20260728_120922/failures/20260728_121305_044_f001366_pnp_failure_overlay.jpg,ARCHIVE_RND,291301,8c9769f04887e6038d5b50fecd5f08ecdd65cd238c3678ecd219208723533400,historical or bulk experiment output not used by runtime,,varies,2026-07-29T06:06:57.567175+00:00
out/object_anchor_world/20260728_120922/failures/20260728_121305_044_f001366_pnp_failure_raw.jpg,archive_local/rnd_20260729/diagnostics/out/object_anchor_world/20260728_120922/failures/20260728_121305_044_f001366_pnp_failure_raw.jpg,ARCHIVE_RND,289371,5d73de370841fe81e60b19f72a41d9ac31a42b3fef41eeab8aa92357177f2574,historical or bulk experiment output not used by runtime,,varies,2026-07-29T06:06:57.567175+00:00
out/object_anchor_world/20260728_120922/failures/20260728_121305_890_f001371_pnp_failure_overlay.jpg,archive_local/rnd_20260729/diagnostics/out/object_anchor_world/20260728_120922/failures/20260728_121305_890_f001371_pnp_failure_overlay.jpg,ARCHIVE_RND,291393,86fc0cf6f7eb58bf14c8eb10200b1bb53ec3254bebf58016e334dfd9ea5ce33b,historical or bulk experiment output not used by runtime,,varies,2026-07-29T06:06:57.567175+00:00
out/object_anchor_world/20260728_120922/failures/20260728_121305_890_f001371_pnp_failure_raw.jpg,archive_local/rnd_20260729/diagnostics/out/object_anchor_world/20260728_120922/failures/20260728_121305_890_f001371_pnp_failure_raw.jpg,ARCHIVE_RND,289517,dd43aca34059a8ea582d2f4b412abfc17105b13a6026ff741596a557fbb23af7,historical or bulk experiment output not used by runtime,,varies,2026-07-29T06:06:57.567175+00:00
out/object_anchor_world/20260728_120922/failures/20260728_121306_905_f001377_pnp_failure_overlay.jpg,archive_local/rnd_20260729/diagnostics/out/object_anchor_world/20260728_120922/failures/20260728_121306_905_f001377_pnp_failure_overlay.jpg,ARCHIVE_RND,289812,0181db0da16f6ee1b30e88fba374f18eb3922be85108dc26a4f3383f8bb57218,historical or bulk experiment output not used by runtime,,varies,2026-07-29T06:06:57.567175+00:00
out/object_anchor_world/20260728_120922/failures/20260728_121306_905_f001377_pnp_failure_raw.jpg,archive_local/rnd_20260729/diagnostics/out/object_anchor_world/20260728_120922/failures/20260728_121306_905_f001377_pnp_failure_raw.jpg,ARCHIVE_RND,287972,a85b973e551719058d64ca62b3c95bd09f3c4d7db39f1b0163093e66d2f473d4,historical or bulk experiment output not used by runtime,,varies,2026-07-29T06:06:57.567175+00:00
out/object_anchor_world/20260728_120922/failures/20260728_121308_913_f001389_pnp_failure_overlay.jpg,archive_local/rnd_20260729/diagnostics/out/object_anchor_world/20260728_120922/failures/20260728_121308_913_f001389_pnp_failure_overlay.jpg,ARCHIVE_RND,287635,471f67045dc947c97a34a684a560b18d8c24441f36118439e98ac539309e55a6,historical or bulk experiment output not used by runtime,,varies,2026-07-29T06:06:57.567175+00:00
out/object_anchor_world/20260728_120922/failures/20260728_121308_913_f001389_pnp_failure_raw.jpg,archive_local/rnd_20260729/diagnostics/out/object_anchor_world/20260728_120922/failures/20260728_121308_913_f001389_pnp_failure_raw.jpg,ARCHIVE_RND,285783,b5013dfacab1cda20d051f871f2a977c65e8aff4cffc4e8c0a68485f3f569525,historical or bulk experiment output not used by runtime,,varies,2026-07-29T06:06:57.567175+00:00
out/object_anchor_world/20260728_120922/failures/20260728_121309_944_f001395_pnp_failure_overlay.jpg,archive_local/rnd_20260729/diagnostics/out/object_anchor_world/20260728_120922/failures/20260728_121309_944_f001395_pnp_failure_overlay.jpg,ARCHIVE_RND,287284,f2a51bf2f36910eb2234fce3c6c69611bb81016080552155820cbd4598a2d08e,historical or bulk experiment output not used by runtime,,varies,2026-07-29T06:06:57.567175+00:00
out/object_anchor_world/20260728_120922/failures/20260728_121309_944_f001395_pnp_failure_raw.jpg,archive_local/rnd_20260729/diagnostics/out/object_anchor_world/20260728_120922/failures/20260728_121309_944_f001395_pnp_failure_raw.jpg,ARCHIVE_RND,285422,98672077c26fa68b6b28dfea6f5f02ed4f35876ec696dbc4e99954f0967ff3f0,historical or bulk experiment output not used by runtime,,varies,2026-07-29T06:06:57.567175+00:00
out/object_anchor_world/20260728_120922/failures/20260728_121313_749_f001417_pnp_failure_overlay.jpg,archive_local/rnd_20260729/diagnostics/out/object_anchor_world/20260728_120922/failures/20260728_121313_749_f001417_pnp_failure_overlay.jpg,ARCHIVE_RND,305000,cc6fca6fad835ea46832a6384f9bff65f7051b24810bf20d795ca6c176c2f23d,historical or bulk experiment output not used by runtime,,varies,2026-07-29T06:06:57.567175+00:00
out/object_anchor_world/20260728_120922/failures/20260728_121313_749_f001417_pnp_failure_raw.jpg,archive_local/rnd_20260729/diagnostics/out/object_anchor_world/20260728_120922/failures/20260728_121313_749_f001417_pnp_failure_raw.jpg,ARCHIVE_RND,303304,c2b79f6ddb400416077a64c55eb090cc932d4abe818e73a1d553cfb950924061,historical or bulk experiment output not used by runtime,,varies,2026-07-29T06:06:57.567175+00:00
out/object_anchor_world/20260728_120922/failures/20260728_121314_424_f001421_pnp_failure_overlay.jpg,archive_local/rnd_20260729/diagnostics/out/object_anchor_world/20260728_120922/failures/20260728_121314_424_f001421_pnp_failure_overlay.jpg,ARCHIVE_RND,301391,3465fda367aa40ca8e684cc4bc1b8c932b1687445281e76b92e93ff9b09f86b2,historical or bulk experiment output not used by runtime,,varies,2026-07-29T06:06:57.567175+00:00
out/object_anchor_world/20260728_120922/failures/20260728_121314_424_f001421_pnp_failure_raw.jpg,archive_local/rnd_20260729/diagnostics/out/object_anchor_world/20260728_120922/failures/20260728_121314_424_f001421_pnp_failure_raw.jpg,ARCHIVE_RND,299707,92f1b549d9f5ef750f2a67b7ed8562a216ec2d9516b86d900ca22a865ed5b881,historical or bulk experiment output not used by runtime,,varies,2026-07-29T06:06:57.567175+00:00
out/object_anchor_world/20260728_120922/failures/20260728_121314_937_f001424_pnp_failure_overlay.jpg,archive_local/rnd_20260729/diagnostics/out/object_anchor_world/20260728_120922/failures/20260728_121314_937_f001424_pnp_failure_overlay.jpg,ARCHIVE_RND,301529,7c008d6a1d6ae6f8980571f4560bab9850c72cc355c4557666502823311bfb4d,historical or bulk experiment output not used by runtime,,varies,2026-07-29T06:06:57.567175+00:00
out/object_anchor_world/20260728_120922/failures/20260728_121314_937_f001424_pnp_failure_raw.jpg,archive_local/rnd_20260729/diagnostics/out/object_anchor_world/20260728_120922/failures/20260728_121314_937_f001424_pnp_failure_raw.jpg,ARCHIVE_RND,299899,2b2afe49969e9931fe93633ebddb057cd77233a6b37c146f60f21f9e15321f81,historical or bulk experiment output not used by runtime,,varies,2026-07-29T06:06:57.567175+00:00
out/object_anchor_world/20260728_120922/failures/20260728_121315_444_f001427_pnp_failure_overlay.jpg,archive_local/rnd_20260729/diagnostics/out/object_anchor_world/20260728_120922/failures/20260728_121315_444_f001427_pnp_failure_overlay.jpg,ARCHIVE_RND,301292,c7062d81e20e58cb4891fa015885d9edc9d7cd0770acf4be465fb34fad795d5b,historical or bulk experiment output not used by runtime,,varies,2026-07-29T06:06:57.567175+00:00
out/object_anchor_world/20260728_120922/failures/20260728_121315_444_f001427_pnp_failure_raw.jpg,archive_local/rnd_20260729/diagnostics/out/object_anchor_world/20260728_120922/failures/20260728_121315_444_f001427_pnp_failure_raw.jpg,ARCHIVE_RND,299621,0985f3a6255091a9e691af837451105d561e93f22bf45b82bd474f1b54f341f9,historical or bulk experiment output not used by runtime,,varies,2026-07-29T06:06:57.567175+00:00
out/object_anchor_world/20260728_120922/failures/20260728_121315_963_f001430_pnp_failure_overlay.jpg,archive_local/rnd_20260729/diagnostics/out/object_anchor_world/20260728_120922/failures/20260728_121315_963_f001430_pnp_failure_overlay.jpg,ARCHIVE_RND,302435,fb4b1eb3426c96deea40fd281e5aebc270a160e0882684c395c951b294f60725,historical or bulk experiment output not used by runtime,,varies,2026-07-29T06:06:57.567175+00:00
out/object_anchor_world/20260728_120922/failures/20260728_121315_963_f001430_pnp_failure_raw.jpg,archive_local/rnd_20260729/diagnostics/out/object_anchor_world/20260728_120922/failures/20260728_121315_963_f001430_pnp_failure_raw.jpg,ARCHIVE_RND,300574,32707a5bd49956e31b269681bf4256c021ec5662727bb87032834989c0aa8223,historical or bulk experiment output not used by runtime,,varies,2026-07-29T06:06:57.567175+00:00
out/object_anchor_world/20260728_120922/failures/20260728_121316_639_f001434_pnp_failure_overlay.jpg,archive_local/rnd_20260729/diagnostics/out/object_anchor_world/20260728_120922/failures/20260728_121316_639_f001434_pnp_failure_overlay.jpg,ARCHIVE_RND,303044,bb8821ae3e0b98840538dac02d8824c749e8d4ad6a796608f705b9b38cb36471,historical or bulk experiment output not used by runtime,,varies,2026-07-29T06:06:57.567175+00:00
out/object_anchor_world/20260728_120922/failures/20260728_121316_639_f001434_pnp_failure_raw.jpg,archive_local/rnd_20260729/diagnostics/out/object_anchor_world/20260728_120922/failures/20260728_121316_639_f001434_pnp_failure_raw.jpg,ARCHIVE_RND,301239,0ffbac9f97db44320710c78092fdadc21ecf6405083b18e77ef95c76f1bb5ced,historical or bulk experiment output not used by runtime,,varies,2026-07-29T06:06:57.567175+00:00
out/object_anchor_world/20260728_120922/failures/20260728_121319_508_f001451_pnp_failure_overlay.jpg,archive_local/rnd_20260729/diagnostics/out/object_anchor_world/20260728_120922/failures/20260728_121319_508_f001451_pnp_failure_overlay.jpg,ARCHIVE_RND,307225,a7423e3466d777286914d50059d7efda3a67835f350af431c22abc32929e823e,historical or bulk experiment output not used by runtime,,varies,2026-07-29T06:06:57.567175+00:00
out/object_anchor_world/20260728_120922/failures/20260728_121319_508_f001451_pnp_failure_raw.jpg,archive_local/rnd_20260729/diagnostics/out/object_anchor_world/20260728_120922/failures/20260728_121319_508_f001451_pnp_failure_raw.jpg,ARCHIVE_RND,305946,605366c26a9d4817b5f2d7558d152b8724553d1efa9889fa3f3f639fefce69f7,historical or bulk experiment output not used by runtime,,varies,2026-07-29T06:06:57.567175+00:00
out/object_anchor_world/20260728_120922/failures/20260728_121320_079_f001454_pnp_failure_overlay.jpg,archive_local/rnd_20260729/diagnostics/out/object_anchor_world/20260728_120922/failures/20260728_121320_079_f001454_pnp_failure_overlay.jpg,ARCHIVE_RND,298713,17a63f8e4037b0b7284e8a2b2f64a8fbaa16635e02233f8d471c235e7c841748,historical or bulk experiment output not used by runtime,,varies,2026-07-29T06:06:57.567175+00:00
out/object_anchor_world/20260728_120922/failures/20260728_121320_079_f001454_pnp_failure_raw.jpg,archive_local/rnd_20260729/diagnostics/out/object_anchor_world/20260728_120922/failures/20260728_121320_079_f001454_pnp_failure_raw.jpg,ARCHIVE_RND,297323,b2c67b4f31b185f39ee57d04edc075db55db05ad592a3cc6442135434e0c8fbe,historical or bulk experiment output not used by runtime,,varies,2026-07-29T06:06:57.567175+00:00
out/object_anchor_world/20260728_120922/failures/20260728_121320_726_f001458_pnp_failure_overlay.jpg,archive_local/rnd_20260729/diagnostics/out/object_anchor_world/20260728_120922/failures/20260728_121320_726_f001458_pnp_failure_overlay.jpg,ARCHIVE_RND,278284,86e4d840e151594da7641c6e693d052915a9ce3a97c5fa6e1e12d2e0c0f35579,historical or bulk experiment output not used by runtime,,varies,2026-07-29T06:06:57.567175+00:00
out/object_anchor_world/20260728_120922/failures/20260728_121320_726_f001458_pnp_failure_raw.jpg,archive_local/rnd_20260729/diagnostics/out/object_anchor_world/20260728_120922/failures/20260728_121320_726_f001458_pnp_failure_raw.jpg,ARCHIVE_RND,276979,fe8f545f6523b83096dca22d2ea154dd859fc1c893960ea37f1eaa60006dca04,historical or bulk experiment output not used by runtime,,varies,2026-07-29T06:06:57.567175+00:00
out/object_anchor_world/20260728_120922/failures/20260728_121322_793_f001471_pnp_failure_overlay.jpg,archive_local/rnd_20260729/diagnostics/out/object_anchor_world/20260728_120922/failures/20260728_121322_793_f001471_pnp_failure_overlay.jpg,ARCHIVE_RND,279063,6ca671289bf3edec177e5095636120030b92295ca4d41c3b4909851576092f30,historical or bulk experiment output not used by runtime,,varies,2026-07-29T06:06:57.567175+00:00
out/object_anchor_world/20260728_120922/failures/20260728_121322_793_f001471_pnp_failure_raw.jpg,archive_local/rnd_20260729/diagnostics/out/object_anchor_world/20260728_120922/failures/20260728_121322_793_f001471_pnp_failure_raw.jpg,ARCHIVE_RND,277530,7fe5a4d8357be3e2dfc2b3e81bea453f4c2dfbbce4447f89d8a646f0ebc6d152,historical or bulk experiment output not used by runtime,,varies,2026-07-29T06:06:57.567175+00:00
out/object_anchor_world/20260728_120922/failures/20260728_121325_044_f001485_pnp_failure_overlay.jpg,archive_local/rnd_20260729/diagnostics/out/object_anchor_world/20260728_120922/failures/20260728_121325_044_f001485_pnp_failure_overlay.jpg,ARCHIVE_RND,281316,55aca0a9e85cd89f7f9dcc249df5470508d1440b4f3496d59b71d0972cf2f0a3,historical or bulk experiment output not used by runtime,,varies,2026-07-29T06:06:57.567175+00:00
out/object_anchor_world/20260728_120922/failures/20260728_121325_044_f001485_pnp_failure_raw.jpg,archive_local/rnd_20260729/diagnostics/out/object_anchor_world/20260728_120922/failures/20260728_121325_044_f001485_pnp_failure_raw.jpg,ARCHIVE_RND,279786,f007f76c0b3a01f658bf20a37948f8ff17fc65cac3e5abfb4c1234a12aa6912d,historical or bulk experiment output not used by runtime,,varies,2026-07-29T06:06:57.567175+00:00
out/object_anchor_world/20260728_120922/failures/20260728_121325_673_f001489_pnp_failure_overlay.jpg,archive_local/rnd_20260729/diagnostics/out/object_anchor_world/20260728_120922/failures/20260728_121325_673_f001489_pnp_failure_overlay.jpg,ARCHIVE_RND,282393,bf4051ca038546a49f0f9de66c0007291bda99b0ab6e895bb6633f3e4b7db94a,historical or bulk experiment output not used by runtime,,varies,2026-07-29T06:06:57.567175+00:00
out/object_anchor_world/20260728_120922/failures/20260728_121325_673_f001489_pnp_failure_raw.jpg,archive_local/rnd_20260729/diagnostics/out/object_anchor_world/20260728_120922/failures/20260728_121325_673_f001489_pnp_failure_raw.jpg,ARCHIVE_RND,281144,219dfc06bd0699be8f22da8ea5a9fe31aeca90f732ebaaed652f97525599050f,historical or bulk experiment output not used by runtime,,varies,2026-07-29T06:06:57.567175+00:00
out/object_anchor_world/20260728_120922/failures/20260728_121326_310_f001493_pnp_failure_overlay.jpg,archive_local/rnd_20260729/diagnostics/out/object_anchor_world/20260728_120922/failures/20260728_121326_310_f001493_pnp_failure_overlay.jpg,ARCHIVE_RND,283296,aa987a1c663720924eb3394c7431aed430658b6e0168a7fb46aff5ff60346c72,historical or bulk experiment output not used by runtime,,varies,2026-07-29T06:06:57.567175+00:00
out/object_anchor_world/20260728_120922/failures/20260728_121326_310_f001493_pnp_failure_raw.jpg,archive_local/rnd_20260729/diagnostics/out/object_anchor_world/20260728_120922/failures/20260728_121326_310_f001493_pnp_failure_raw.jpg,ARCHIVE_RND,282005,847f4013640911d758b0f2783f020406b4c63e540520cf7c947553f665b5bec1,historical or bulk experiment output not used by runtime,,varies,2026-07-29T06:06:57.567175+00:00
out/object_anchor_world/20260728_120922/failures/20260728_121326_959_f001497_pnp_failure_overlay.jpg,archive_local/rnd_20260729/diagnostics/out/object_anchor_world/20260728_120922/failures/20260728_121326_959_f001497_pnp_failure_overlay.jpg,ARCHIVE_RND,284377,e40491782e375cdc5fcbc38851a1acdfdc1675ad3c3cc8926e33daae00edb19e,historical or bulk experiment output not used by runtime,,varies,2026-07-29T06:06:57.567175+00:00
out/object_anchor_world/20260728_120922/failures/20260728_121326_959_f001497_pnp_failure_raw.jpg,archive_local/rnd_20260729/diagnostics/out/object_anchor_world/20260728_120922/failures/20260728_121326_959_f001497_pnp_failure_raw.jpg,ARCHIVE_RND,283093,d7d8a2764b02160e65e52cf7b9b795db8b19406caee2767c110ae4ea8c957790,historical or bulk experiment output not used by runtime,,varies,2026-07-29T06:06:57.567175+00:00
out/object_anchor_world/20260728_120922/failures/20260728_121327_599_f001501_pnp_failure_overlay.jpg,archive_local/rnd_20260729/diagnostics/out/object_anchor_world/20260728_120922/failures/20260728_121327_599_f001501_pnp_failure_overlay.jpg,ARCHIVE_RND,283808,c3d8f76ef938b1567efe5bc8df53879de7f8ae583db97584cd8c6b29ced8098b,historical or bulk experiment output not used by runtime,,varies,2026-07-29T06:06:57.567175+00:00
out/object_anchor_world/20260728_120922/failures/20260728_121327_599_f001501_pnp_failure_raw.jpg,archive_local/rnd_20260729/diagnostics/out/object_anchor_world/20260728_120922/failures/20260728_121327_599_f001501_pnp_failure_raw.jpg,ARCHIVE_RND,282460,544aedcc9491cd7c983de9db03fe8bad65e107468f0247746fd562dd29725519,historical or bulk experiment output not used by runtime,,varies,2026-07-29T06:06:57.567175+00:00
out/object_anchor_world/20260728_120922/failures/20260728_121328_398_f001506_pnp_failure_overlay.jpg,archive_local/rnd_20260729/diagnostics/out/object_anchor_world/20260728_120922/failures/20260728_121328_398_f001506_pnp_failure_overlay.jpg,ARCHIVE_RND,283411,9e161309ab883ea38df689aeb7eaa5bccb21bd38e47a21ba6300b8053bb8fbbf,historical or bulk experiment output not used by runtime,,varies,2026-07-29T06:06:57.567175+00:00
out/object_anchor_world/20260728_120922/failures/20260728_121328_398_f001506_pnp_failure_raw.jpg,archive_local/rnd_20260729/diagnostics/out/object_anchor_world/20260728_120922/failures/20260728_121328_398_f001506_pnp_failure_raw.jpg,ARCHIVE_RND,282150,c18d1604f79a03fcf3b1f19296deab45548b8fe475c2b27dfe9828978b631635,historical or bulk experiment output not used by runtime,,varies,2026-07-29T06:06:57.567175+00:00
out/object_anchor_world/20260728_120922/failures/20260728_121329_041_f001510_pnp_failure_overlay.jpg,archive_local/rnd_20260729/diagnostics/out/object_anchor_world/20260728_120922/failures/20260728_121329_041_f001510_pnp_failure_overlay.jpg,ARCHIVE_RND,282546,574153da3cc237cdb6df4a807fff2d8d2bfbbdac22a24bd13dbd491b01ca1eb4,historical or bulk experiment output not used by runtime,,varies,2026-07-29T06:06:57.567175+00:00
out/object_anchor_world/20260728_120922/failures/20260728_121329_041_f001510_pnp_failure_raw.jpg,archive_local/rnd_20260729/diagnostics/out/object_anchor_world/20260728_120922/failures/20260728_121329_041_f001510_pnp_failure_raw.jpg,ARCHIVE_RND,281267,e6b765c3d4c9ab69a61f39788962f1b5ae20fc3cb2adc886487c70a7a830dbea,historical or bulk experiment output not used by runtime,,varies,2026-07-29T06:06:57.567175+00:00
out/object_anchor_world/20260728_120922/failures/20260728_121329_672_f001514_pnp_failure_overlay.jpg,archive_local/rnd_20260729/diagnostics/out/object_anchor_world/20260728_120922/failures/20260728_121329_672_f001514_pnp_failure_overlay.jpg,ARCHIVE_RND,282556,f3859930903d4a9bd46c0241159be3d364102c88e4863a1a28c8fcf450fcb0cc,historical or bulk experiment output not used by runtime,,varies,2026-07-29T06:06:57.567175+00:00
out/object_anchor_world/20260728_120922/failures/20260728_121329_672_f001514_pnp_failure_raw.jpg,archive_local/rnd_20260729/diagnostics/out/object_anchor_world/20260728_120922/failures/20260728_121329_672_f001514_pnp_failure_raw.jpg,ARCHIVE_RND,281318,6f89df280a9fda17f4bec5e151f4b6f4fbc6421dbb7855e6384e78820ebe9b36,historical or bulk experiment output not used by runtime,,varies,2026-07-29T06:06:57.567175+00:00
out/object_anchor_world/20260728_120922/failures/20260728_121330_463_f001519_pnp_failure_overlay.jpg,archive_local/rnd_20260729/diagnostics/out/object_anchor_world/20260728_120922/failures/20260728_121330_463_f001519_pnp_failure_overlay.jpg,ARCHIVE_RND,285300,ddcfee7bb6fd93dae7551afeefa84d9cba0e3367ee0e54005c9eeeaef8d1983e,historical or bulk experiment output not used by runtime,,varies,2026-07-29T06:06:57.567175+00:00
out/object_anchor_world/20260728_120922/failures/20260728_121330_463_f001519_pnp_failure_raw.jpg,archive_local/rnd_20260729/diagnostics/out/object_anchor_world/20260728_120922/failures/20260728_121330_463_f001519_pnp_failure_raw.jpg,ARCHIVE_RND,283811,290926c6c812e0ed854188215cbbb241be30a66522fcb658c67fe20c561710c3,historical or bulk experiment output not used by runtime,,varies,2026-07-29T06:06:57.567175+00:00
out/object_anchor_world/20260728_120922/failures/20260728_121330_965_f001522_pnp_failure_overlay.jpg,archive_local/rnd_20260729/diagnostics/out/object_anchor_world/20260728_120922/failures/20260728_121330_965_f001522_pnp_failure_overlay.jpg,ARCHIVE_RND,285176,7ca314c67a0d54520d60bde506257195e050c6abc19e75900e529b1ef0a8f10e,historical or bulk experiment output not used by runtime,,varies,2026-07-29T06:06:57.567175+00:00
out/object_anchor_world/20260728_120922/failures/20260728_121330_965_f001522_pnp_failure_raw.jpg,archive_local/rnd_20260729/diagnostics/out/object_anchor_world/20260728_120922/failures/20260728_121330_965_f001522_pnp_failure_raw.jpg,ARCHIVE_RND,283891,5c3656c4481b2e6aca3fa08d6228e0b13d42d7eab996092a5fc7cd60796c9482,historical or bulk experiment output not used by runtime,,varies,2026-07-29T06:06:57.567175+00:00
out/object_anchor_world/20260728_120922/failures/20260728_121331_922_f001528_pnp_failure_overlay.jpg,archive_local/rnd_20260729/diagnostics/out/object_anchor_world/20260728_120922/failures/20260728_121331_922_f001528_pnp_failure_overlay.jpg,ARCHIVE_RND,279233,6835454149b252903f4067fb93e5562db323fed5dc9355b561769ed6f0177ab2,historical or bulk experiment output not used by runtime,,varies,2026-07-29T06:06:57.567175+00:00
out/object_anchor_world/20260728_120922/failures/20260728_121331_922_f001528_pnp_failure_raw.jpg,archive_local/rnd_20260729/diagnostics/out/object_anchor_world/20260728_120922/failures/20260728_121331_922_f001528_pnp_failure_raw.jpg,ARCHIVE_RND,276842,3365ac7fb65b0c6486092be5f5e1893637565affc4526a26ea20d2924ef97f96,historical or bulk experiment output not used by runtime,,varies,2026-07-29T06:06:57.567175+00:00
out/object_anchor_world/20260728_120922/failures/20260728_121332_546_f001532_pnp_failure_overlay.jpg,archive_local/rnd_20260729/diagnostics/out/object_anchor_world/20260728_120922/failures/20260728_121332_546_f001532_pnp_failure_overlay.jpg,ARCHIVE_RND,278889,e565f6dbc81a8c48ab55789588f8d6a1bc3fec7d34282e8763fee42ee56cd549,historical or bulk experiment output not used by runtime,,varies,2026-07-29T06:06:57.567175+00:00
out/object_anchor_world/20260728_120922/failures/20260728_121332_546_f001532_pnp_failure_raw.jpg,archive_local/rnd_20260729/diagnostics/out/object_anchor_world/20260728_120922/failures/20260728_121332_546_f001532_pnp_failure_raw.jpg,ARCHIVE_RND,276197,ca81edce1bcc5836d7618c2cbd3911159de3c6a19a1daf7c79c6b98b34a9e9e1,historical or bulk experiment output not used by runtime,,varies,2026-07-29T06:06:57.567175+00:00
out/object_anchor_world/20260728_120922/failures/20260728_121333_180_f001536_pnp_failure_overlay.jpg,archive_local/rnd_20260729/diagnostics/out/object_anchor_world/20260728_120922/failures/20260728_121333_180_f001536_pnp_failure_overlay.jpg,ARCHIVE_RND,279584,29864001a4b4dbddce3ee4628e9f8e4f58439f410f9ca4a20ecb99d673abce53,historical or bulk experiment output not used by runtime,,varies,2026-07-29T06:06:57.567175+00:00
out/object_anchor_world/20260728_120922/failures/20260728_121333_180_f001536_pnp_failure_raw.jpg,archive_local/rnd_20260729/diagnostics/out/object_anchor_world/20260728_120922/failures/20260728_121333_180_f001536_pnp_failure_raw.jpg,ARCHIVE_RND,276983,b5cbc147d695773a61d7ae6d2d5c85c1f621b08d43c032dfbc0df33eb381bd20,historical or bulk experiment output not used by runtime,,varies,2026-07-29T06:06:57.567175+00:00
out/object_anchor_world/20260728_120922/failures/20260728_121333_808_f001540_pnp_failure_overlay.jpg,archive_local/rnd_20260729/diagnostics/out/object_anchor_world/20260728_120922/failures/20260728_121333_808_f001540_pnp_failure_overlay.jpg,ARCHIVE_RND,282215,65c3a436267c6a4deba9329c1b045812b63396ea0d05892a488ae908fb1690bf,historical or bulk experiment output not used by runtime,,varies,2026-07-29T06:06:57.567175+00:00
out/object_anchor_world/20260728_120922/failures/20260728_121333_808_f001540_pnp_failure_raw.jpg,archive_local/rnd_20260729/diagnostics/out/object_anchor_world/20260728_120922/failures/20260728_121333_808_f001540_pnp_failure_raw.jpg,ARCHIVE_RND,279777,86d4182f136648e5f3e24243c9c0e70822efea98b1c15e7037b0ea9959d6edc5,historical or bulk experiment output not used by runtime,,varies,2026-07-29T06:06:57.567175+00:00
out/object_anchor_world/20260728_120922/failures/20260728_121338_256_f001568_pnp_failure_overlay.jpg,archive_local/rnd_20260729/diagnostics/out/object_anchor_world/20260728_120922/failures/20260728_121338_256_f001568_pnp_failure_overlay.jpg,ARCHIVE_RND,276704,9383024225350a0eca8d55a664aed5bc16de8b0ee0cdcc93799c2fec91b7c60b,historical or bulk experiment output not used by runtime,,varies,2026-07-29T06:06:57.567175+00:00
out/object_anchor_world/20260728_120922/failures/20260728_121338_256_f001568_pnp_failure_raw.jpg,archive_local/rnd_20260729/diagnostics/out/object_anchor_world/20260728_120922/failures/20260728_121338_256_f001568_pnp_failure_raw.jpg,ARCHIVE_RND,273898,5ba9d1b1c4d00eb455f44a67f83b6a27e330dd88981d06547219bd3fb84556f9,historical or bulk experiment output not used by runtime,,varies,2026-07-29T06:06:57.567175+00:00
out/object_anchor_world/20260728_120922/failures/20260728_121355_818_f001679_pnp_failure_overlay.jpg,archive_local/rnd_20260729/diagnostics/out/object_anchor_world/20260728_120922/failures/20260728_121355_818_f001679_pnp_failure_overlay.jpg,ARCHIVE_RND,277208,deed495a34a3ad0be74fc334e3fde0a137a6f558f0dce1321dc1b04bdc33d4cb,historical or bulk experiment output not used by runtime,,varies,2026-07-29T06:06:57.567175+00:00
out/object_anchor_world/20260728_120922/failures/20260728_121355_818_f001679_pnp_failure_raw.jpg,archive_local/rnd_20260729/diagnostics/out/object_anchor_world/20260728_120922/failures/20260728_121355_818_f001679_pnp_failure_raw.jpg,ARCHIVE_RND,274229,2e1e771202a348ecd24f02e38306d130782182a2828bfe1a1f72052b81756c3f,historical or bulk experiment output not used by runtime,,varies,2026-07-29T06:06:57.567175+00:00
out/object_anchor_world/20260728_120922/failures/20260728_121431_896_f001902_pnp_failure_overlay.jpg,archive_local/rnd_20260729/diagnostics/out/object_anchor_world/20260728_120922/failures/20260728_121431_896_f001902_pnp_failure_overlay.jpg,ARCHIVE_RND,282787,9a61a2f34aed10e54562e9b049e2c1447427a6472db8a5c11c0fb3ecf4080754,historical or bulk experiment output not used by runtime,,varies,2026-07-29T06:06:57.567175+00:00
out/object_anchor_world/20260728_120922/failures/20260728_121431_896_f001902_pnp_failure_raw.jpg,archive_local/rnd_20260729/diagnostics/out/object_anchor_world/20260728_120922/failures/20260728_121431_896_f001902_pnp_failure_raw.jpg,ARCHIVE_RND,280675,39845bf0e5db6fc8922f75b224bed5afa9bf87a587bcc32d8ec9b9f9db709d8e,historical or bulk experiment output not used by runtime,,varies,2026-07-29T06:06:57.567175+00:00
out/object_anchor_world/20260728_120922/failures/20260728_121432_838_f001908_pnp_failure_overlay.jpg,archive_local/rnd_20260729/diagnostics/out/object_anchor_world/20260728_120922/failures/20260728_121432_838_f001908_pnp_failure_overlay.jpg,ARCHIVE_RND,274570,6fc1e8bc5657e3852a03b166599f20e8440a237d407b0fa4b183a7af938b9ce4,historical or bulk experiment output not used by runtime,,varies,2026-07-29T06:06:57.567175+00:00
out/object_anchor_world/20260728_120922/failures/20260728_121432_838_f001908_pnp_failure_raw.jpg,archive_local/rnd_20260729/diagnostics/out/object_anchor_world/20260728_120922/failures/20260728_121432_838_f001908_pnp_failure_raw.jpg,ARCHIVE_RND,271798,81e4a0a046f9688a40950c2c34157ddac7f64e78f5d7e686dbdca35128e1efc6,historical or bulk experiment output not used by runtime,,varies,2026-07-29T06:06:57.567175+00:00
out/object_anchor_world/20260728_120922/failures/20260728_121433_477_f001912_pnp_failure_overlay.jpg,archive_local/rnd_20260729/diagnostics/out/object_anchor_world/20260728_120922/failures/20260728_121433_477_f001912_pnp_failure_overlay.jpg,ARCHIVE_RND,265245,0c3633ac98be0a6283691dcd89764670a033096dfe4f7230f6a82b144ae63b08,historical or bulk experiment output not used by runtime,,varies,2026-07-29T06:06:57.567175+00:00
out/object_anchor_world/20260728_120922/failures/20260728_121433_477_f001912_pnp_failure_raw.jpg,archive_local/rnd_20260729/diagnostics/out/object_anchor_world/20260728_120922/failures/20260728_121433_477_f001912_pnp_failure_raw.jpg,ARCHIVE_RND,262313,bae4549f0586ffe3176fcd36e2918e8c5e44559cc266f8d2309d746d0ec7554d,historical or bulk experiment output not used by runtime,,varies,2026-07-29T06:06:57.567175+00:00
out/object_anchor_world/20260728_120922/failures/20260728_121434_116_f001916_pnp_failure_overlay.jpg,archive_local/rnd_20260729/diagnostics/out/object_anchor_world/20260728_120922/failures/20260728_121434_116_f001916_pnp_failure_overlay.jpg,ARCHIVE_RND,267010,7a8c6179436da46c8e3a2879881a713d181ff8b849a87b4a03764fa47f8bd5ce,historical or bulk experiment output not used by runtime,,varies,2026-07-29T06:06:57.567175+00:00
out/object_anchor_world/20260728_120922/failures/20260728_121434_116_f001916_pnp_failure_raw.jpg,archive_local/rnd_20260729/diagnostics/out/object_anchor_world/20260728_120922/failures/20260728_121434_116_f001916_pnp_failure_raw.jpg,ARCHIVE_RND,263844,b0e3fe636227785a010da6efce2d82b5f55df76c47615e5a94642e36ddc0feec,historical or bulk experiment output not used by runtime,,varies,2026-07-29T06:06:57.567175+00:00
out/object_anchor_world/20260728_120922/failures/20260728_121434_740_f001920_pnp_failure_overlay.jpg,archive_local/rnd_20260729/diagnostics/out/object_anchor_world/20260728_120922/failures/20260728_121434_740_f001920_pnp_failure_overlay.jpg,ARCHIVE_RND,270025,f07b3c506bb515f7520915432fde18b78f8f8ddefdd2a6b81a2971ab19257c80,historical or bulk experiment output not used by runtime,,varies,2026-07-29T06:06:57.567175+00:00
out/object_anchor_world/20260728_120922/failures/20260728_121434_740_f001920_pnp_failure_raw.jpg,archive_local/rnd_20260729/diagnostics/out/object_anchor_world/20260728_120922/failures/20260728_121434_740_f001920_pnp_failure_raw.jpg,ARCHIVE_RND,266773,44e10af71458ba3b18973f1fbbbfbeb23da65e9008265dc357d1e4e5ab03c590,historical or bulk experiment output not used by runtime,,varies,2026-07-29T06:06:57.567175+00:00
out/object_anchor_world/20260728_120922/failures/20260728_121435_524_f001925_pnp_failure_overlay.jpg,archive_local/rnd_20260729/diagnostics/out/object_anchor_world/20260728_120922/failures/20260728_121435_524_f001925_pnp_failure_overlay.jpg,ARCHIVE_RND,268021,b0d017c090e5152bf6e9575fe924bfed98404d46a67af4805bb9eab7729a89c0,historical or bulk experiment output not used by runtime,,varies,2026-07-29T06:06:57.567175+00:00
out/object_anchor_world/20260728_120922/failures/20260728_121435_524_f001925_pnp_failure_raw.jpg,archive_local/rnd_20260729/diagnostics/out/object_anchor_world/20260728_120922/failures/20260728_121435_524_f001925_pnp_failure_raw.jpg,ARCHIVE_RND,265541,b2de9dc14c1214e007d7d618ea684b49b813bf3518f58bcfcd0e59805b99889a,historical or bulk experiment output not used by runtime,,varies,2026-07-29T06:06:57.567175+00:00
out/object_anchor_world/20260728_120922/failures/20260728_121436_148_f001929_pnp_failure_overlay.jpg,archive_local/rnd_20260729/diagnostics/out/object_anchor_world/20260728_120922/failures/20260728_121436_148_f001929_pnp_failure_overlay.jpg,ARCHIVE_RND,265739,6a8d113c9e44ab593d273f1d2659453c06cd7372fb3ae893808707f43071282c,historical or bulk experiment output not used by runtime,,varies,2026-07-29T06:06:57.567175+00:00
out/object_anchor_world/20260728_120922/failures/20260728_121436_148_f001929_pnp_failure_raw.jpg,archive_local/rnd_20260729/diagnostics/out/object_anchor_world/20260728_120922/failures/20260728_121436_148_f001929_pnp_failure_raw.jpg,ARCHIVE_RND,263217,531cd2adaa3e7d905c0f07e11c6c6a5fb534bd6fc1be5281a8947e1d01d46522,historical or bulk experiment output not used by runtime,,varies,2026-07-29T06:06:57.567175+00:00
out/object_anchor_world/20260728_120922/failures/20260728_121450_430_f002020_pnp_failure_overlay.jpg,archive_local/rnd_20260729/diagnostics/out/object_anchor_world/20260728_120922/failures/20260728_121450_430_f002020_pnp_failure_overlay.jpg,ARCHIVE_RND,265498,8b39dd4349afb735aad3ec3fb7c159b0c875313ba65595b5a9cb93a471eda098,historical or bulk experiment output not used by runtime,,varies,2026-07-29T06:06:57.567175+00:00
out/object_anchor_world/20260728_120922/failures/20260728_121450_430_f002020_pnp_failure_raw.jpg,archive_local/rnd_20260729/diagnostics/out/object_anchor_world/20260728_120922/failures/20260728_121450_430_f002020_pnp_failure_raw.jpg,ARCHIVE_RND,262981,522f4ff0a72205c89a6e9170983dced1b969c06ddfee4b55dc06b3664be85b04,historical or bulk experiment output not used by runtime,,varies,2026-07-29T06:06:57.567175+00:00
out/object_anchor_world/20260728_120922/failures/20260728_121458_908_f002074_pnp_failure_overlay.jpg,archive_local/rnd_20260729/diagnostics/out/object_anchor_world/20260728_120922/failures/20260728_121458_908_f002074_pnp_failure_overlay.jpg,ARCHIVE_RND,272915,568f99ab1a26c04de9a5132f93dbf1582b676ea731d0dec0909bfdff13ef37a0,historical or bulk experiment output not used by runtime,,varies,2026-07-29T06:06:57.567175+00:00
out/object_anchor_world/20260728_120922/failures/20260728_121458_908_f002074_pnp_failure_raw.jpg,archive_local/rnd_20260729/diagnostics/out/object_anchor_world/20260728_120922/failures/20260728_121458_908_f002074_pnp_failure_raw.jpg,ARCHIVE_RND,270314,5d6964648fcb7cb4264bf568cd75ff5530b0ff4b1e6e57ae3220623a97df505e,historical or bulk experiment output not used by runtime,,varies,2026-07-29T06:06:57.567175+00:00
out/object_anchor_world/20260728_120922/failures/20260728_121459_877_f002080_pnp_failure_overlay.jpg,archive_local/rnd_20260729/diagnostics/out/object_anchor_world/20260728_120922/failures/20260728_121459_877_f002080_pnp_failure_overlay.jpg,ARCHIVE_RND,276665,a3fc3866805a6b8147796c8aafe0e209db082057bcf362d3a4ad410ac3dc5c8b,historical or bulk experiment output not used by runtime,,varies,2026-07-29T06:06:57.567175+00:00
out/object_anchor_world/20260728_120922/failures/20260728_121459_877_f002080_pnp_failure_raw.jpg,archive_local/rnd_20260729/diagnostics/out/object_anchor_world/20260728_120922/failures/20260728_121459_877_f002080_pnp_failure_raw.jpg,ARCHIVE_RND,274131,f61f07fed98ce1690a24b54a2090358db462364721e0e9b03738e6e72868a453,historical or bulk experiment output not used by runtime,,varies,2026-07-29T06:06:57.567175+00:00
out/object_anchor_world/20260728_120922/failures/20260728_121502_532_f002097_pnp_failure_overlay.jpg,archive_local/rnd_20260729/diagnostics/out/object_anchor_world/20260728_120922/failures/20260728_121502_532_f002097_pnp_failure_overlay.jpg,ARCHIVE_RND,276867,090eb111d5c244d62eea5997ce508df5b8c49679a3fd692cf4631cbcd36a43fc,historical or bulk experiment output not used by runtime,,varies,2026-07-29T06:06:57.567175+00:00
out/object_anchor_world/20260728_120922/failures/20260728_121502_532_f002097_pnp_failure_raw.jpg,archive_local/rnd_20260729/diagnostics/out/object_anchor_world/20260728_120922/failures/20260728_121502_532_f002097_pnp_failure_raw.jpg,ARCHIVE_RND,274319,f86a87fb51d8cdd8867801fbf83827219d0ca84dc980173f5952970d482cc2e9,historical or bulk experiment output not used by runtime,,varies,2026-07-29T06:06:57.567175+00:00
out/object_anchor_world/20260728_120922/failures/20260728_121503_991_f002106_pnp_failure_overlay.jpg,archive_local/rnd_20260729/diagnostics/out/object_anchor_world/20260728_120922/failures/20260728_121503_991_f002106_pnp_failure_overlay.jpg,ARCHIVE_RND,274963,3025341fd0cea2fe1a3bc0a86cdabb29ea84337bfafc3695e407422cf6d1de40,historical or bulk experiment output not used by runtime,,varies,2026-07-29T06:06:57.567175+00:00
out/object_anchor_world/20260728_120922/failures/20260728_121503_991_f002106_pnp_failure_raw.jpg,archive_local/rnd_20260729/diagnostics/out/object_anchor_world/20260728_120922/failures/20260728_121503_991_f002106_pnp_failure_raw.jpg,ARCHIVE_RND,272510,bc13c24427243fa27c1b9c78f5b1fcb47df89fafe722b8418b67e1d53a9b8f87,historical or bulk experiment output not used by runtime,,varies,2026-07-29T06:06:57.567175+00:00
out/object_anchor_world/20260728_120922/failures/20260728_121504_638_f002110_pnp_failure_overlay.jpg,archive_local/rnd_20260729/diagnostics/out/object_anchor_world/20260728_120922/failures/20260728_121504_638_f002110_pnp_failure_overlay.jpg,ARCHIVE_RND,274192,bc9d5e1103fe2a31c8682d2ef10674f98cc19229999840ffd8716c2e167155e9,historical or bulk experiment output not used by runtime,,varies,2026-07-29T06:06:57.567175+00:00
out/object_anchor_world/20260728_120922/failures/20260728_121504_638_f002110_pnp_failure_raw.jpg,archive_local/rnd_20260729/diagnostics/out/object_anchor_world/20260728_120922/failures/20260728_121504_638_f002110_pnp_failure_raw.jpg,ARCHIVE_RND,271739,784ff8f96b3d97d45e1f5447be3f2ba708a2747bfbf79e66d01eae6541681b2b,historical or bulk experiment output not used by runtime,,varies,2026-07-29T06:06:57.567175+00:00
out/object_anchor_world/20260728_120922/failures/20260728_121505_433_f002115_pnp_failure_overlay.jpg,archive_local/rnd_20260729/diagnostics/out/object_anchor_world/20260728_120922/failures/20260728_121505_433_f002115_pnp_failure_overlay.jpg,ARCHIVE_RND,274222,3e4a7d72522896d2ccc1cce08dab3ab488cbf2a614d74479a93981806c89eb3c,historical or bulk experiment output not used by runtime,,varies,2026-07-29T06:06:57.567175+00:00
out/object_anchor_world/20260728_120922/failures/20260728_121505_433_f002115_pnp_failure_raw.jpg,archive_local/rnd_20260729/diagnostics/out/object_anchor_world/20260728_120922/failures/20260728_121505_433_f002115_pnp_failure_raw.jpg,ARCHIVE_RND,271591,1d554eabc617543dbe9cfaad2d272d712a87c62b9a12bc4d161c247655af2122,historical or bulk experiment output not used by runtime,,varies,2026-07-29T06:06:57.567175+00:00
out/object_anchor_world/20260728_120922/failures/20260728_121506_730_f002123_pnp_failure_overlay.jpg,archive_local/rnd_20260729/diagnostics/out/object_anchor_world/20260728_120922/failures/20260728_121506_730_f002123_pnp_failure_overlay.jpg,ARCHIVE_RND,279229,ec267ea7daa38a9404997a20fede81179a7b60258b639fe774c87641cb93177d,historical or bulk experiment output not used by runtime,,varies,2026-07-29T06:06:57.567175+00:00
out/object_anchor_world/20260728_120922/failures/20260728_121506_730_f002123_pnp_failure_raw.jpg,archive_local/rnd_20260729/diagnostics/out/object_anchor_world/20260728_120922/failures/20260728_121506_730_f002123_pnp_failure_raw.jpg,ARCHIVE_RND,276754,d93a2f9abc4b7bb7dfc75ab22ba0cc81e2058a055308f1fe1be3c86c606f08a6,historical or bulk experiment output not used by runtime,,varies,2026-07-29T06:06:57.567175+00:00
out/object_anchor_world/20260728_120922/failures/20260728_121518_351_f002196_pnp_failure_overlay.jpg,archive_local/rnd_20260729/diagnostics/out/object_anchor_world/20260728_120922/failures/20260728_121518_351_f002196_pnp_failure_overlay.jpg,ARCHIVE_RND,273340,de8b9d78d7f1d1bb2331fc6f164284b35a900767f552f0f0dd68d96816d439e7,historical or bulk experiment output not used by runtime,,varies,2026-07-29T06:06:57.567175+00:00
out/object_anchor_world/20260728_120922/failures/20260728_121518_351_f002196_pnp_failure_raw.jpg,archive_local/rnd_20260729/diagnostics/out/object_anchor_world/20260728_120922/failures/20260728_121518_351_f002196_pnp_failure_raw.jpg,ARCHIVE_RND,270760,97bea374fbeb1f9faa70dd64559121b5ebdab7991b1523dd3a9b44828e455ed8,historical or bulk experiment output not used by runtime,,varies,2026-07-29T06:06:57.567175+00:00
out/object_anchor_world/20260728_120922/failures/20260728_121519_016_f002200_pnp_failure_overlay.jpg,archive_local/rnd_20260729/diagnostics/out/object_anchor_world/20260728_120922/failures/20260728_121519_016_f002200_pnp_failure_overlay.jpg,ARCHIVE_RND,269363,639055a6250a1707dd56055f268cc3b5f537826eea02addf949eddd6dfa683f8,historical or bulk experiment output not used by runtime,,varies,2026-07-29T06:06:57.567175+00:00
out/object_anchor_world/20260728_120922/failures/20260728_121519_016_f002200_pnp_failure_raw.jpg,archive_local/rnd_20260729/diagnostics/out/object_anchor_world/20260728_120922/failures/20260728_121519_016_f002200_pnp_failure_raw.jpg,ARCHIVE_RND,267059,c3daeecdac19753beec8b31fe2c11b90ad4687636de504781532114cecb30237,historical or bulk experiment output not used by runtime,,varies,2026-07-29T06:06:57.567175+00:00
out/object_anchor_world/20260728_120922/failures/20260728_121521_225_f002214_pnp_failure_overlay.jpg,archive_local/rnd_20260729/diagnostics/out/object_anchor_world/20260728_120922/failures/20260728_121521_225_f002214_pnp_failure_overlay.jpg,ARCHIVE_RND,261156,b4c956b0ba76b31f51f90efad0ccc4bdb5dd3b7b579168b6c92b630eb678b9db,historical or bulk experiment output not used by runtime,,varies,2026-07-29T06:06:57.567175+00:00
out/object_anchor_world/20260728_120922/failures/20260728_121521_225_f002214_pnp_failure_raw.jpg,archive_local/rnd_20260729/diagnostics/out/object_anchor_world/20260728_120922/failures/20260728_121521_225_f002214_pnp_failure_raw.jpg,ARCHIVE_RND,258734,f113e862a8d1920c17e1af1c71e811923c60efd2b9e0734304ec68308e2911d3,historical or bulk experiment output not used by runtime,,varies,2026-07-29T06:06:57.567175+00:00
out/object_anchor_world/20260728_120922/failures/20260728_121522_491_f002222_pnp_failure_overlay.jpg,archive_local/rnd_20260729/diagnostics/out/object_anchor_world/20260728_120922/failures/20260728_121522_491_f002222_pnp_failure_overlay.jpg,ARCHIVE_RND,261801,99a8c2ea3b30d1c8574f5417387d54ac9b8db4b008183c75202b3ae2f175366f,historical or bulk experiment output not used by runtime,,varies,2026-07-29T06:06:57.567175+00:00
out/object_anchor_world/20260728_120922/failures/20260728_121522_491_f002222_pnp_failure_raw.jpg,archive_local/rnd_20260729/diagnostics/out/object_anchor_world/20260728_120922/failures/20260728_121522_491_f002222_pnp_failure_raw.jpg,ARCHIVE_RND,259524,a6593ed4e2f1663287019b1d53986761ab4237e30a6a6aedc0defcee62484a8a,historical or bulk experiment output not used by runtime,,varies,2026-07-29T06:06:57.567175+00:00
out/object_anchor_world/20260728_120922/failures/20260728_121523_126_f002226_pnp_failure_overlay.jpg,archive_local/rnd_20260729/diagnostics/out/object_anchor_world/20260728_120922/failures/20260728_121523_126_f002226_pnp_failure_overlay.jpg,ARCHIVE_RND,261393,f0e0f2049cf9f211cdf8442d332172332df4c446240419c3e5d2824cef5a61e9,historical or bulk experiment output not used by runtime,,varies,2026-07-29T06:06:57.567175+00:00
out/object_anchor_world/20260728_120922/failures/20260728_121523_126_f002226_pnp_failure_raw.jpg,archive_local/rnd_20260729/diagnostics/out/object_anchor_world/20260728_120922/failures/20260728_121523_126_f002226_pnp_failure_raw.jpg,ARCHIVE_RND,259047,5a95016a41e8f785c2a34e444f4042af696992ff3890bfdb38f92396a823c656,historical or bulk experiment output not used by runtime,,varies,2026-07-29T06:06:57.567175+00:00
out/object_anchor_world/20260728_120922/failures/20260728_121523_774_f002230_pnp_failure_overlay.jpg,archive_local/rnd_20260729/diagnostics/out/object_anchor_world/20260728_120922/failures/20260728_121523_774_f002230_pnp_failure_overlay.jpg,ARCHIVE_RND,261637,8efcecefe8d6c91bb527a791949bc41d37113283d8ebeed28bf076db1a270607,historical or bulk experiment output not used by runtime,,varies,2026-07-29T06:06:57.567175+00:00
out/object_anchor_world/20260728_120922/failures/20260728_121523_774_f002230_pnp_failure_raw.jpg,archive_local/rnd_20260729/diagnostics/out/object_anchor_world/20260728_120922/failures/20260728_121523_774_f002230_pnp_failure_raw.jpg,ARCHIVE_RND,259252,dc709b16da839fa8fbcf51b379ef4b46825571644817935f39afe88ac14a8d08,historical or bulk experiment output not used by runtime,,varies,2026-07-29T06:06:57.567175+00:00
out/object_anchor_world/20260728_120922/failures/20260728_121524_409_f002234_pnp_failure_overlay.jpg,archive_local/rnd_20260729/diagnostics/out/object_anchor_world/20260728_120922/failures/20260728_121524_409_f002234_pnp_failure_overlay.jpg,ARCHIVE_RND,263007,c95bb81aca2eca1cfebebabb62afb093dfc415c50d2dca880ca73a042394563f,historical or bulk experiment output not used by runtime,,varies,2026-07-29T06:06:57.567175+00:00
out/object_anchor_world/20260728_120922/failures/20260728_121524_409_f002234_pnp_failure_raw.jpg,archive_local/rnd_20260729/diagnostics/out/object_anchor_world/20260728_120922/failures/20260728_121524_409_f002234_pnp_failure_raw.jpg,ARCHIVE_RND,260531,09678f43d38bc06a9a71d56a0485db542f280ca45e0f1f3c551fa7e0c0ec6099,historical or bulk experiment output not used by runtime,,varies,2026-07-29T06:06:57.567175+00:00
out/object_anchor_world/20260728_120922/failures/20260728_121525_212_f002239_pnp_failure_overlay.jpg,archive_local/rnd_20260729/diagnostics/out/object_anchor_world/20260728_120922/failures/20260728_121525_212_f002239_pnp_failure_overlay.jpg,ARCHIVE_RND,265616,99e3e2f69b389593bd3cd94ca762a7f92a2fdcccba0369f3a8bac7dc55cfd40c,historical or bulk experiment output not used by runtime,,varies,2026-07-29T06:06:57.567175+00:00
out/object_anchor_world/20260728_120922/failures/20260728_121525_212_f002239_pnp_failure_raw.jpg,archive_local/rnd_20260729/diagnostics/out/object_anchor_world/20260728_120922/failures/20260728_121525_212_f002239_pnp_failure_raw.jpg,ARCHIVE_RND,263204,d80d02803d684a9f34e7ac1c46360d5fd1387516e4228beef7f13ab430e9a4d3,historical or bulk experiment output not used by runtime,,varies,2026-07-29T06:06:57.567175+00:00
out/object_anchor_world/20260728_120922/failures/20260728_121525_873_f002243_pnp_failure_overlay.jpg,archive_local/rnd_20260729/diagnostics/out/object_anchor_world/20260728_120922/failures/20260728_121525_873_f002243_pnp_failure_overlay.jpg,ARCHIVE_RND,260614,948e56b6e6f04ee339ecf0287104634f8192e6850837a82d1d7885c95a363048,historical or bulk experiment output not used by runtime,,varies,2026-07-29T06:06:57.567175+00:00
out/object_anchor_world/20260728_120922/failures/20260728_121525_873_f002243_pnp_failure_raw.jpg,archive_local/rnd_20260729/diagnostics/out/object_anchor_world/20260728_120922/failures/20260728_121525_873_f002243_pnp_failure_raw.jpg,ARCHIVE_RND,258276,af406bd81f87978f2bc9fceab1d1769571eb525e07909eb0c0d9c2fedb3945c1,historical or bulk experiment output not used by runtime,,varies,2026-07-29T06:06:57.567175+00:00
out/object_anchor_world/20260728_120922/failures/20260728_121526_506_f002247_pnp_failure_overlay.jpg,archive_local/rnd_20260729/diagnostics/out/object_anchor_world/20260728_120922/failures/20260728_121526_506_f002247_pnp_failure_overlay.jpg,ARCHIVE_RND,261054,d98a3fa091edd3fa64ff88de957236d422250804e9de2d420a276d782e97bca5,historical or bulk experiment output not used by runtime,,varies,2026-07-29T06:06:57.567175+00:00
out/object_anchor_world/20260728_120922/failures/20260728_121526_506_f002247_pnp_failure_raw.jpg,archive_local/rnd_20260729/diagnostics/out/object_anchor_world/20260728_120922/failures/20260728_121526_506_f002247_pnp_failure_raw.jpg,ARCHIVE_RND,258741,4855452a34eaeb825fa576555c1619b37fd41b2bc107a9c5715218d2e2d883c7,historical or bulk experiment output not used by runtime,,varies,2026-07-29T06:06:57.567175+00:00
out/object_anchor_world/20260728_120922/failures/20260728_121527_013_f002250_pnp_failure_overlay.jpg,archive_local/rnd_20260729/diagnostics/out/object_anchor_world/20260728_120922/failures/20260728_121527_013_f002250_pnp_failure_overlay.jpg,ARCHIVE_RND,260954,93b8132b6dc2504a92e3d24794271361cc5c296356dfeea53c4eab7aac903e32,historical or bulk experiment output not used by runtime,,varies,2026-07-29T06:06:57.567175+00:00
out/object_anchor_world/20260728_120922/failures/20260728_121527_013_f002250_pnp_failure_raw.jpg,archive_local/rnd_20260729/diagnostics/out/object_anchor_world/20260728_120922/failures/20260728_121527_013_f002250_pnp_failure_raw.jpg,ARCHIVE_RND,258586,7c6caa6d8263c16739f7cc9e34af53edc77c8df2dd80d36e986f9d512ffa5d54,historical or bulk experiment output not used by runtime,,varies,2026-07-29T06:06:57.567175+00:00
out/object_anchor_world/20260728_120922/failures/20260728_121527_969_f002256_pnp_failure_overlay.jpg,archive_local/rnd_20260729/diagnostics/out/object_anchor_world/20260728_120922/failures/20260728_121527_969_f002256_pnp_failure_overlay.jpg,ARCHIVE_RND,261391,41d6b12ae436b422e82562ea920023de3c4a730770f615355935e5f8d76bd600,historical or bulk experiment output not used by runtime,,varies,2026-07-29T06:06:57.567175+00:00
out/object_anchor_world/20260728_120922/failures/20260728_121527_969_f002256_pnp_failure_raw.jpg,archive_local/rnd_20260729/diagnostics/out/object_anchor_world/20260728_120922/failures/20260728_121527_969_f002256_pnp_failure_raw.jpg,ARCHIVE_RND,258087,836da2b4cdba09c73b9b758d2081b1736f337743196a42c8487d7fd6ce5f7f85,historical or bulk experiment output not used by runtime,,varies,2026-07-29T06:06:57.567175+00:00
out/object_anchor_world/20260728_120922/object_anchor_world_frames.csv,archive_local/rnd_20260729/outputs/out/object_anchor_world/20260728_120922/object_anchor_world_frames.csv,ARCHIVE_RND,2164227,9fa13e69ba0c65d454f1b16534784c891181d6571d7e6ce5c348b5f7113e500b,historical or bulk experiment output not used by runtime,,varies,2026-07-29T06:06:57.567175+00:00
out/object_anchor_world/20260728_120922/object_anchor_world_summary.json,archive_local/rnd_20260729/outputs/out/object_anchor_world/20260728_120922/object_anchor_world_summary.json,ARCHIVE_RND,2225,29f0d8bc49e46912987757690046921cb8a50efb16ca4e457008cca05046498f,historical or bulk experiment output not used by runtime,,varies,2026-07-29T06:06:57.567175+00:00
out/object_anchor_world/20260728_120922/object_anchor_world_summary_final.json,archive_local/rnd_20260729/outputs/out/object_anchor_world/20260728_120922/object_anchor_world_summary_final.json,ARCHIVE_RND,5129,b9492c66e4391f0e49825a1912c174bd9b9f2c65dc0f9b8c2997fa3f6531acc5,historical or bulk experiment output not used by runtime,,varies,2026-07-29T06:06:57.567175+00:00
out/object_anchor_world/20260729_123354/object_anchor_world_frames.csv,archive_local/rnd_20260729/outputs/out/object_anchor_world/20260729_123354/object_anchor_world_frames.csv,ARCHIVE_RND,16628,53f04c98e2574c1999eccf74c5592d483d640d35bf6501c6f2ed7ca848d0b2fc,historical or bulk experiment output not used by runtime,,varies,2026-07-29T06:06:57.567175+00:00
out/repeatability_orbbec_20260710_180653.csv,archive_local/rnd_20260729/outputs/out/repeatability_orbbec_20260710_180653.csv,ARCHIVE_RND,76573,67d04e01dc499e72ca202eaee696834a9a8f3ad6f0a36a6e7a96cbdd4e648dd2,historical or bulk experiment output not used by runtime,,varies,2026-07-29T06:06:57.567175+00:00
out/repeatability_orbbec_20260710_180833.csv,archive_local/rnd_20260729/outputs/out/repeatability_orbbec_20260710_180833.csv,ARCHIVE_RND,74703,239947897c825f85cc1c6a0a948bce7912c4ddfa190a3bcd31ceb5df2617c482,historical or bulk experiment output not used by runtime,,varies,2026-07-29T06:06:57.567175+00:00
out/repeatability_orbbec_20260726_151928.csv,archive_local/rnd_20260729/outputs/out/repeatability_orbbec_20260726_151928.csv,ARCHIVE_RND,87152,fe10c8b281c8f785116e84904bfe8f14a766a1b07cf10a483f5ef87c4710604d,historical or bulk experiment output not used by runtime,,varies,2026-07-29T06:06:57.567175+00:00
out/snapshots/20260710_180655/left/0001_f00140.png,archive_local/rnd_20260729/outputs/out/snapshots/20260710_180655/left/0001_f00140.png,ARCHIVE_RND,1505112,2472ee400a31a4cd6c8b700959f048780bb42871321a2c658d67626fa3e3d864,historical or bulk experiment output not used by runtime,,varies,2026-07-29T06:06:57.567175+00:00
out/snapshots/20260710_180655/overlay_depth/0001_f00140.png,archive_local/rnd_20260729/outputs/out/snapshots/20260710_180655/overlay_depth/0001_f00140.png,ARCHIVE_RND,172045,d5b3de7dfd35953d4c54d2d881906554da87e430839647dd52f76745249fd8eb,historical or bulk experiment output not used by runtime,,varies,2026-07-29T06:06:57.567175+00:00
out/snapshots/20260710_180655/overlay_rgb/0001_f00140.png,archive_local/rnd_20260729/outputs/out/snapshots/20260710_180655/overlay_rgb/0001_f00140.png,ARCHIVE_RND,1553272,c37bb328899fdae094f141767d88028c4a754f9d788f42ef8c5307b92de7f13e,historical or bulk experiment output not used by runtime,,varies,2026-07-29T06:06:57.567175+00:00
out/snapshots/20260710_180655/right/0001_f00140.png,archive_local/rnd_20260729/outputs/out/snapshots/20260710_180655/right/0001_f00140.png,ARCHIVE_RND,4377,93adf4ad7a5aee8b2913a6985574274a44f1d766a10b91e7bcd373bd037e0576,historical or bulk experiment output not used by runtime,,varies,2026-07-29T06:06:57.567175+00:00
out/snapshots/20260710_180835/left/0001_f00171.png,archive_local/rnd_20260729/outputs/out/snapshots/20260710_180835/left/0001_f00171.png,ARCHIVE_RND,1519989,8e7979eee6766b28de259cbd8ce17f04bdae29670db983398ac3d1e838e68132,historical or bulk experiment output not used by runtime,,varies,2026-07-29T06:06:57.567175+00:00
out/snapshots/20260710_180835/left/0002_f00189.png,archive_local/rnd_20260729/outputs/out/snapshots/20260710_180835/left/0002_f00189.png,ARCHIVE_RND,1522812,51c236ca8b9ed38a6df6a3a3f39945837b4717b8d548103094e7517f88302dc9,historical or bulk experiment output not used by runtime,,varies,2026-07-29T06:06:57.567175+00:00
out/snapshots/20260710_180835/overlay_depth/0001_f00171.png,archive_local/rnd_20260729/outputs/out/snapshots/20260710_180835/overlay_depth/0001_f00171.png,ARCHIVE_RND,187509,754703d7d1b1dc8ad0c58df3699801a2839de236a24bf64630587727eee0f915,historical or bulk experiment output not used by runtime,,varies,2026-07-29T06:06:57.567175+00:00
out/snapshots/20260710_180835/overlay_depth/0002_f00189.png,archive_local/rnd_20260729/outputs/out/snapshots/20260710_180835/overlay_depth/0002_f00189.png,ARCHIVE_RND,189220,15af992ed184ebd4271125defc44fffdb25be3ac83f5f10cde4a4bc543287226,historical or bulk experiment output not used by runtime,,varies,2026-07-29T06:06:57.567175+00:00
out/snapshots/20260710_180835/overlay_rgb/0001_f00171.png,archive_local/rnd_20260729/outputs/out/snapshots/20260710_180835/overlay_rgb/0001_f00171.png,ARCHIVE_RND,1548860,510c84c6c98399961fe46587ce6641631f943538171f279b2e2c2bfabd91f57d,historical or bulk experiment output not used by runtime,,varies,2026-07-29T06:06:57.567175+00:00
out/snapshots/20260710_180835/overlay_rgb/0002_f00189.png,archive_local/rnd_20260729/outputs/out/snapshots/20260710_180835/overlay_rgb/0002_f00189.png,ARCHIVE_RND,1568861,84387b0647fd997193da64c3cac5439520b4ac653cb2f6464a4a5f266c2581c7,historical or bulk experiment output not used by runtime,,varies,2026-07-29T06:06:57.567175+00:00
out/snapshots/20260710_180835/right/0001_f00171.png,archive_local/rnd_20260729/outputs/out/snapshots/20260710_180835/right/0001_f00171.png,ARCHIVE_RND,4377,93adf4ad7a5aee8b2913a6985574274a44f1d766a10b91e7bcd373bd037e0576,historical or bulk experiment output not used by runtime,,varies,2026-07-29T06:06:57.567175+00:00
out/snapshots/20260710_180835/right/0002_f00189.png,archive_local/rnd_20260729/outputs/out/snapshots/20260710_180835/right/0002_f00189.png,ARCHIVE_RND,4377,93adf4ad7a5aee8b2913a6985574274a44f1d766a10b91e7bcd373bd037e0576,historical or bulk experiment output not used by runtime,,varies,2026-07-29T06:06:57.567175+00:00
out/tissue_box_front_24_sanitized/dataset/data.yaml,archive_local/rnd_20260729/outputs/out/tissue_box_front_24_sanitized/dataset/data.yaml,ARCHIVE_RND,230,2594d9fa25e450a97b54bec31da1b96e851da8b6fca543ebc9ad83d5d23b77b3,historical or bulk experiment output not used by runtime,,varies,2026-07-29T06:06:57.567175+00:00
out/tissue_box_front_24_sanitized/dataset/images/train/tissue_F_001.jpg,archive_local/rnd_20260729/outputs/out/tissue_box_front_24_sanitized/dataset/images/train/tissue_F_001.jpg,ARCHIVE_RND,2860845,c6b51f35d520977a6f4ece6aaa9b19f31c46a645af22499bd09a720aa8b7829b,historical or bulk experiment output not used by runtime,,varies,2026-07-29T06:06:57.567175+00:00
out/tissue_box_front_24_sanitized/dataset/images/train/tissue_F_002.jpg,archive_local/rnd_20260729/outputs/out/tissue_box_front_24_sanitized/dataset/images/train/tissue_F_002.jpg,ARCHIVE_RND,2179738,5b16ec2f4a8fe7e0903ca282af588efda231b64c554254120172a13b2107fbbe,historical or bulk experiment output not used by runtime,,varies,2026-07-29T06:06:57.567175+00:00
out/tissue_box_front_24_sanitized/dataset/images/train/tissue_F_003.jpg,archive_local/rnd_20260729/outputs/out/tissue_box_front_24_sanitized/dataset/images/train/tissue_F_003.jpg,ARCHIVE_RND,2509732,fb3c8586cded4db62860c18174ae9f09f77508069a97b96a59e0c6ec06ec1103,historical or bulk experiment output not used by runtime,,varies,2026-07-29T06:06:57.567175+00:00
out/tissue_box_front_24_sanitized/dataset/images/train/tissue_F_004.jpg,archive_local/rnd_20260729/outputs/out/tissue_box_front_24_sanitized/dataset/images/train/tissue_F_004.jpg,ARCHIVE_RND,2112304,1db8e5e89a7991845efafb7a37363696d0ee44d85a5c9a3a5dbe1d2164dd3324,historical or bulk experiment output not used by runtime,,varies,2026-07-29T06:06:57.567175+00:00
out/tissue_box_front_24_sanitized/dataset/images/train/tissue_F_005.jpg,archive_local/rnd_20260729/outputs/out/tissue_box_front_24_sanitized/dataset/images/train/tissue_F_005.jpg,ARCHIVE_RND,2400996,76eecd062e657fd40b5f6caad6359de57659ee9c0b3536fb1fb15dfb56e4d0b3,historical or bulk experiment output not used by runtime,,varies,2026-07-29T06:06:57.567175+00:00
out/tissue_box_front_24_sanitized/dataset/images/train/tissue_FDL_001.jpg,archive_local/rnd_20260729/outputs/out/tissue_box_front_24_sanitized/dataset/images/train/tissue_FDL_001.jpg,ARCHIVE_RND,2216668,0d07fa614bbdc44b54b48e3c0bc83e00bfe8953d2286c9cadfc43f8fb7c2be08,historical or bulk experiment output not used by runtime,,varies,2026-07-29T06:06:57.567175+00:00
out/tissue_box_front_24_sanitized/dataset/images/train/tissue_FDL_002.jpg,archive_local/rnd_20260729/outputs/out/tissue_box_front_24_sanitized/dataset/images/train/tissue_FDL_002.jpg,ARCHIVE_RND,2415570,1d2873d31656b2d8f7966dd6c9500341dfd36e8930245f8bc5c47b5a4492c063,historical or bulk experiment output not used by runtime,,varies,2026-07-29T06:06:57.567175+00:00
out/tissue_box_front_24_sanitized/dataset/images/train/tissue_FDL_003.jpg,archive_local/rnd_20260729/outputs/out/tissue_box_front_24_sanitized/dataset/images/train/tissue_FDL_003.jpg,ARCHIVE_RND,2252583,e5702080126f2a6345b8dedf0a8c93fc3cc5e626ee6e19ce9341e95c5a651308,historical or bulk experiment output not used by runtime,,varies,2026-07-29T06:06:57.567175+00:00
out/tissue_box_front_24_sanitized/dataset/images/train/tissue_FDL_004.jpg,archive_local/rnd_20260729/outputs/out/tissue_box_front_24_sanitized/dataset/images/train/tissue_FDL_004.jpg,ARCHIVE_RND,2404085,74c15a94262182016205018731d5932594d960bf82ef39410012430d5efe1194,historical or bulk experiment output not used by runtime,,varies,2026-07-29T06:06:57.567175+00:00
out/tissue_box_front_24_sanitized/dataset/images/train/tissue_FDR_001.jpg,archive_local/rnd_20260729/outputs/out/tissue_box_front_24_sanitized/dataset/images/train/tissue_FDR_001.jpg,ARCHIVE_RND,2176256,0470ed987a2c4d6928094b9c439873e714bbbe50fead3b86ffd670b13478dd5d,historical or bulk experiment output not used by runtime,,varies,2026-07-29T06:06:57.567175+00:00
out/tissue_box_front_24_sanitized/dataset/images/train/tissue_FDR_002.jpg,archive_local/rnd_20260729/outputs/out/tissue_box_front_24_sanitized/dataset/images/train/tissue_FDR_002.jpg,ARCHIVE_RND,2128096,2182d07f18546e3ce1dd1219210602af3cb78565aaa3265412307067b641f47c,historical or bulk experiment output not used by runtime,,varies,2026-07-29T06:06:57.567175+00:00
out/tissue_box_front_24_sanitized/dataset/images/train/tissue_FDR_003.jpg,archive_local/rnd_20260729/outputs/out/tissue_box_front_24_sanitized/dataset/images/train/tissue_FDR_003.jpg,ARCHIVE_RND,2059434,3af3ef847982cb2a9ca528efeb7471d3b97b6f4b95eecfb90b234f4cac781a6d,historical or bulk experiment output not used by runtime,,varies,2026-07-29T06:06:57.567175+00:00
out/tissue_box_front_24_sanitized/dataset/images/train/tissue_FDR_004.jpg,archive_local/rnd_20260729/outputs/out/tissue_box_front_24_sanitized/dataset/images/train/tissue_FDR_004.jpg,ARCHIVE_RND,2057525,02446c081f70326f3e43995534c5baa7251e8804f8642c1f4c77fb0a90862922,historical or bulk experiment output not used by runtime,,varies,2026-07-29T06:06:57.567175+00:00
out/tissue_box_front_24_sanitized/dataset/images/train/tissue_FDR_005.jpg,archive_local/rnd_20260729/outputs/out/tissue_box_front_24_sanitized/dataset/images/train/tissue_FDR_005.jpg,ARCHIVE_RND,2177966,f0c1bc8d4b6fe2172cc64108bd310957d39ee1b3ce73fe2cf1dfcc8ab22db8f5,historical or bulk experiment output not used by runtime,,varies,2026-07-29T06:06:57.567175+00:00
out/tissue_box_front_24_sanitized/dataset/images/train/tissue_FTL_001.jpg,archive_local/rnd_20260729/outputs/out/tissue_box_front_24_sanitized/dataset/images/train/tissue_FTL_001.jpg,ARCHIVE_RND,1426245,cbdcf64ba3df3913d519aa5e2c4e45412e97d3cd23cfeee002be25e833fb1591,historical or bulk experiment output not used by runtime,,varies,2026-07-29T06:06:57.567175+00:00
out/tissue_box_front_24_sanitized/dataset/images/train/tissue_FTL_002.jpg,archive_local/rnd_20260729/outputs/out/tissue_box_front_24_sanitized/dataset/images/train/tissue_FTL_002.jpg,ARCHIVE_RND,1809884,5827766cb907eb90cd5860741ce3023127cb9d06b557c90a5936a19dff99120d,historical or bulk experiment output not used by runtime,,varies,2026-07-29T06:06:57.567175+00:00
out/tissue_box_front_24_sanitized/dataset/images/train/tissue_FTL_003.jpg,archive_local/rnd_20260729/outputs/out/tissue_box_front_24_sanitized/dataset/images/train/tissue_FTL_003.jpg,ARCHIVE_RND,1376171,fe5cd0d7b028a8bbe291fbce1342e91536e0fe03d391a28f72a27b6fc2f23ff1,historical or bulk experiment output not used by runtime,,varies,2026-07-29T06:06:57.567175+00:00
out/tissue_box_front_24_sanitized/dataset/images/train/tissue_FTL_004.jpg,archive_local/rnd_20260729/outputs/out/tissue_box_front_24_sanitized/dataset/images/train/tissue_FTL_004.jpg,ARCHIVE_RND,2577480,52c34165b4b8615886a479e0b0b49960315b61a39c4fe737e3255e99aedf9b42,historical or bulk experiment output not used by runtime,,varies,2026-07-29T06:06:57.567175+00:00
out/tissue_box_front_24_sanitized/dataset/images/train/tissue_FTL_005.jpg,archive_local/rnd_20260729/outputs/out/tissue_box_front_24_sanitized/dataset/images/train/tissue_FTL_005.jpg,ARCHIVE_RND,2121378,996c79d54fc745cfbca8463e79dd8bc032cca00988c293b738e365f37cc3585d,historical or bulk experiment output not used by runtime,,varies,2026-07-29T06:06:57.567175+00:00
out/tissue_box_front_24_sanitized/dataset/images/train/tissue_FTR_001.jpg,archive_local/rnd_20260729/outputs/out/tissue_box_front_24_sanitized/dataset/images/train/tissue_FTR_001.jpg,ARCHIVE_RND,2118822,39d3f6b2df7dd754d503facd3cbaf7e451f9429398f5cb13a49d95c54884d5c8,historical or bulk experiment output not used by runtime,,varies,2026-07-29T06:06:57.567175+00:00
out/tissue_box_front_24_sanitized/dataset/images/train/tissue_FTR_002.jpg,archive_local/rnd_20260729/outputs/out/tissue_box_front_24_sanitized/dataset/images/train/tissue_FTR_002.jpg,ARCHIVE_RND,2827111,85c7a83614face9e9562762ad657578ebf2bd685e367d9068c87017eebcc0d16,historical or bulk experiment output not used by runtime,,varies,2026-07-29T06:06:57.567175+00:00
out/tissue_box_front_24_sanitized/dataset/images/train/tissue_FTR_003.jpg,archive_local/rnd_20260729/outputs/out/tissue_box_front_24_sanitized/dataset/images/train/tissue_FTR_003.jpg,ARCHIVE_RND,2333888,c95fe6cbba5f7b16eff3d22bf538641f5ed0be46d92a804a33ca021c6a2fd832,historical or bulk experiment output not used by runtime,,varies,2026-07-29T06:06:57.567175+00:00
out/tissue_box_front_24_sanitized/dataset/images/train/tissue_FTR_004.jpg,archive_local/rnd_20260729/outputs/out/tissue_box_front_24_sanitized/dataset/images/train/tissue_FTR_004.jpg,ARCHIVE_RND,1848108,8bf9c70e2779d1369d256e72640643aeb701139593966796752e8e67fd411a1d,historical or bulk experiment output not used by runtime,,varies,2026-07-29T06:06:57.567175+00:00
out/tissue_box_front_24_sanitized/dataset/images/train/tissue_FTR_005.jpg,archive_local/rnd_20260729/outputs/out/tissue_box_front_24_sanitized/dataset/images/train/tissue_FTR_005.jpg,ARCHIVE_RND,1507600,64f30a88437f9136f42274599df8ba90e52599daae81ae718d76268063fa465e,historical or bulk experiment output not used by runtime,,varies,2026-07-29T06:06:57.567175+00:00
out/tissue_box_front_24_sanitized/dataset/labels/train/tissue_F_001.txt,archive_local/rnd_20260729/outputs/out/tissue_box_front_24_sanitized/dataset/labels/train/tissue_F_001.txt,ARCHIVE_RND,119,25f01536bbc28e79c51ec3e43792aad49e69dbc6075c33c16e227b2ebf5ec3e7,historical or bulk experiment output not used by runtime,,varies,2026-07-29T06:06:57.567175+00:00
out/tissue_box_front_24_sanitized/dataset/labels/train/tissue_F_002.txt,archive_local/rnd_20260729/outputs/out/tissue_box_front_24_sanitized/dataset/labels/train/tissue_F_002.txt,ARCHIVE_RND,119,2a2eb98c1f2374129e5b4403cda44bec2af7fda018f23d8ba0d60cea3e217f9a,historical or bulk experiment output not used by runtime,,varies,2026-07-29T06:06:57.567175+00:00
out/tissue_box_front_24_sanitized/dataset/labels/train/tissue_F_003.txt,archive_local/rnd_20260729/outputs/out/tissue_box_front_24_sanitized/dataset/labels/train/tissue_F_003.txt,ARCHIVE_RND,119,19efaf7d44e74f1930304921cb6dcef56754720a756abee97980e6546902ea6f,historical or bulk experiment output not used by runtime,,varies,2026-07-29T06:06:57.567175+00:00
out/tissue_box_front_24_sanitized/dataset/labels/train/tissue_F_004.txt,archive_local/rnd_20260729/outputs/out/tissue_box_front_24_sanitized/dataset/labels/train/tissue_F_004.txt,ARCHIVE_RND,119,d7e09f251baa566bf6448fd5b4dc7d479b5d67f929b755f9cf79331c24f0d400,historical or bulk experiment output not used by runtime,,varies,2026-07-29T06:06:57.567175+00:00
out/tissue_box_front_24_sanitized/dataset/labels/train/tissue_F_005.txt,archive_local/rnd_20260729/outputs/out/tissue_box_front_24_sanitized/dataset/labels/train/tissue_F_005.txt,ARCHIVE_RND,119,7794b07a4d2df9d9b4cbf32c4db82e55dd256409179127463b17f3590270a867,historical or bulk experiment output not used by runtime,,varies,2026-07-29T06:06:57.567175+00:00
out/tissue_box_front_24_sanitized/dataset/labels/train/tissue_FDL_001.txt,archive_local/rnd_20260729/outputs/out/tissue_box_front_24_sanitized/dataset/labels/train/tissue_FDL_001.txt,ARCHIVE_RND,119,3f07a8311c131d4355ccb830ec03e842f44a5474a83a138618a9705d13343a45,historical or bulk experiment output not used by runtime,,varies,2026-07-29T06:06:57.567175+00:00
out/tissue_box_front_24_sanitized/dataset/labels/train/tissue_FDL_002.txt,archive_local/rnd_20260729/outputs/out/tissue_box_front_24_sanitized/dataset/labels/train/tissue_FDL_002.txt,ARCHIVE_RND,119,ccd6b1e5ab0adf7f21ef4b2c5d589f4163da80bcbe8d8c7d28ebba907471cf95,historical or bulk experiment output not used by runtime,,varies,2026-07-29T06:06:57.567175+00:00
out/tissue_box_front_24_sanitized/dataset/labels/train/tissue_FDL_003.txt,archive_local/rnd_20260729/outputs/out/tissue_box_front_24_sanitized/dataset/labels/train/tissue_FDL_003.txt,ARCHIVE_RND,119,bb9201f4255355a6176171fb34c2bfebd19fe364e29af60fe50881774b757d5a,historical or bulk experiment output not used by runtime,,varies,2026-07-29T06:06:57.567175+00:00
out/tissue_box_front_24_sanitized/dataset/labels/train/tissue_FDL_004.txt,archive_local/rnd_20260729/outputs/out/tissue_box_front_24_sanitized/dataset/labels/train/tissue_FDL_004.txt,ARCHIVE_RND,119,ca1082a4c6dc56829cf8edc8870a196bb12c51883fd28815dd1c084b11f0f166,historical or bulk experiment output not used by runtime,,varies,2026-07-29T06:06:57.567175+00:00
out/tissue_box_front_24_sanitized/dataset/labels/train/tissue_FDR_001.txt,archive_local/rnd_20260729/outputs/out/tissue_box_front_24_sanitized/dataset/labels/train/tissue_FDR_001.txt,ARCHIVE_RND,119,4d35cc516a782292450fd90b7b8eca78a74a511fee4b93afacf35c7e37094c1d,historical or bulk experiment output not used by runtime,,varies,2026-07-29T06:06:57.567175+00:00
out/tissue_box_front_24_sanitized/dataset/labels/train/tissue_FDR_002.txt,archive_local/rnd_20260729/outputs/out/tissue_box_front_24_sanitized/dataset/labels/train/tissue_FDR_002.txt,ARCHIVE_RND,119,c0c80a12501e419466d1d148e2fff33e4920b7921eb89e720a6fc4673a7d7c4c,historical or bulk experiment output not used by runtime,,varies,2026-07-29T06:06:57.567175+00:00
out/tissue_box_front_24_sanitized/dataset/labels/train/tissue_FDR_003.txt,archive_local/rnd_20260729/outputs/out/tissue_box_front_24_sanitized/dataset/labels/train/tissue_FDR_003.txt,ARCHIVE_RND,119,415845e485c0806cba3e22fb846ea709bb96b061d34688953bb46bc05a575a93,historical or bulk experiment output not used by runtime,,varies,2026-07-29T06:06:57.567175+00:00
out/tissue_box_front_24_sanitized/dataset/labels/train/tissue_FDR_004.txt,archive_local/rnd_20260729/outputs/out/tissue_box_front_24_sanitized/dataset/labels/train/tissue_FDR_004.txt,ARCHIVE_RND,119,d9b99c9437cd99185a2039d4e614e57221cbe8a1e13f8ec3102ea7ee8c513f1b,historical or bulk experiment output not used by runtime,,varies,2026-07-29T06:06:57.567175+00:00
out/tissue_box_front_24_sanitized/dataset/labels/train/tissue_FDR_005.txt,archive_local/rnd_20260729/outputs/out/tissue_box_front_24_sanitized/dataset/labels/train/tissue_FDR_005.txt,ARCHIVE_RND,119,3d22a32d610ca71ce508ea236359941ef56a0b78db5ea619422e851e4dfec712,historical or bulk experiment output not used by runtime,,varies,2026-07-29T06:06:57.567175+00:00
out/tissue_box_front_24_sanitized/dataset/labels/train/tissue_FTL_001.txt,archive_local/rnd_20260729/outputs/out/tissue_box_front_24_sanitized/dataset/labels/train/tissue_FTL_001.txt,ARCHIVE_RND,119,70c3a311fc36d4002bb0c6331ed76e188c521362ded433e6020a668b55cd9e0a,historical or bulk experiment output not used by runtime,,varies,2026-07-29T06:06:57.567175+00:00
out/tissue_box_front_24_sanitized/dataset/labels/train/tissue_FTL_002.txt,archive_local/rnd_20260729/outputs/out/tissue_box_front_24_sanitized/dataset/labels/train/tissue_FTL_002.txt,ARCHIVE_RND,119,6f57fae4c5e5c064424372569abefb1ec2f17e565bcb99d89f4fae033bec80e8,historical or bulk experiment output not used by runtime,,varies,2026-07-29T06:06:57.567175+00:00
out/tissue_box_front_24_sanitized/dataset/labels/train/tissue_FTL_003.txt,archive_local/rnd_20260729/outputs/out/tissue_box_front_24_sanitized/dataset/labels/train/tissue_FTL_003.txt,ARCHIVE_RND,119,3a2c289211c32bb1f04707ae2f702b20dec4c41d8b67b2369f9c1f8b7562fc8b,historical or bulk experiment output not used by runtime,,varies,2026-07-29T06:06:57.567175+00:00
out/tissue_box_front_24_sanitized/dataset/labels/train/tissue_FTL_004.txt,archive_local/rnd_20260729/outputs/out/tissue_box_front_24_sanitized/dataset/labels/train/tissue_FTL_004.txt,ARCHIVE_RND,119,b018a5006ebcf42b5178e41efd875d2b323cc1f7744d59de4ffb98d9b756e2c9,historical or bulk experiment output not used by runtime,,varies,2026-07-29T06:06:57.567175+00:00
out/tissue_box_front_24_sanitized/dataset/labels/train/tissue_FTL_005.txt,archive_local/rnd_20260729/outputs/out/tissue_box_front_24_sanitized/dataset/labels/train/tissue_FTL_005.txt,ARCHIVE_RND,119,dfc180893389c6ebe99dc0e7958e8075fb37764561c214ea6e83837937adb075,historical or bulk experiment output not used by runtime,,varies,2026-07-29T06:06:57.567175+00:00
out/tissue_box_front_24_sanitized/dataset/labels/train/tissue_FTR_001.txt,archive_local/rnd_20260729/outputs/out/tissue_box_front_24_sanitized/dataset/labels/train/tissue_FTR_001.txt,ARCHIVE_RND,119,1bdc7f7bfff0141a2260dac43d1fde38a380c362858b653ba067e3bde98f1265,historical or bulk experiment output not used by runtime,,varies,2026-07-29T06:06:57.567175+00:00
out/tissue_box_front_24_sanitized/dataset/labels/train/tissue_FTR_002.txt,archive_local/rnd_20260729/outputs/out/tissue_box_front_24_sanitized/dataset/labels/train/tissue_FTR_002.txt,ARCHIVE_RND,119,bd080a5ea77d289348a3f6f2dc70d85f88ac870a44dcccfea0b7f65f702d9955,historical or bulk experiment output not used by runtime,,varies,2026-07-29T06:06:57.567175+00:00
out/tissue_box_front_24_sanitized/dataset/labels/train/tissue_FTR_003.txt,archive_local/rnd_20260729/outputs/out/tissue_box_front_24_sanitized/dataset/labels/train/tissue_FTR_003.txt,ARCHIVE_RND,119,3e9e5414f17edb85e61694037e1d94bfa3af710f6e0679bf835b41430ec217b2,historical or bulk experiment output not used by runtime,,varies,2026-07-29T06:06:57.567175+00:00
out/tissue_box_front_24_sanitized/dataset/labels/train/tissue_FTR_004.txt,archive_local/rnd_20260729/outputs/out/tissue_box_front_24_sanitized/dataset/labels/train/tissue_FTR_004.txt,ARCHIVE_RND,119,cbe4d6e9953b6dc4c2c360822a32b70ecb68111854ef817acfe7c883f56102e4,historical or bulk experiment output not used by runtime,,varies,2026-07-29T06:06:57.567175+00:00
out/tissue_box_front_24_sanitized/dataset/labels/train/tissue_FTR_005.txt,archive_local/rnd_20260729/outputs/out/tissue_box_front_24_sanitized/dataset/labels/train/tissue_FTR_005.txt,ARCHIVE_RND,119,c930cc502aaeca61bacb93d90095fd406ccea425dbe3a5e6aed8934652e4af07,historical or bulk experiment output not used by runtime,,varies,2026-07-29T06:06:57.567175+00:00
out/tissue_box_front_24_sanitized/keypoint_order.tsv,archive_local/rnd_20260729/outputs/out/tissue_box_front_24_sanitized/keypoint_order.tsv,ARCHIVE_RND,191,56bdb8ed847dfd77252c9a69038bcec2706d89107ed053e145643ce305151cfb,historical or bulk experiment output not used by runtime,,varies,2026-07-29T06:06:57.567175+00:00
out/tissue_box_front_24_sanitized/sanitation_report.json,archive_local/rnd_20260729/outputs/out/tissue_box_front_24_sanitized/sanitation_report.json,ARCHIVE_RND,915,491c5a3d8bc599171fdb59f7d629beccadbc0134e0554a8fe9c52d0c4fb43a0f,historical or bulk experiment output not used by runtime,,varies,2026-07-29T06:06:57.567175+00:00
out/tissue_box_front_24_sanitized/verification/tissue_F_001_verified.jpg,archive_local/rnd_20260729/outputs/out/tissue_box_front_24_sanitized/verification/tissue_F_001_verified.jpg,ARCHIVE_RND,2647767,3b8d5f2079aaf42331680355b7b173f791c9b19f9ef36b3dd5f73f1b43ebe5b4,historical or bulk experiment output not used by runtime,,varies,2026-07-29T06:06:57.567175+00:00
out/tissue_box_front_24_sanitized/verification/tissue_F_002_verified.jpg,archive_local/rnd_20260729/outputs/out/tissue_box_front_24_sanitized/verification/tissue_F_002_verified.jpg,ARCHIVE_RND,1977618,31b02ac4a195019ad1b55e9c4b79fdf9b91925db42f435d81f40883c23c8b746,historical or bulk experiment output not used by runtime,,varies,2026-07-29T06:06:57.567175+00:00
out/tissue_box_front_24_sanitized/verification/tissue_F_003_verified.jpg,archive_local/rnd_20260729/outputs/out/tissue_box_front_24_sanitized/verification/tissue_F_003_verified.jpg,ARCHIVE_RND,2273970,fd25b8b1686c6febd5a1b64bdee76aa33669d712df01229908eea905f6b541f4,historical or bulk experiment output not used by runtime,,varies,2026-07-29T06:06:57.567175+00:00
out/tissue_box_front_24_sanitized/verification/tissue_F_004_verified.jpg,archive_local/rnd_20260729/outputs/out/tissue_box_front_24_sanitized/verification/tissue_F_004_verified.jpg,ARCHIVE_RND,1896048,ec038f8c53f43fde02be696080df8e2e309edf4941274f73d95af8e73981bdd5,historical or bulk experiment output not used by runtime,,varies,2026-07-29T06:06:57.567175+00:00
out/tissue_box_front_24_sanitized/verification/tissue_F_005_verified.jpg,archive_local/rnd_20260729/outputs/out/tissue_box_front_24_sanitized/verification/tissue_F_005_verified.jpg,ARCHIVE_RND,2173139,99ba8987aa7f92d8ad8af4f7a89c887bd6039bbcfee42d94b3c483d38b9bc2e7,historical or bulk experiment output not used by runtime,,varies,2026-07-29T06:06:57.567175+00:00
out/tissue_box_front_24_sanitized/verification/tissue_FDL_001_verified.jpg,archive_local/rnd_20260729/outputs/out/tissue_box_front_24_sanitized/verification/tissue_FDL_001_verified.jpg,ARCHIVE_RND,2266696,ebd9fdffb7af16ae3b0cb5b94e3d2d6872ec69bf6a9eee25bba0c4c36512e4c0,historical or bulk experiment output not used by runtime,,varies,2026-07-29T06:06:57.567175+00:00
out/tissue_box_front_24_sanitized/verification/tissue_FDL_002_verified.jpg,archive_local/rnd_20260729/outputs/out/tissue_box_front_24_sanitized/verification/tissue_FDL_002_verified.jpg,ARCHIVE_RND,2455621,5eacdc459ab52b70b70b1fe6df440dbe3f510cd680d19f8fc9c6b4b478f01bf8,historical or bulk experiment output not used by runtime,,varies,2026-07-29T06:06:57.567175+00:00
out/tissue_box_front_24_sanitized/verification/tissue_FDL_003_verified.jpg,archive_local/rnd_20260729/outputs/out/tissue_box_front_24_sanitized/verification/tissue_FDL_003_verified.jpg,ARCHIVE_RND,2299576,018525484997d4eadb8ce92e5bf2b102d0c6c99b85ef04b6492fe99d0aea5763,historical or bulk experiment output not used by runtime,,varies,2026-07-29T06:06:57.567175+00:00
out/tissue_box_front_24_sanitized/verification/tissue_FDL_004_verified.jpg,archive_local/rnd_20260729/outputs/out/tissue_box_front_24_sanitized/verification/tissue_FDL_004_verified.jpg,ARCHIVE_RND,2434873,d66b87405db487a977ca161f9210aa004c6d76c2398207585b540a21962e6c02,historical or bulk experiment output not used by runtime,,varies,2026-07-29T06:06:57.567175+00:00
out/tissue_box_front_24_sanitized/verification/tissue_FDR_001_verified.jpg,archive_local/rnd_20260729/outputs/out/tissue_box_front_24_sanitized/verification/tissue_FDR_001_verified.jpg,ARCHIVE_RND,2239421,3bf95b479c1a4eab2b58f868d031f457b48857d2664209eece80f0bcdade29a4,historical or bulk experiment output not used by runtime,,varies,2026-07-29T06:06:57.567175+00:00
out/tissue_box_front_24_sanitized/verification/tissue_FDR_002_verified.jpg,archive_local/rnd_20260729/outputs/out/tissue_box_front_24_sanitized/verification/tissue_FDR_002_verified.jpg,ARCHIVE_RND,2188571,c3dc248fc126062fbb17f0d2091a7e9e16484c86eea80788fcb480a3d73a91a3,historical or bulk experiment output not used by runtime,,varies,2026-07-29T06:06:57.567175+00:00
out/tissue_box_front_24_sanitized/verification/tissue_FDR_003_verified.jpg,archive_local/rnd_20260729/outputs/out/tissue_box_front_24_sanitized/verification/tissue_FDR_003_verified.jpg,ARCHIVE_RND,2103996,f513966b5f9d930bca50d74acf50325ee08b582c957785c3da25b1dcae2758d7,historical or bulk experiment output not used by runtime,,varies,2026-07-29T06:06:57.567175+00:00
out/tissue_box_front_24_sanitized/verification/tissue_FDR_004_verified.jpg,archive_local/rnd_20260729/outputs/out/tissue_box_front_24_sanitized/verification/tissue_FDR_004_verified.jpg,ARCHIVE_RND,2099769,54f357b7f1483dd8f351b94e379ebbe8376058e82e990420146e4953111ff107,historical or bulk experiment output not used by runtime,,varies,2026-07-29T06:06:57.567175+00:00
out/tissue_box_front_24_sanitized/verification/tissue_FDR_005_verified.jpg,archive_local/rnd_20260729/outputs/out/tissue_box_front_24_sanitized/verification/tissue_FDR_005_verified.jpg,ARCHIVE_RND,2243728,e3f2480123cd617285f4df8bd6d20ea77b057a93daeb37073f21e672c06e3dc5,historical or bulk experiment output not used by runtime,,varies,2026-07-29T06:06:57.567175+00:00
out/tissue_box_front_24_sanitized/verification/tissue_FTL_001_verified.jpg,archive_local/rnd_20260729/outputs/out/tissue_box_front_24_sanitized/verification/tissue_FTL_001_verified.jpg,ARCHIVE_RND,1664627,03c72df035a01c133cb956a45ea69f52675d51b3a97cf61da9ed0777143a630f,historical or bulk experiment output not used by runtime,,varies,2026-07-29T06:06:57.567175+00:00
out/tissue_box_front_24_sanitized/verification/tissue_FTL_002_verified.jpg,archive_local/rnd_20260729/outputs/out/tissue_box_front_24_sanitized/verification/tissue_FTL_002_verified.jpg,ARCHIVE_RND,2046303,7a22cc725c75176e998f2cfa8c90b8c7bec5107e5678a0b7cd1d5260491e8c2a,historical or bulk experiment output not used by runtime,,varies,2026-07-29T06:06:57.567175+00:00
out/tissue_box_front_24_sanitized/verification/tissue_FTL_003_verified.jpg,archive_local/rnd_20260729/outputs/out/tissue_box_front_24_sanitized/verification/tissue_FTL_003_verified.jpg,ARCHIVE_RND,1601471,fb26c0038df8f346d62b6527bd51be2f6bcf11b1f4b3ad736c09f24ed2ff9604,historical or bulk experiment output not used by runtime,,varies,2026-07-29T06:06:57.567175+00:00
out/tissue_box_front_24_sanitized/verification/tissue_FTL_004_verified.jpg,archive_local/rnd_20260729/outputs/out/tissue_box_front_24_sanitized/verification/tissue_FTL_004_verified.jpg,ARCHIVE_RND,2613674,acaf3b58ba41b806b3794da7aa9609d6116976be239c7754214ad3b6680e05a0,historical or bulk experiment output not used by runtime,,varies,2026-07-29T06:06:57.567175+00:00
out/tissue_box_front_24_sanitized/verification/tissue_FTL_005_verified.jpg,archive_local/rnd_20260729/outputs/out/tissue_box_front_24_sanitized/verification/tissue_FTL_005_verified.jpg,ARCHIVE_RND,2170049,a776ae3ac72e50fb01083e2776eedf0425d934cfdeba89a937506456abecc943,historical or bulk experiment output not used by runtime,,varies,2026-07-29T06:06:57.567175+00:00
out/tissue_box_front_24_sanitized/verification/tissue_FTR_001_verified.jpg,archive_local/rnd_20260729/outputs/out/tissue_box_front_24_sanitized/verification/tissue_FTR_001_verified.jpg,ARCHIVE_RND,2170474,32adcceb0482a260aed4b71b700a102e346e80929319134704f42659d0ef7ba3,historical or bulk experiment output not used by runtime,,varies,2026-07-29T06:06:57.567175+00:00
out/tissue_box_front_24_sanitized/verification/tissue_FTR_002_verified.jpg,archive_local/rnd_20260729/outputs/out/tissue_box_front_24_sanitized/verification/tissue_FTR_002_verified.jpg,ARCHIVE_RND,2872535,c40626c640c849a0d400fc7b2435b253551a6a8c370f1501294aa263e70a078c,historical or bulk experiment output not used by runtime,,varies,2026-07-29T06:06:57.567175+00:00
out/tissue_box_front_24_sanitized/verification/tissue_FTR_003_verified.jpg,archive_local/rnd_20260729/outputs/out/tissue_box_front_24_sanitized/verification/tissue_FTR_003_verified.jpg,ARCHIVE_RND,2588891,df9e517892ba50fe682358268cd886f70bc2988871d710eae5d47dc339a72842,historical or bulk experiment output not used by runtime,,varies,2026-07-29T06:06:57.567175+00:00
out/tissue_box_front_24_sanitized/verification/tissue_FTR_004_verified.jpg,archive_local/rnd_20260729/outputs/out/tissue_box_front_24_sanitized/verification/tissue_FTR_004_verified.jpg,ARCHIVE_RND,2082089,0bf71897e90b380e042a280a8922d1e0e547874904abdfdbc01b3e28a216fe55,historical or bulk experiment output not used by runtime,,varies,2026-07-29T06:06:57.567175+00:00
out/tissue_box_front_24_sanitized/verification/tissue_FTR_005_verified.jpg,archive_local/rnd_20260729/outputs/out/tissue_box_front_24_sanitized/verification/tissue_FTR_005_verified.jpg,ARCHIVE_RND,1725209,8b7b39e0140a47aa07088612407b2a76cb57417baa6ab29550699801f08b9b05,historical or bulk experiment output not used by runtime,,varies,2026-07-29T06:06:57.567175+00:00
out/tissue_box_front_24_sanitized/verification_contact_sheet.jpg,archive_local/rnd_20260729/outputs/out/tissue_box_front_24_sanitized/verification_contact_sheet.jpg,ARCHIVE_RND,759825,af57beaf922bd750358ff7bc7d746bcb2bcee24bc39803a454bb4811c7ca744f,historical or bulk experiment output not used by runtime,,varies,2026-07-29T06:06:57.567175+00:00
out/tissue_box_init_sanitized/dataset/data.yaml,archive_local/rnd_20260729/outputs/out/tissue_box_init_sanitized/dataset/data.yaml,ARCHIVE_RND,128,627d55491ec3834b9e73c7a6045addbc369e240b9fb678a2b465ffd4e05384be,historical or bulk experiment output not used by runtime,,varies,2026-07-29T06:06:57.567175+00:00
out/tissue_box_init_sanitized/dataset/images/train/tissue_box_back.jpg,archive_local/rnd_20260729/outputs/out/tissue_box_init_sanitized/dataset/images/train/tissue_box_back.jpg,ARCHIVE_RND,2133938,4918b0f42bc7795baa1dac6bb937a0794005de3604b7a493c6e7b4a9f5dae3e9,historical or bulk experiment output not used by runtime,,varies,2026-07-29T06:06:57.567175+00:00
out/tissue_box_init_sanitized/dataset/images/train/tissue_box_bottom.jpg,archive_local/rnd_20260729/outputs/out/tissue_box_init_sanitized/dataset/images/train/tissue_box_bottom.jpg,ARCHIVE_RND,2576464,bcb381307daf86b27a72cf5604d55f2236ed8519be0c36b3a7cc4c660c5a4254,historical or bulk experiment output not used by runtime,,varies,2026-07-29T06:06:57.567175+00:00
out/tissue_box_init_sanitized/dataset/images/train/tissue_box_front.jpg,archive_local/rnd_20260729/outputs/out/tissue_box_init_sanitized/dataset/images/train/tissue_box_front.jpg,ARCHIVE_RND,2029939,93f67b8be7c8e222f75626df66a9bf414b91060d6cbfe3bef43f6e30eb8bcf44,historical or bulk experiment output not used by runtime,,varies,2026-07-29T06:06:57.567175+00:00
out/tissue_box_init_sanitized/dataset/images/train/tissue_box_left.jpg,archive_local/rnd_20260729/outputs/out/tissue_box_init_sanitized/dataset/images/train/tissue_box_left.jpg,ARCHIVE_RND,2416914,7802d062356971931ed2e4ac8b7c642673e594ede9bd2d1968517d52a52de58c,historical or bulk experiment output not used by runtime,,varies,2026-07-29T06:06:57.567175+00:00
out/tissue_box_init_sanitized/dataset/images/train/tissue_box_right.jpg,archive_local/rnd_20260729/outputs/out/tissue_box_init_sanitized/dataset/images/train/tissue_box_right.jpg,ARCHIVE_RND,2134778,00b8b7ce396130effa6c967528eef7e1853bb74ae7b7f8cf1b9c693af7c0fa9a,historical or bulk experiment output not used by runtime,,varies,2026-07-29T06:06:57.567175+00:00
out/tissue_box_init_sanitized/dataset/images/train/tissue_box_top_1.jpg,archive_local/rnd_20260729/outputs/out/tissue_box_init_sanitized/dataset/images/train/tissue_box_top_1.jpg,ARCHIVE_RND,2217212,ab42dbcaf45cc5450897d9807e0452c0888649a957cd7061256855e6b0d87e2b,historical or bulk experiment output not used by runtime,,varies,2026-07-29T06:06:57.567175+00:00
out/tissue_box_init_sanitized/dataset/labels/train/tissue_box_back.txt,archive_local/rnd_20260729/outputs/out/tissue_box_init_sanitized/dataset/labels/train/tissue_box_back.txt,ARCHIVE_RND,199,26a4c00c3694e3d23c9306e7b552631a9ff60231e3b9da6fbcf341fac53d19a8,historical or bulk experiment output not used by runtime,,varies,2026-07-29T06:06:57.567175+00:00
out/tissue_box_init_sanitized/dataset/labels/train/tissue_box_bottom.txt,archive_local/rnd_20260729/outputs/out/tissue_box_init_sanitized/dataset/labels/train/tissue_box_bottom.txt,ARCHIVE_RND,199,3d65f30289bfc93204e2a525f20434f1078d6422d8eb5a39a226479abeb3228d,historical or bulk experiment output not used by runtime,,varies,2026-07-29T06:06:57.567175+00:00
out/tissue_box_init_sanitized/dataset/labels/train/tissue_box_front.txt,archive_local/rnd_20260729/outputs/out/tissue_box_init_sanitized/dataset/labels/train/tissue_box_front.txt,ARCHIVE_RND,199,1724f8e4baf0adcec1ade3f453dc9d0a205679a208dc352e3a8544cbcf35535f,historical or bulk experiment output not used by runtime,,varies,2026-07-29T06:06:57.567175+00:00
out/tissue_box_init_sanitized/dataset/labels/train/tissue_box_left.txt,archive_local/rnd_20260729/outputs/out/tissue_box_init_sanitized/dataset/labels/train/tissue_box_left.txt,ARCHIVE_RND,199,e5df8e40c11078c7f503bf48b66de28abb4ba68d81b7b17c63415ab1bd5ac146,historical or bulk experiment output not used by runtime,,varies,2026-07-29T06:06:57.567175+00:00
out/tissue_box_init_sanitized/dataset/labels/train/tissue_box_right.txt,archive_local/rnd_20260729/outputs/out/tissue_box_init_sanitized/dataset/labels/train/tissue_box_right.txt,ARCHIVE_RND,199,214558c8c8a4473f6d6c8c3c8a35d4e55de0d2c5054dcb9a5ad3b3786291da2a,historical or bulk experiment output not used by runtime,,varies,2026-07-29T06:06:57.567175+00:00
out/tissue_box_init_sanitized/dataset/labels/train/tissue_box_top_1.txt,archive_local/rnd_20260729/outputs/out/tissue_box_init_sanitized/dataset/labels/train/tissue_box_top_1.txt,ARCHIVE_RND,199,f2f3f446ac84cd052a67554f72320c0459fda7725ad27c35dba8ba65338b27f2,historical or bulk experiment output not used by runtime,,varies,2026-07-29T06:06:57.567175+00:00
out/tissue_box_init_sanitized/keypoint_order.tsv,archive_local/rnd_20260729/outputs/out/tissue_box_init_sanitized/keypoint_order.tsv,ARCHIVE_RND,363,1e6a800f7953ad601c5885b68efb0bae96ec05554b7af5b21a9b543dadd6493d,historical or bulk experiment output not used by runtime,,varies,2026-07-29T06:06:57.567175+00:00
out/tissue_box_init_sanitized/sanitation_report.json,archive_local/rnd_20260729/outputs/out/tissue_box_init_sanitized/sanitation_report.json,ARCHIVE_RND,3571,a58697cf01de64d916b0bc534e5ac6d5409c76d2b4317f183b336dadb978c861,historical or bulk experiment output not used by runtime,,varies,2026-07-29T06:06:57.567175+00:00
out/tissue_box_init_sanitized/verification/tissue_box_back_verified.jpg,archive_local/rnd_20260729/outputs/out/tissue_box_init_sanitized/verification/tissue_box_back_verified.jpg,ARCHIVE_RND,2340284,664ce51826de1b11a4dd698931635f17cf22a9222681a135fae19b5408f9728b,historical or bulk experiment output not used by runtime,,varies,2026-07-29T06:06:57.567175+00:00
out/tissue_box_init_sanitized/verification/tissue_box_bottom_verified.jpg,archive_local/rnd_20260729/outputs/out/tissue_box_init_sanitized/verification/tissue_box_bottom_verified.jpg,ARCHIVE_RND,2928109,593ce985e7cd8c72b5ae845a1c4f0316bfbd9631dbbc08bde1760ce640816f6c,historical or bulk experiment output not used by runtime,,varies,2026-07-29T06:06:57.567175+00:00
out/tissue_box_init_sanitized/verification/tissue_box_front_verified.jpg,archive_local/rnd_20260729/outputs/out/tissue_box_init_sanitized/verification/tissue_box_front_verified.jpg,ARCHIVE_RND,2239181,39e6cc3318bad087a1fb1a185b0327f37d5b2a8fc1de7ed0901bb1c1bf7c25b7,historical or bulk experiment output not used by runtime,,varies,2026-07-29T06:06:57.567175+00:00
out/tissue_box_init_sanitized/verification/tissue_box_left_verified.jpg,archive_local/rnd_20260729/outputs/out/tissue_box_init_sanitized/verification/tissue_box_left_verified.jpg,ARCHIVE_RND,2667026,c441042e88d6054fb5dd70f7fea8cc0068017f347cb2f205f1de6f5a4aea921f,historical or bulk experiment output not used by runtime,,varies,2026-07-29T06:06:57.567175+00:00
out/tissue_box_init_sanitized/verification/tissue_box_right_verified.jpg,archive_local/rnd_20260729/outputs/out/tissue_box_init_sanitized/verification/tissue_box_right_verified.jpg,ARCHIVE_RND,2331261,a82f5c5493a40ba6ae489300a4f0b241b7f607815ca6d1d750fc212f4a9f3070,historical or bulk experiment output not used by runtime,,varies,2026-07-29T06:06:57.567175+00:00
out/tissue_box_init_sanitized/verification/tissue_box_top_1_verified.jpg,archive_local/rnd_20260729/outputs/out/tissue_box_init_sanitized/verification/tissue_box_top_1_verified.jpg,ARCHIVE_RND,2510831,0da19ce4eb83ffe095349d0b16af0854d0f5f62e6ba4e5ac12e760828d495456,historical or bulk experiment output not used by runtime,,varies,2026-07-29T06:06:57.567175+00:00
runs/object_anchor_pose/tissue_box_01_front_only_orbbec_full99/weights/last.pt,archive_local/rnd_20260729/checkpoints/runs/object_anchor_pose/tissue_box_01_front_only_orbbec_full99/weights/last.pt,ARCHIVE_RND,5619720,5c615f6aa6bc9c182d2ab80e92ed87cdd927562f301acc403df5d76bd384fccf,non-canonical last checkpoint; best and training audit remain,,yes_if_best_and_training_metadata_remain,2026-07-29T06:06:57.567175+00:00
runs/object_anchor_pose/tissue_box_01_front_only_orbbec_pilot/BoxF1_curve.png,archive_local/rnd_20260729/checkpoints/runs/object_anchor_pose/tissue_box_01_front_only_orbbec_pilot/BoxF1_curve.png,ARCHIVE_RND,106324,ef8529c99286ea0b855369c2d8038e08389d3e769f24218a311caf717179206e,historical training/validation run,,usually,2026-07-29T06:06:57.567175+00:00
runs/object_anchor_pose/tissue_box_01_front_only_orbbec_pilot/BoxP_curve.png,archive_local/rnd_20260729/checkpoints/runs/object_anchor_pose/tissue_box_01_front_only_orbbec_pilot/BoxP_curve.png,ARCHIVE_RND,88332,7eff5367595327fcc2faf3cfd83453a8fa18234166568a3db1539481e6192627,historical training/validation run,,usually,2026-07-29T06:06:57.567175+00:00
runs/object_anchor_pose/tissue_box_01_front_only_orbbec_pilot/BoxPR_curve.png,archive_local/rnd_20260729/checkpoints/runs/object_anchor_pose/tissue_box_01_front_only_orbbec_pilot/BoxPR_curve.png,ARCHIVE_RND,69591,fc9de1428dfa67bc77859b6f4e0ac55eebfc586455edd2a7d2b21fc4b5d984cf,historical training/validation run,,usually,2026-07-29T06:06:57.567175+00:00
runs/object_anchor_pose/tissue_box_01_front_only_orbbec_pilot/BoxR_curve.png,archive_local/rnd_20260729/checkpoints/runs/object_anchor_pose/tissue_box_01_front_only_orbbec_pilot/BoxR_curve.png,ARCHIVE_RND,89134,4a4c911d338b2b6fc2611b3f20f4a42332bb14bad8720922ffbf42b6df4bac24,historical training/validation run,,usually,2026-07-29T06:06:57.567175+00:00
runs/object_anchor_pose/tissue_box_01_front_only_orbbec_pilot/confusion_matrix.png,archive_local/rnd_20260729/checkpoints/runs/object_anchor_pose/tissue_box_01_front_only_orbbec_pilot/confusion_matrix.png,ARCHIVE_RND,91275,44fcabedb15e58d2c7d5291a6bc052695685427d146b41518b922a6beb231f43,historical training/validation run,,usually,2026-07-29T06:06:57.567175+00:00
runs/object_anchor_pose/tissue_box_01_front_only_orbbec_pilot/confusion_matrix_normalized.png,archive_local/rnd_20260729/checkpoints/runs/object_anchor_pose/tissue_box_01_front_only_orbbec_pilot/confusion_matrix_normalized.png,ARCHIVE_RND,91923,bbe0edb2cc9ffe8a85f9d3f19aa09cfcdf681dd8697d74182612ae4f9286872c,historical training/validation run,,usually,2026-07-29T06:06:57.567175+00:00
runs/object_anchor_pose/tissue_box_01_front_only_orbbec_pilot/labels.jpg,archive_local/rnd_20260729/checkpoints/runs/object_anchor_pose/tissue_box_01_front_only_orbbec_pilot/labels.jpg,ARCHIVE_RND,116562,f89f4ea277e268c857307d04cd64115ac44a9a0893c0e5d980f4eaa9f2670f84,historical training/validation run,,usually,2026-07-29T06:06:57.567175+00:00
runs/object_anchor_pose/tissue_box_01_front_only_orbbec_pilot/PoseF1_curve.png,archive_local/rnd_20260729/checkpoints/runs/object_anchor_pose/tissue_box_01_front_only_orbbec_pilot/PoseF1_curve.png,ARCHIVE_RND,106324,ef8529c99286ea0b855369c2d8038e08389d3e769f24218a311caf717179206e,historical training/validation run,,usually,2026-07-29T06:06:57.567175+00:00
runs/object_anchor_pose/tissue_box_01_front_only_orbbec_pilot/PoseP_curve.png,archive_local/rnd_20260729/checkpoints/runs/object_anchor_pose/tissue_box_01_front_only_orbbec_pilot/PoseP_curve.png,ARCHIVE_RND,88332,7eff5367595327fcc2faf3cfd83453a8fa18234166568a3db1539481e6192627,historical training/validation run,,usually,2026-07-29T06:06:57.567175+00:00
runs/object_anchor_pose/tissue_box_01_front_only_orbbec_pilot/PosePR_curve.png,archive_local/rnd_20260729/checkpoints/runs/object_anchor_pose/tissue_box_01_front_only_orbbec_pilot/PosePR_curve.png,ARCHIVE_RND,69591,fc9de1428dfa67bc77859b6f4e0ac55eebfc586455edd2a7d2b21fc4b5d984cf,historical training/validation run,,usually,2026-07-29T06:06:57.567175+00:00
runs/object_anchor_pose/tissue_box_01_front_only_orbbec_pilot/PoseR_curve.png,archive_local/rnd_20260729/checkpoints/runs/object_anchor_pose/tissue_box_01_front_only_orbbec_pilot/PoseR_curve.png,ARCHIVE_RND,89134,4a4c911d338b2b6fc2611b3f20f4a42332bb14bad8720922ffbf42b6df4bac24,historical training/validation run,,usually,2026-07-29T06:06:57.567175+00:00
runs/object_anchor_pose/tissue_box_01_front_only_orbbec_pilot/results.png,archive_local/rnd_20260729/checkpoints/runs/object_anchor_pose/tissue_box_01_front_only_orbbec_pilot/results.png,ARCHIVE_RND,538584,63fc710410088581951c61a3e63c93bcf0d3542dbf472d07c50a5698a1e7020a,historical training/validation run,,usually,2026-07-29T06:06:57.567175+00:00
runs/object_anchor_pose/tissue_box_01_front_only_orbbec_pilot/train_batch0.jpg,archive_local/rnd_20260729/checkpoints/runs/object_anchor_pose/tissue_box_01_front_only_orbbec_pilot/train_batch0.jpg,ARCHIVE_RND,138021,03928916f74f2da14068a2fc689a5150ea1cd546de7c35439b07c333d66bcc2b,historical training/validation run,,usually,2026-07-29T06:06:57.567175+00:00
runs/object_anchor_pose/tissue_box_01_front_only_orbbec_pilot/train_batch1.jpg,archive_local/rnd_20260729/checkpoints/runs/object_anchor_pose/tissue_box_01_front_only_orbbec_pilot/train_batch1.jpg,ARCHIVE_RND,128591,d2de915ff7c830aad78ecea6737b75b85103ded850f8ffa5694d1a6cb093daff,historical training/validation run,,usually,2026-07-29T06:06:57.567175+00:00
runs/object_anchor_pose/tissue_box_01_front_only_orbbec_pilot/train_batch2.jpg,archive_local/rnd_20260729/checkpoints/runs/object_anchor_pose/tissue_box_01_front_only_orbbec_pilot/train_batch2.jpg,ARCHIVE_RND,111546,b8f7912832af3ce499f9810a2925d5b3a4d7265ce8196ed6b103c8e268058371,historical training/validation run,,usually,2026-07-29T06:06:57.567175+00:00
runs/object_anchor_pose/tissue_box_01_front_only_orbbec_pilot/val_batch0_labels.jpg,archive_local/rnd_20260729/checkpoints/runs/object_anchor_pose/tissue_box_01_front_only_orbbec_pilot/val_batch0_labels.jpg,ARCHIVE_RND,234940,77c37ea9011ca6ea1925506c6e81c0640ba40bc2cdfb632f4d18c074ed6a82ea,historical training/validation run,,usually,2026-07-29T06:06:57.567175+00:00
runs/object_anchor_pose/tissue_box_01_front_only_orbbec_pilot/val_batch0_pred.jpg,archive_local/rnd_20260729/checkpoints/runs/object_anchor_pose/tissue_box_01_front_only_orbbec_pilot/val_batch0_pred.jpg,ARCHIVE_RND,239776,bdfca4eba621504ae94f66c58da1d42b7ddcb19ef3b28a852d19c0cb971682d6,historical training/validation run,,usually,2026-07-29T06:06:57.567175+00:00
runs/object_anchor_pose/tissue_box_01_front_only_orbbec_pilot/weights/last.pt,archive_local/rnd_20260729/checkpoints/runs/object_anchor_pose/tissue_box_01_front_only_orbbec_pilot/weights/last.pt,ARCHIVE_RND,5613064,1d717872bfe7341370eea40502d7c43ad793b316558d370c9161fa29afd76173,non-canonical last checkpoint; best and training audit remain,,yes_if_best_and_training_metadata_remain,2026-07-29T06:06:57.567175+00:00
runs/object_anchor_pose/tissue_box_01_front_only_pilot/BoxF1_curve.png,archive_local/rnd_20260729/checkpoints/runs/object_anchor_pose/tissue_box_01_front_only_pilot/BoxF1_curve.png,ARCHIVE_RND,95913,475daef0878b2a9ad0380456f3418187f1f92378fd4d86982921acd49617df4d,historical training/validation run,,usually,2026-07-29T06:06:57.567175+00:00
runs/object_anchor_pose/tissue_box_01_front_only_pilot/BoxP_curve.png,archive_local/rnd_20260729/checkpoints/runs/object_anchor_pose/tissue_box_01_front_only_pilot/BoxP_curve.png,ARCHIVE_RND,85364,2f93cb7fdbdce170529e187e3ab92860dde272ba18e538a768ec0f70f48ad4cc,historical training/validation run,,usually,2026-07-29T06:06:57.567175+00:00
runs/object_anchor_pose/tissue_box_01_front_only_pilot/BoxPR_curve.png,archive_local/rnd_20260729/checkpoints/runs/object_anchor_pose/tissue_box_01_front_only_pilot/BoxPR_curve.png,ARCHIVE_RND,71128,2909f9c317077ddee92305c510a88e76fdef53278ff4df0c46fa01447829c1d5,historical training/validation run,,usually,2026-07-29T06:06:57.567175+00:00
runs/object_anchor_pose/tissue_box_01_front_only_pilot/BoxR_curve.png,archive_local/rnd_20260729/checkpoints/runs/object_anchor_pose/tissue_box_01_front_only_pilot/BoxR_curve.png,ARCHIVE_RND,88768,351dea54e84f82d69108bad6133cbe3f84007fb9cccbb19b1d35909062dafc2e,historical training/validation run,,usually,2026-07-29T06:06:57.567175+00:00
runs/object_anchor_pose/tissue_box_01_front_only_pilot/confusion_matrix.png,archive_local/rnd_20260729/checkpoints/runs/object_anchor_pose/tissue_box_01_front_only_pilot/confusion_matrix.png,ARCHIVE_RND,83898,2e6e4c49c73231db002ef856b7681289420959b27d25ce7c75deac50e9d918a8,historical training/validation run,,usually,2026-07-29T06:06:57.567175+00:00
runs/object_anchor_pose/tissue_box_01_front_only_pilot/confusion_matrix_normalized.png,archive_local/rnd_20260729/checkpoints/runs/object_anchor_pose/tissue_box_01_front_only_pilot/confusion_matrix_normalized.png,ARCHIVE_RND,91923,bbe0edb2cc9ffe8a85f9d3f19aa09cfcdf681dd8697d74182612ae4f9286872c,historical training/validation run,,usually,2026-07-29T06:06:57.567175+00:00
runs/object_anchor_pose/tissue_box_01_front_only_pilot/labels.jpg,archive_local/rnd_20260729/checkpoints/runs/object_anchor_pose/tissue_box_01_front_only_pilot/labels.jpg,ARCHIVE_RND,111161,f95dc967af70b12809e91063e8c99c7b56d3cbf336490e441d029bdaf10c61bb,historical training/validation run,,usually,2026-07-29T06:06:57.567175+00:00
runs/object_anchor_pose/tissue_box_01_front_only_pilot/PoseF1_curve.png,archive_local/rnd_20260729/checkpoints/runs/object_anchor_pose/tissue_box_01_front_only_pilot/PoseF1_curve.png,ARCHIVE_RND,95913,475daef0878b2a9ad0380456f3418187f1f92378fd4d86982921acd49617df4d,historical training/validation run,,usually,2026-07-29T06:06:57.567175+00:00
runs/object_anchor_pose/tissue_box_01_front_only_pilot/PoseP_curve.png,archive_local/rnd_20260729/checkpoints/runs/object_anchor_pose/tissue_box_01_front_only_pilot/PoseP_curve.png,ARCHIVE_RND,85364,2f93cb7fdbdce170529e187e3ab92860dde272ba18e538a768ec0f70f48ad4cc,historical training/validation run,,usually,2026-07-29T06:06:57.567175+00:00
runs/object_anchor_pose/tissue_box_01_front_only_pilot/PosePR_curve.png,archive_local/rnd_20260729/checkpoints/runs/object_anchor_pose/tissue_box_01_front_only_pilot/PosePR_curve.png,ARCHIVE_RND,71128,2909f9c317077ddee92305c510a88e76fdef53278ff4df0c46fa01447829c1d5,historical training/validation run,,usually,2026-07-29T06:06:57.567175+00:00
runs/object_anchor_pose/tissue_box_01_front_only_pilot/PoseR_curve.png,archive_local/rnd_20260729/checkpoints/runs/object_anchor_pose/tissue_box_01_front_only_pilot/PoseR_curve.png,ARCHIVE_RND,88768,351dea54e84f82d69108bad6133cbe3f84007fb9cccbb19b1d35909062dafc2e,historical training/validation run,,usually,2026-07-29T06:06:57.567175+00:00
runs/object_anchor_pose/tissue_box_01_front_only_pilot/results.png,archive_local/rnd_20260729/checkpoints/runs/object_anchor_pose/tissue_box_01_front_only_pilot/results.png,ARCHIVE_RND,470414,1f63736ff949347f13c3863f6a64ca3a016bde8759c112e762cbd61eb8bc9164,historical training/validation run,,usually,2026-07-29T06:06:57.567175+00:00
runs/object_anchor_pose/tissue_box_01_front_only_pilot/train_batch0.jpg,archive_local/rnd_20260729/checkpoints/runs/object_anchor_pose/tissue_box_01_front_only_pilot/train_batch0.jpg,ARCHIVE_RND,106155,e8f16581618f28e57e2833f1f597dd7473e10af2927b4e862ef2eb591a98125c,historical training/validation run,,usually,2026-07-29T06:06:57.567175+00:00
runs/object_anchor_pose/tissue_box_01_front_only_pilot/train_batch1.jpg,archive_local/rnd_20260729/checkpoints/runs/object_anchor_pose/tissue_box_01_front_only_pilot/train_batch1.jpg,ARCHIVE_RND,110920,03f67e47aca52681bf510ba8fec625ad324caa4ba975b0c574c42316aec89b1d,historical training/validation run,,usually,2026-07-29T06:06:57.567175+00:00
runs/object_anchor_pose/tissue_box_01_front_only_pilot/train_batch2.jpg,archive_local/rnd_20260729/checkpoints/runs/object_anchor_pose/tissue_box_01_front_only_pilot/train_batch2.jpg,ARCHIVE_RND,101772,f37575dc6ea24db750e505a8e7011ea7f152c071d4f40750b0c5320187fd0a24,historical training/validation run,,usually,2026-07-29T06:06:57.567175+00:00
runs/object_anchor_pose/tissue_box_01_front_only_pilot/train_batch350.jpg,archive_local/rnd_20260729/checkpoints/runs/object_anchor_pose/tissue_box_01_front_only_pilot/train_batch350.jpg,ARCHIVE_RND,107851,f510c1839d5842c8e7e7d9c15e321c9cf358ba9c7b298a837be81878e4c96bdd,historical training/validation run,,usually,2026-07-29T06:06:57.567175+00:00
runs/object_anchor_pose/tissue_box_01_front_only_pilot/train_batch351.jpg,archive_local/rnd_20260729/checkpoints/runs/object_anchor_pose/tissue_box_01_front_only_pilot/train_batch351.jpg,ARCHIVE_RND,101181,2b205a436bd68e9828bf1ea63c822fba9cbf6c2cac45c81716ea2a9ed84b0205,historical training/validation run,,usually,2026-07-29T06:06:57.567175+00:00
runs/object_anchor_pose/tissue_box_01_front_only_pilot/train_batch352.jpg,archive_local/rnd_20260729/checkpoints/runs/object_anchor_pose/tissue_box_01_front_only_pilot/train_batch352.jpg,ARCHIVE_RND,101017,d132432a6ecbdd16ce46bc832f1ef96ce645bd1473c42e1c006fc6ff91f81044,historical training/validation run,,usually,2026-07-29T06:06:57.567175+00:00
runs/object_anchor_pose/tissue_box_01_front_only_pilot/val_batch0_labels.jpg,archive_local/rnd_20260729/checkpoints/runs/object_anchor_pose/tissue_box_01_front_only_pilot/val_batch0_labels.jpg,ARCHIVE_RND,191640,4c064499ced24868ae039b52efc4261ef8ec60169ce542e1749a16db7060465b,historical training/validation run,,usually,2026-07-29T06:06:57.567175+00:00
runs/object_anchor_pose/tissue_box_01_front_only_pilot/val_batch0_pred.jpg,archive_local/rnd_20260729/checkpoints/runs/object_anchor_pose/tissue_box_01_front_only_pilot/val_batch0_pred.jpg,ARCHIVE_RND,202571,dd27cf4bb8811119a0a5c0b8c8a30a411d2066aa1646a624ff562b17f054f64e,historical training/validation run,,usually,2026-07-29T06:06:57.567175+00:00
runs/object_anchor_pose/tissue_box_01_front_only_pilot/weights/last.pt,archive_local/rnd_20260729/checkpoints/runs/object_anchor_pose/tissue_box_01_front_only_pilot/weights/last.pt,ARCHIVE_RND,5643336,93d216e7ac89643858e260e3d2c6f30d2186442f9914e972fe6f250495d8ab43,non-canonical last checkpoint; best and training audit remain,,yes_if_best_and_training_metadata_remain,2026-07-29T06:06:57.567175+00:00
scripts/analyze_apriltag_branch_diagnostics.py,archive_local/rnd_20260729/experiments/scripts/analyze_apriltag_branch_diagnostics.py,ARCHIVE_RND,28993,4dfd1626c46741e09efbe8b0a8425fb78166c8f9056c9a101e3034855ba06e1b,completed diagnostic/pilot analysis utility,,yes_from_source_control,2026-07-29T06:06:57.567175+00:00
scripts/diagnose_apriltag_ippe_branches.py,archive_local/rnd_20260729/experiments/scripts/diagnose_apriltag_ippe_branches.py,ARCHIVE_RND,38528,6b7e16307476996449fc4ad070a286d1dd5991c24d2ce04271b9bf082d3669b7,completed diagnostic/pilot analysis utility,,yes_from_source_control,2026-07-29T06:06:57.567175+00:00
scripts/diagnose_planar_pnp_ambiguity.py,archive_local/rnd_20260729/experiments/scripts/diagnose_planar_pnp_ambiguity.py,ARCHIVE_RND,46111,5c5e1c17cb233b954bc6db70965656b37d60e392f452a759086425c14f8096e7,completed diagnostic/pilot analysis utility,,yes_from_source_control,2026-07-29T06:06:57.567175+00:00
scripts/evaluate_object_anchor_pilot.py,archive_local/rnd_20260729/experiments/scripts/evaluate_object_anchor_pilot.py,ARCHIVE_RND,15807,149d712fe764abc60ad4f75397f7c3c1a0128a15e7d6b30926bda065cdc26cf2,completed diagnostic/pilot analysis utility,,yes_from_source_control,2026-07-29T06:06:57.567175+00:00
scripts/prepare_object_anchor_orbbec_pilot.py,archive_local/rnd_20260729/experiments/scripts/prepare_object_anchor_orbbec_pilot.py,ARCHIVE_RND,12318,5f3fb0f9feff7429b3121106c51b9e2f537ff0d446ba289752f2fc53ac89541c,completed diagnostic/pilot analysis utility,,yes_from_source_control,2026-07-29T06:06:57.567175+00:00
yolov8n.pt,archive_local/rnd_20260729/checkpoints/yolov8n.pt,ARCHIVE_RND,6549796,f59b3d833e2ff32e194b5bb8e08d211dc7c5bdf144b90d2c8412c47ccfc83b36,non-active model/checkpoint; not referenced by current runtime,,uncertain,2026-07-29T06:06:57.567175+00:00
