group_id,sha256,size_bytes_each,group_file_count,potential_savings_bytes,path,likely_intentional_structure_copy,automatic_delete_recommended,note
21,04c003314a494880cad34b7af5ef9bc1288e6950f79c125c49bf19d1e2376579,7680128,2,7680128,calibration/rectify_maps_map2_left.npy,False,False,Keep one is not automatically safe; verify dataset/model provenance.
21,04c003314a494880cad34b7af5ef9bc1288e6950f79c125c49bf19d1e2376579,7680128,2,7680128,calibration/rectify_maps_map2_right.npy,False,False,Keep one is not automatically safe; verify dataset/model provenance.
22,e509266723924163882919e2636c7ee02a0222310d2b45c2a560c64214ff2cd1,7680128,2,7680128,calibration/rectify_maps_map1_left.npy,False,False,Keep one is not automatically safe; verify dataset/model provenance.
22,e509266723924163882919e2636c7ee02a0222310d2b45c2a560c64214ff2cd1,7680128,2,7680128,calibration/rectify_maps_map1_right.npy,False,False,Keep one is not automatically safe; verify dataset/model provenance.
28,d37fd4ca4deb2de9ee3b13d816e30496a5a5d0f369d8a8c2d902672aad6f6db4,5643336,2,5643336,models/object_anchor/tissue_box_01_front_only/best.pt,False,False,Keep one is not automatically safe; verify dataset/model provenance.
28,d37fd4ca4deb2de9ee3b13d816e30496a5a5d0f369d8a8c2d902672aad6f6db4,5643336,2,5643336,runs/object_anchor_pose/tissue_box_01_front_only_pilot/weights/best.pt,False,False,Keep one is not automatically safe; verify dataset/model provenance.
29,2512be192c87242633b5aec4ceba332937a51c82e3853bfbde83cdd8300dd198,5619720,3,11239440,models/object_anchor/tissue_box_01_front_only_orbbec_full99/best.pt,False,False,Keep one is not automatically safe; verify dataset/model provenance.
29,2512be192c87242633b5aec4ceba332937a51c82e3853bfbde83cdd8300dd198,5619720,3,11239440,out/object_anchor_full99/training/weights/best.pt,False,False,Keep one is not automatically safe; verify dataset/model provenance.
29,2512be192c87242633b5aec4ceba332937a51c82e3853bfbde83cdd8300dd198,5619720,3,11239440,runs/object_anchor_pose/tissue_box_01_front_only_orbbec_full99/weights/best.pt,False,False,Keep one is not automatically safe; verify dataset/model provenance.
30,5c615f6aa6bc9c182d2ab80e92ed87cdd927562f301acc403df5d76bd384fccf,5619720,2,5619720,out/object_anchor_full99/training/weights/last.pt,False,False,Keep one is not automatically safe; verify dataset/model provenance.
30,5c615f6aa6bc9c182d2ab80e92ed87cdd927562f301acc403df5d76bd384fccf,5619720,2,5619720,runs/object_anchor_pose/tissue_box_01_front_only_orbbec_full99/weights/last.pt,False,False,Keep one is not automatically safe; verify dataset/model provenance.
32,1f33fa51c656f4b8fc3c3e92e9eb5d7d6ea0d886b8a0c71fc1b14ba94d8e80ad,5613064,2,5613064,models/object_anchor/tissue_box_01_front_only_orbbec_pilot/best.pt,False,False,Keep one is not automatically safe; verify dataset/model provenance.
32,1f33fa51c656f4b8fc3c3e92e9eb5d7d6ea0d886b8a0c71fc1b14ba94d8e80ad,5613064,2,5613064,runs/object_anchor_pose/tissue_box_01_front_only_orbbec_pilot/weights/best.pt,False,False,Keep one is not automatically safe; verify dataset/model provenance.
33,931f284285f925945cb58ea6d95bd990f51148557c387590b124a037270018f6,5311651,3,10623302,data/datasets/tissue_box_front_orbbec_full99/images/legacy_test/tissue_F_001.jpg,True,False,Keep one is not automatically safe; verify dataset/model provenance.
33,931f284285f925945cb58ea6d95bd990f51148557c387590b124a037270018f6,5311651,3,10623302,data/datasets/tissue_box_front_orbbec_pilot/images/test/tissue_F_001.jpg,True,False,Keep one is not automatically safe; verify dataset/model provenance.
33,931f284285f925945cb58ea6d95bd990f51148557c387590b124a037270018f6,5311651,3,10623302,data/tissue_box_front_only_pose/images/val/tissue_F_001.jpg,True,False,Keep one is not automatically safe; verify dataset/model provenance.
34,554d1c5f0c8ea1b2af18f2839402b6c2cfbf98a8532eb8d3e75d549e45fd9932,4956453,3,9912906,data/datasets/tissue_box_front_orbbec_full99/images/train/tissue_F_003.jpg,True,False,Keep one is not automatically safe; verify dataset/model provenance.
34,554d1c5f0c8ea1b2af18f2839402b6c2cfbf98a8532eb8d3e75d549e45fd9932,4956453,3,9912906,data/datasets/tissue_box_front_orbbec_pilot/images/train/tissue_F_003.jpg,True,False,Keep one is not automatically safe; verify dataset/model provenance.
34,554d1c5f0c8ea1b2af18f2839402b6c2cfbf98a8532eb8d3e75d549e45fd9932,4956453,3,9912906,data/tissue_box_front_only_pose/images/train/tissue_F_003.jpg,True,False,Keep one is not automatically safe; verify dataset/model provenance.
35,d2993de9b500e9d147c5e77cda4ab825db5d1e6cb74937df0ed7c0286dd3e2e1,4882500,3,9765000,data/datasets/tissue_box_front_orbbec_full99/images/train/tissue_FTR_002.jpg,True,False,Keep one is not automatically safe; verify dataset/model provenance.
35,d2993de9b500e9d147c5e77cda4ab825db5d1e6cb74937df0ed7c0286dd3e2e1,4882500,3,9765000,data/datasets/tissue_box_front_orbbec_pilot/images/train/tissue_FTR_002.jpg,True,False,Keep one is not automatically safe; verify dataset/model provenance.
35,d2993de9b500e9d147c5e77cda4ab825db5d1e6cb74937df0ed7c0286dd3e2e1,4882500,3,9765000,data/tissue_box_front_only_pose/images/train/tissue_FTR_002.jpg,True,False,Keep one is not automatically safe; verify dataset/model provenance.
36,50b34123fc8aef1e38668d30a128b54b8557e07c4275e345ba9b7f003cdf0ac8,4759331,3,9518662,data/datasets/tissue_box_front_orbbec_full99/images/legacy_test/tissue_F_005.jpg,True,False,Keep one is not automatically safe; verify dataset/model provenance.
36,50b34123fc8aef1e38668d30a128b54b8557e07c4275e345ba9b7f003cdf0ac8,4759331,3,9518662,data/datasets/tissue_box_front_orbbec_pilot/images/test/tissue_F_005.jpg,True,False,Keep one is not automatically safe; verify dataset/model provenance.
36,50b34123fc8aef1e38668d30a128b54b8557e07c4275e345ba9b7f003cdf0ac8,4759331,3,9518662,data/tissue_box_front_only_pose/images/val/tissue_F_005.jpg,True,False,Keep one is not automatically safe; verify dataset/model provenance.
37,e64fd0bfc747046f81e48d66c4b81baa2cdb8552e07a260b96a9cf3d1f62d801,4478142,3,8956284,data/datasets/tissue_box_front_orbbec_full99/images/train/tissue_F_002.jpg,True,False,Keep one is not automatically safe; verify dataset/model provenance.
37,e64fd0bfc747046f81e48d66c4b81baa2cdb8552e07a260b96a9cf3d1f62d801,4478142,3,8956284,data/datasets/tissue_box_front_orbbec_pilot/images/train/tissue_F_002.jpg,True,False,Keep one is not automatically safe; verify dataset/model provenance.
37,e64fd0bfc747046f81e48d66c4b81baa2cdb8552e07a260b96a9cf3d1f62d801,4478142,3,8956284,data/tissue_box_front_only_pose/images/train/tissue_F_002.jpg,True,False,Keep one is not automatically safe; verify dataset/model provenance.
38,0eacaff6636eb5077108673272543834dba461bee62915bd2e0f1a895306e1ee,4455224,3,8910448,data/datasets/tissue_box_front_orbbec_full99/images/train/tissue_F_004.jpg,True,False,Keep one is not automatically safe; verify dataset/model provenance.
38,0eacaff6636eb5077108673272543834dba461bee62915bd2e0f1a895306e1ee,4455224,3,8910448,data/datasets/tissue_box_front_orbbec_pilot/images/train/tissue_F_004.jpg,True,False,Keep one is not automatically safe; verify dataset/model provenance.
38,0eacaff6636eb5077108673272543834dba461bee62915bd2e0f1a895306e1ee,4455224,3,8910448,data/tissue_box_front_only_pose/images/train/tissue_F_004.jpg,True,False,Keep one is not automatically safe; verify dataset/model provenance.
39,77006968185377e785e960b5d7d61c4359f18f9003f6331b71b6834074eb26c5,4445848,3,8891696,data/datasets/tissue_box_front_orbbec_full99/images/train/tissue_FTL_004.jpg,True,False,Keep one is not automatically safe; verify dataset/model provenance.
39,77006968185377e785e960b5d7d61c4359f18f9003f6331b71b6834074eb26c5,4445848,3,8891696,data/datasets/tissue_box_front_orbbec_pilot/images/train/tissue_FTL_004.jpg,True,False,Keep one is not automatically safe; verify dataset/model provenance.
39,77006968185377e785e960b5d7d61c4359f18f9003f6331b71b6834074eb26c5,4445848,3,8891696,data/tissue_box_front_only_pose/images/train/tissue_FTL_004.jpg,True,False,Keep one is not automatically safe; verify dataset/model provenance.
41,475d4ce08f34a3057c64c20cf1defc402d3756f812c7c9d99b247117178ab0cf,4379413,3,8758826,data/datasets/tissue_box_front_orbbec_full99/images/legacy_test/tissue_FDL_004.jpg,True,False,Keep one is not automatically safe; verify dataset/model provenance.
41,475d4ce08f34a3057c64c20cf1defc402d3756f812c7c9d99b247117178ab0cf,4379413,3,8758826,data/datasets/tissue_box_front_orbbec_pilot/images/test/tissue_FDL_004.jpg,True,False,Keep one is not automatically safe; verify dataset/model provenance.
41,475d4ce08f34a3057c64c20cf1defc402d3756f812c7c9d99b247117178ab0cf,4379413,3,8758826,data/tissue_box_front_only_pose/images/val/tissue_FDL_004.jpg,True,False,Keep one is not automatically safe; verify dataset/model provenance.
42,35acca275688c79bb3957a8eaea374b4137667732b7a3bfdc27eddbaacb14955,4346530,3,8693060,data/datasets/tissue_box_front_orbbec_full99/images/train/tissue_FDL_002.jpg,True,False,Keep one is not automatically safe; verify dataset/model provenance.
42,35acca275688c79bb3957a8eaea374b4137667732b7a3bfdc27eddbaacb14955,4346530,3,8693060,data/datasets/tissue_box_front_orbbec_pilot/images/train/tissue_FDL_002.jpg,True,False,Keep one is not automatically safe; verify dataset/model provenance.
42,35acca275688c79bb3957a8eaea374b4137667732b7a3bfdc27eddbaacb14955,4346530,3,8693060,data/tissue_box_front_only_pose/images/train/tissue_FDL_002.jpg,True,False,Keep one is not automatically safe; verify dataset/model provenance.
43,47086fbb618c013035c417b2782e7b817d68472eccb5d5ecd04d63f2b0f0476b,4256149,3,8512298,data/datasets/tissue_box_front_orbbec_full99/images/train/tissue_FTR_003.jpg,True,False,Keep one is not automatically safe; verify dataset/model provenance.
43,47086fbb618c013035c417b2782e7b817d68472eccb5d5ecd04d63f2b0f0476b,4256149,3,8512298,data/datasets/tissue_box_front_orbbec_pilot/images/train/tissue_FTR_003.jpg,True,False,Keep one is not automatically safe; verify dataset/model provenance.
43,47086fbb618c013035c417b2782e7b817d68472eccb5d5ecd04d63f2b0f0476b,4256149,3,8512298,data/tissue_box_front_only_pose/images/train/tissue_FTR_003.jpg,True,False,Keep one is not automatically safe; verify dataset/model provenance.
45,8b0713c3c98f5ab8e61e1c46be4c0e6c05dc7b86a3b49a228f3255a8db7954ef,4156578,3,8313156,data/datasets/tissue_box_front_orbbec_full99/images/train/tissue_FDL_003.jpg,True,False,Keep one is not automatically safe; verify dataset/model provenance.
45,8b0713c3c98f5ab8e61e1c46be4c0e6c05dc7b86a3b49a228f3255a8db7954ef,4156578,3,8313156,data/datasets/tissue_box_front_orbbec_pilot/images/train/tissue_FDL_003.jpg,True,False,Keep one is not automatically safe; verify dataset/model provenance.
45,8b0713c3c98f5ab8e61e1c46be4c0e6c05dc7b86a3b49a228f3255a8db7954ef,4156578,3,8313156,data/tissue_box_front_only_pose/images/train/tissue_FDL_003.jpg,True,False,Keep one is not automatically safe; verify dataset/model provenance.
46,d3a2ed488b6037a06aaa6a59d9cf0122ba7d3d9491f0f59846876f511788037e,4142465,3,8284930,data/datasets/tissue_box_front_orbbec_full99/images/train/tissue_FDL_001.jpg,True,False,Keep one is not automatically safe; verify dataset/model provenance.
46,d3a2ed488b6037a06aaa6a59d9cf0122ba7d3d9491f0f59846876f511788037e,4142465,3,8284930,data/datasets/tissue_box_front_orbbec_pilot/images/train/tissue_FDL_001.jpg,True,False,Keep one is not automatically safe; verify dataset/model provenance.
46,d3a2ed488b6037a06aaa6a59d9cf0122ba7d3d9491f0f59846876f511788037e,4142465,3,8284930,data/tissue_box_front_only_pose/images/train/tissue_FDL_001.jpg,True,False,Keep one is not automatically safe; verify dataset/model provenance.
47,205c545cdf0d4b01d81efed37d685a0e19aa5071c9c8e5d45c7708d54500bad7,3991000,3,7982000,data/datasets/tissue_box_front_orbbec_full99/images/train/tissue_FDR_001.jpg,True,False,Keep one is not automatically safe; verify dataset/model provenance.
47,205c545cdf0d4b01d81efed37d685a0e19aa5071c9c8e5d45c7708d54500bad7,3991000,3,7982000,data/datasets/tissue_box_front_orbbec_pilot/images/train/tissue_FDR_001.jpg,True,False,Keep one is not automatically safe; verify dataset/model provenance.
47,205c545cdf0d4b01d81efed37d685a0e19aa5071c9c8e5d45c7708d54500bad7,3991000,3,7982000,data/tissue_box_front_only_pose/images/train/tissue_FDR_001.jpg,True,False,Keep one is not automatically safe; verify dataset/model provenance.
48,b3f40768a4ab94d4345d65f0227e8e2eee276d40dcdc0369930f6ee3c8372e93,3934384,3,7868768,data/datasets/tissue_box_front_orbbec_full99/images/legacy_test/tissue_FDR_005.jpg,True,False,Keep one is not automatically safe; verify dataset/model provenance.
48,b3f40768a4ab94d4345d65f0227e8e2eee276d40dcdc0369930f6ee3c8372e93,3934384,3,7868768,data/datasets/tissue_box_front_orbbec_pilot/images/test/tissue_FDR_005.jpg,True,False,Keep one is not automatically safe; verify dataset/model provenance.
48,b3f40768a4ab94d4345d65f0227e8e2eee276d40dcdc0369930f6ee3c8372e93,3934384,3,7868768,data/tissue_box_front_only_pose/images/val/tissue_FDR_005.jpg,True,False,Keep one is not automatically safe; verify dataset/model provenance.
49,b6d9dd9ee4e23ac59d9dd093a0aa417ca238c0b3f5640acaf2bcff33ed3fab2b,3892453,3,7784906,data/datasets/tissue_box_front_orbbec_full99/images/train/tissue_FDR_002.jpg,True,False,Keep one is not automatically safe; verify dataset/model provenance.
49,b6d9dd9ee4e23ac59d9dd093a0aa417ca238c0b3f5640acaf2bcff33ed3fab2b,3892453,3,7784906,data/datasets/tissue_box_front_orbbec_pilot/images/train/tissue_FDR_002.jpg,True,False,Keep one is not automatically safe; verify dataset/model provenance.
49,b6d9dd9ee4e23ac59d9dd093a0aa417ca238c0b3f5640acaf2bcff33ed3fab2b,3892453,3,7784906,data/tissue_box_front_only_pose/images/train/tissue_FDR_002.jpg,True,False,Keep one is not automatically safe; verify dataset/model provenance.
50,ef3d10ef487ae00eb71dfb135e28abbc01926bd60a53f09c9e2298b2a3dfd918,3836096,3,7672192,data/datasets/tissue_box_front_orbbec_full99/images/train/tissue_FDR_003.jpg,True,False,Keep one is not automatically safe; verify dataset/model provenance.
50,ef3d10ef487ae00eb71dfb135e28abbc01926bd60a53f09c9e2298b2a3dfd918,3836096,3,7672192,data/datasets/tissue_box_front_orbbec_pilot/images/train/tissue_FDR_003.jpg,True,False,Keep one is not automatically safe; verify dataset/model provenance.
50,ef3d10ef487ae00eb71dfb135e28abbc01926bd60a53f09c9e2298b2a3dfd918,3836096,3,7672192,data/tissue_box_front_only_pose/images/train/tissue_FDR_003.jpg,True,False,Keep one is not automatically safe; verify dataset/model provenance.
51,c0e197952576117ae8662863ee31f9549f48bd054710b0bfcef881d78f0c7a39,3821444,3,7642888,data/datasets/tissue_box_front_orbbec_full99/images/train/tissue_FDR_004.jpg,True,False,Keep one is not automatically safe; verify dataset/model provenance.
51,c0e197952576117ae8662863ee31f9549f48bd054710b0bfcef881d78f0c7a39,3821444,3,7642888,data/datasets/tissue_box_front_orbbec_pilot/images/train/tissue_FDR_004.jpg,True,False,Keep one is not automatically safe; verify dataset/model provenance.
51,c0e197952576117ae8662863ee31f9549f48bd054710b0bfcef881d78f0c7a39,3821444,3,7642888,data/tissue_box_front_only_pose/images/train/tissue_FDR_004.jpg,True,False,Keep one is not automatically safe; verify dataset/model provenance.
52,d6cd60fc0b2951b54d980db9fb7984935283b905c34c5e1cc42ec93346a23e85,3802142,3,7604284,data/datasets/tissue_box_front_orbbec_full99/images/train/tissue_FTR_001.jpg,True,False,Keep one is not automatically safe; verify dataset/model provenance.
52,d6cd60fc0b2951b54d980db9fb7984935283b905c34c5e1cc42ec93346a23e85,3802142,3,7604284,data/datasets/tissue_box_front_orbbec_pilot/images/train/tissue_FTR_001.jpg,True,False,Keep one is not automatically safe; verify dataset/model provenance.
52,d6cd60fc0b2951b54d980db9fb7984935283b905c34c5e1cc42ec93346a23e85,3802142,3,7604284,data/tissue_box_front_only_pose/images/train/tissue_FTR_001.jpg,True,False,Keep one is not automatically safe; verify dataset/model provenance.
53,251726a3999d488e8a91b4dfaadcfa247be7196e1c8d0d6274f6193ad3841299,3782150,3,7564300,data/datasets/tissue_box_front_orbbec_full99/images/legacy_test/tissue_FTL_005.jpg,True,False,Keep one is not automatically safe; verify dataset/model provenance.
53,251726a3999d488e8a91b4dfaadcfa247be7196e1c8d0d6274f6193ad3841299,3782150,3,7564300,data/datasets/tissue_box_front_orbbec_pilot/images/test/tissue_FTL_005.jpg,True,False,Keep one is not automatically safe; verify dataset/model provenance.
53,251726a3999d488e8a91b4dfaadcfa247be7196e1c8d0d6274f6193ad3841299,3782150,3,7564300,data/tissue_box_front_only_pose/images/val/tissue_FTL_005.jpg,True,False,Keep one is not automatically safe; verify dataset/model provenance.
55,28d2b192ffa9dc54e1699b071f4df43ffc503738ae981ce4200360faa5d55062,3482313,3,6964626,data/datasets/tissue_box_front_orbbec_full99/images/train/tissue_FTR_004.jpg,True,False,Keep one is not automatically safe; verify dataset/model provenance.
55,28d2b192ffa9dc54e1699b071f4df43ffc503738ae981ce4200360faa5d55062,3482313,3,6964626,data/datasets/tissue_box_front_orbbec_pilot/images/train/tissue_FTR_004.jpg,True,False,Keep one is not automatically safe; verify dataset/model provenance.
55,28d2b192ffa9dc54e1699b071f4df43ffc503738ae981ce4200360faa5d55062,3482313,3,6964626,data/tissue_box_front_only_pose/images/train/tissue_FTR_004.jpg,True,False,Keep one is not automatically safe; verify dataset/model provenance.
56,2d1726d49ec0979730cc3f1e0345e446c343de43f8f4e042a7424487436879ea,3440748,3,6881496,data/datasets/tissue_box_front_orbbec_full99/images/train/tissue_FTL_002.jpg,True,False,Keep one is not automatically safe; verify dataset/model provenance.
56,2d1726d49ec0979730cc3f1e0345e446c343de43f8f4e042a7424487436879ea,3440748,3,6881496,data/datasets/tissue_box_front_orbbec_pilot/images/train/tissue_FTL_002.jpg,True,False,Keep one is not automatically safe; verify dataset/model provenance.
56,2d1726d49ec0979730cc3f1e0345e446c343de43f8f4e042a7424487436879ea,3440748,3,6881496,data/tissue_box_front_only_pose/images/train/tissue_FTL_002.jpg,True,False,Keep one is not automatically safe; verify dataset/model provenance.
57,aeb5952fc42ac3afffca83408958ed7b8adfc3374275be5947a4d9d58a76c328,2996069,3,5992138,data/datasets/tissue_box_front_orbbec_full99/images/legacy_test/tissue_FTR_005.jpg,True,False,Keep one is not automatically safe; verify dataset/model provenance.
57,aeb5952fc42ac3afffca83408958ed7b8adfc3374275be5947a4d9d58a76c328,2996069,3,5992138,data/datasets/tissue_box_front_orbbec_pilot/images/test/tissue_FTR_005.jpg,True,False,Keep one is not automatically safe; verify dataset/model provenance.
57,aeb5952fc42ac3afffca83408958ed7b8adfc3374275be5947a4d9d58a76c328,2996069,3,5992138,data/tissue_box_front_only_pose/images/val/tissue_FTR_005.jpg,True,False,Keep one is not automatically safe; verify dataset/model provenance.
58,f9dc16951f5ca264f7e9ef0f1f76aa79d7492d274648aca785e2822ada7ae030,2932963,3,5865926,data/datasets/tissue_box_front_orbbec_full99/images/train/tissue_FTL_001.jpg,True,False,Keep one is not automatically safe; verify dataset/model provenance.
58,f9dc16951f5ca264f7e9ef0f1f76aa79d7492d274648aca785e2822ada7ae030,2932963,3,5865926,data/datasets/tissue_box_front_orbbec_pilot/images/train/tissue_FTL_001.jpg,True,False,Keep one is not automatically safe; verify dataset/model provenance.
58,f9dc16951f5ca264f7e9ef0f1f76aa79d7492d274648aca785e2822ada7ae030,2932963,3,5865926,data/tissue_box_front_only_pose/images/train/tissue_FTL_001.jpg,True,False,Keep one is not automatically safe; verify dataset/model provenance.
64,6886160b22eb1366937e30e990d7363c3b443c623f4648bcfbda6d6b1fcc89ec,2866223,3,5732446,data/datasets/tissue_box_front_orbbec_full99/images/train/tissue_FTL_003.jpg,True,False,Keep one is not automatically safe; verify dataset/model provenance.
64,6886160b22eb1366937e30e990d7363c3b443c623f4648bcfbda6d6b1fcc89ec,2866223,3,5732446,data/datasets/tissue_box_front_orbbec_pilot/images/train/tissue_FTL_003.jpg,True,False,Keep one is not automatically safe; verify dataset/model provenance.
64,6886160b22eb1366937e30e990d7363c3b443c623f4648bcfbda6d6b1fcc89ec,2866223,3,5732446,data/tissue_box_front_only_pose/images/train/tissue_FTL_003.jpg,True,False,Keep one is not automatically safe; verify dataset/model provenance.
77,8a5f197187beca6d92bac78214fb155149d2b90f2f57aed602a6735402294edb,2680347,2,2680347,out/tissue_box_front_only_val_predictions/tissue_F_001.jpg,False,False,Keep one is not automatically safe; verify dataset/model provenance.
77,8a5f197187beca6d92bac78214fb155149d2b90f2f57aed602a6735402294edb,2680347,2,2680347,out/tissue_box_front_only_val_predictions_max1/tissue_F_001.jpg,False,False,Keep one is not automatically safe; verify dataset/model provenance.
104,df17423445e950a9217e2f86a08c8dc51ae5108f6bcb795decea28b3d8d623d1,2429101,2,2429101,out/tissue_box_front_only_val_predictions/tissue_FDL_004.jpg,False,False,Keep one is not automatically safe; verify dataset/model provenance.
104,df17423445e950a9217e2f86a08c8dc51ae5108f6bcb795decea28b3d8d623d1,2429101,2,2429101,out/tissue_box_front_only_val_predictions_max1/tissue_FDL_004.jpg,False,False,Keep one is not automatically safe; verify dataset/model provenance.
141,21b199d0e9290469ab3534139fea5994a7b34d2f94a294230aba46d28c6c13e9,2236412,2,2236412,out/tissue_box_front_only_val_predictions/tissue_FDR_005.jpg,False,False,Keep one is not automatically safe; verify dataset/model provenance.
141,21b199d0e9290469ab3534139fea5994a7b34d2f94a294230aba46d28c6c13e9,2236412,2,2236412,out/tissue_box_front_only_val_predictions_max1/tissue_FDR_005.jpg,False,False,Keep one is not automatically safe; verify dataset/model provenance.
150,0a8cb74b9d55f4746f78ebb57ba1317d53ef1ac1a47508a0570d86b7d2e740b5,2212493,2,2212493,out/tissue_box_front_only_val_predictions/tissue_F_005.jpg,False,False,Keep one is not automatically safe; verify dataset/model provenance.
150,0a8cb74b9d55f4746f78ebb57ba1317d53ef1ac1a47508a0570d86b7d2e740b5,2212493,2,2212493,out/tissue_box_front_only_val_predictions_max1/tissue_F_005.jpg,False,False,Keep one is not automatically safe; verify dataset/model provenance.
204,f68ce8490327f812412d690dd0709a98fe0c105def1351c3fb6139633a6c7ccd,1734112,2,1734112,out/tissue_box_front_only_val_predictions/tissue_FTR_005.jpg,False,False,Keep one is not automatically safe; verify dataset/model provenance.
204,f68ce8490327f812412d690dd0709a98fe0c105def1351c3fb6139633a6c7ccd,1734112,2,1734112,out/tissue_box_front_only_val_predictions_max1/tissue_FTR_005.jpg,False,False,Keep one is not automatically safe; verify dataset/model provenance.
235,bbdf669d3f2497d397ec48f2f7aea99341a7a6bc152bbe2ae7096240f11d5d41,1243743,2,1243743,.venv/Lib/site-packages/torch/_C/_VariableFunctions.pyi,True,False,Keep one is not automatically safe; verify dataset/model provenance.
235,bbdf669d3f2497d397ec48f2f7aea99341a7a6bc152bbe2ae7096240f11d5d41,1243743,2,1243743,.venv/Lib/site-packages/torch/_VF.pyi,True,False,Keep one is not automatically safe; verify dataset/model provenance.
316,3319c4955766550a58156d5839fb14b301bc4d8d02d416f5c623c91eaba5c3de,514256,2,514256,out/object_anchor_full99/replacement_feasibility/apriltag_intrinsic_diagnostics/20260726_151502/apriltag_frame_summary.csv,False,False,Keep one is not automatically safe; verify dataset/model provenance.
316,3319c4955766550a58156d5839fb14b301bc4d8d02d416f5c623c91eaba5c3de,514256,2,514256,out/object_anchor_full99/replacement_feasibility/apriltag_intrinsic_diagnostics/20260726_151502/frame_diagnostics.csv,False,False,Keep one is not automatically safe; verify dataset/model provenance.
323,ca3ea01a86ba1030cd04e7442861e64204a9c2606521f8f23705537308418cbc,489802,2,489802,out/object_anchor_full99/training/results.png,False,False,Keep one is not automatically safe; verify dataset/model provenance.
323,ca3ea01a86ba1030cd04e7442861e64204a9c2606521f8f23705537308418cbc,489802,2,489802,runs/object_anchor_pose/tissue_box_01_front_only_orbbec_full99/results.png,False,False,Keep one is not automatically safe; verify dataset/model provenance.
602,20f3b69c11a2e0fe8c43ab506e699544bca6a2b32a135de967e53fc24c276298,301341,2,301341,out/object_anchor_preview/20260728_112845/representative_frames/both_active_f000079.jpg,False,False,Keep one is not automatically safe; verify dataset/model provenance.
602,20f3b69c11a2e0fe8c43ab506e699544bca6a2b32a135de967e53fc24c276298,301341,2,301341,out/object_anchor_preview/20260728_112845/representative_frames/ready_f000079.jpg,False,False,Keep one is not automatically safe; verify dataset/model provenance.
667,0dfe3d81385abc1ab084dd4e99befc1e61827c41703387dca4df7de403a3a287,297455,2,297455,out/object_anchor_pilot/baseline/overlays/tissue_negative_20260724_131450_096.jpg,False,False,Keep one is not automatically safe; verify dataset/model provenance.
667,0dfe3d81385abc1ab084dd4e99befc1e61827c41703387dca4df7de403a3a287,297455,2,297455,out/object_anchor_pilot/pilot/overlays/tissue_negative_20260724_131450_096.jpg,False,False,Keep one is not automatically safe; verify dataset/model provenance.
694,5bfbf59555222ed3aaab5e5b510d40359d7bfe4f2da88e197f4ac6daf6d0cb22,295466,2,295466,out/object_anchor_preview/20260728_113229/representative_frames/both_active_f000526.jpg,False,False,Keep one is not automatically safe; verify dataset/model provenance.
694,5bfbf59555222ed3aaab5e5b510d40359d7bfe4f2da88e197f4ac6daf6d0cb22,295466,2,295466,out/object_anchor_preview/20260728_113229/representative_frames/ready_f000526.jpg,False,False,Keep one is not automatically safe; verify dataset/model provenance.
773,93c0395074ba255e40c7f3f01f245a90fa28eb95c14c43c1ea0922bb1dd4497e,289459,3,578918,out/object_anchor_full99/offline_comparison/baseline/overlays/tissue_negative_20260724_131450_090.jpg,False,False,Keep one is not automatically safe; verify dataset/model provenance.
773,93c0395074ba255e40c7f3f01f245a90fa28eb95c14c43c1ea0922bb1dd4497e,289459,3,578918,out/object_anchor_full99/offline_comparison/full99/overlays/tissue_negative_20260724_131450_090.jpg,False,False,Keep one is not automatically safe; verify dataset/model provenance.
773,93c0395074ba255e40c7f3f01f245a90fa28eb95c14c43c1ea0922bb1dd4497e,289459,3,578918,out/object_anchor_full99/offline_comparison/pilot/overlays/tissue_negative_20260724_131450_090.jpg,False,False,Keep one is not automatically safe; verify dataset/model provenance.
808,99cb5e59f86d81314ea5f3af55d9d41e010ac18d7e7f9bfa6256386361015e72,287851,2,287851,out/object_anchor_full99/offline_comparison/full99/overlays/tissue_negative_20260724_131450_089.jpg,False,False,Keep one is not automatically safe; verify dataset/model provenance.
808,99cb5e59f86d81314ea5f3af55d9d41e010ac18d7e7f9bfa6256386361015e72,287851,2,287851,out/object_anchor_full99/offline_comparison/pilot/overlays/tissue_negative_20260724_131450_089.jpg,False,False,Keep one is not automatically safe; verify dataset/model provenance.
839,bb65ecd323078f3369dd1d8a190a05359ebebb3ab1145f4a39303d83559d0fbd,285711,2,285711,out/object_anchor_preview/20260728_120922/representative_frames/both_active_f000254.jpg,False,False,Keep one is not automatically safe; verify dataset/model provenance.
839,bb65ecd323078f3369dd1d8a190a05359ebebb3ab1145f4a39303d83559d0fbd,285711,2,285711,out/object_anchor_preview/20260728_120922/representative_frames/ready_f000254.jpg,False,False,Keep one is not automatically safe; verify dataset/model provenance.
887,79f7482207dff70bc878ca162d15d2e09e3fcf920f848a2d9f81f01ba079681e,283277,2,283277,out/object_anchor_full99/offline_comparison/full99/overlays/tissue_negative_20260724_131450_088.jpg,False,False,Keep one is not automatically safe; verify dataset/model provenance.
887,79f7482207dff70bc878ca162d15d2e09e3fcf920f848a2d9f81f01ba079681e,283277,2,283277,out/object_anchor_full99/offline_comparison/pilot/overlays/tissue_negative_20260724_131450_088.jpg,False,False,Keep one is not automatically safe; verify dataset/model provenance.
911,8a2820cb41e8acf83a311c5cb67d21a6b280a92530dc1bf22924d61fc895b81e,282635,3,565270,out/object_anchor_full99/offline_comparison/baseline/overlays/tissue_negative_20260724_131450_081.jpg,False,False,Keep one is not automatically safe; verify dataset/model provenance.
911,8a2820cb41e8acf83a311c5cb67d21a6b280a92530dc1bf22924d61fc895b81e,282635,3,565270,out/object_anchor_full99/offline_comparison/full99/overlays/tissue_negative_20260724_131450_081.jpg,False,False,Keep one is not automatically safe; verify dataset/model provenance.
911,8a2820cb41e8acf83a311c5cb67d21a6b280a92530dc1bf22924d61fc895b81e,282635,3,565270,out/object_anchor_full99/offline_comparison/pilot/overlays/tissue_negative_20260724_131450_081.jpg,False,False,Keep one is not automatically safe; verify dataset/model provenance.
915,8f64f8abd93afa3a1db57e00fef430ba88c5f5e4644a514ae96a1765cb75c716,282522,2,282522,out/object_anchor_full99/default_orbbec_integration/20260726_151831/representative_overlays/default_runtime_f108_failure_overlay.jpg,False,False,Keep one is not automatically safe; verify dataset/model provenance.
915,8f64f8abd93afa3a1db57e00fef430ba88c5f5e4644a514ae96a1765cb75c716,282522,2,282522,out/object_anchor_world/20260726_151928/failures/20260726_151954_001_f000108_pnp_failure_overlay.jpg,False,False,Keep one is not automatically safe; verify dataset/model provenance.
1021,0ac3028445a58d69d249a0725d17349edcc839c312a8866e281ffe39ac176e9f,279507,2,279507,data/datasets/tissue_box_front_orbbec_full99/images/train/tissue_negative_20260724_131450_095.jpg,True,False,Keep one is not automatically safe; verify dataset/model provenance.
1021,0ac3028445a58d69d249a0725d17349edcc839c312a8866e281ffe39ac176e9f,279507,2,279507,data/object_anchor_capture/negative/images/tissue_negative_20260724_131450_095.jpg,True,False,Keep one is not automatically safe; verify dataset/model provenance.
1059,2ee0c3874955cc4f2dfeb741fb3b6876f001bae44d35249e29967ec3bd65000b,278351,3,556702,out/object_anchor_full99/offline_comparison/baseline/overlays/tissue_negative_20260724_131450_082.jpg,False,False,Keep one is not automatically safe; verify dataset/model provenance.
1059,2ee0c3874955cc4f2dfeb741fb3b6876f001bae44d35249e29967ec3bd65000b,278351,3,556702,out/object_anchor_full99/offline_comparison/full99/overlays/tissue_negative_20260724_131450_082.jpg,False,False,Keep one is not automatically safe; verify dataset/model provenance.
1059,2ee0c3874955cc4f2dfeb741fb3b6876f001bae44d35249e29967ec3bd65000b,278351,3,556702,out/object_anchor_full99/offline_comparison/pilot/overlays/tissue_negative_20260724_131450_082.jpg,False,False,Keep one is not automatically safe; verify dataset/model provenance.
1070,b0a9b46fa159156ad90493b7eca8cd484fc4735f84925ed862aa95f78bb81409,278022,2,278022,data/datasets/tissue_box_front_orbbec_full99/images/train/tissue_negative_20260724_131450_097.jpg,True,False,Keep one is not automatically safe; verify dataset/model provenance.
1070,b0a9b46fa159156ad90493b7eca8cd484fc4735f84925ed862aa95f78bb81409,278022,2,278022,data/object_anchor_capture/negative/images/tissue_negative_20260724_131450_097.jpg,True,False,Keep one is not automatically safe; verify dataset/model provenance.
1075,b49189ee3347112d3e841f9006ab85ea5c5775df217d0cf629ce9886fd53588d,277934,3,555868,data/datasets/tissue_box_front_orbbec_full99/images/train/tissue_negative_20260724_131450_096.jpg,True,False,Keep one is not automatically safe; verify dataset/model provenance.
1075,b49189ee3347112d3e841f9006ab85ea5c5775df217d0cf629ce9886fd53588d,277934,3,555868,data/datasets/tissue_box_front_orbbec_pilot/images/val/tissue_negative_20260724_131450_096.jpg,True,False,Keep one is not automatically safe; verify dataset/model provenance.
1075,b49189ee3347112d3e841f9006ab85ea5c5775df217d0cf629ce9886fd53588d,277934,3,555868,data/object_anchor_capture/negative/images/tissue_negative_20260724_131450_096.jpg,True,False,Keep one is not automatically safe; verify dataset/model provenance.
1116,c4b2578c36f259bb70431ecd44232aac989726fd6df07cdaf110ccf0d8ff3df7,276887,2,276887,data/datasets/tissue_box_front_orbbec_full99/images/train/tissue_negative_20260724_131450_098.jpg,True,False,Keep one is not automatically safe; verify dataset/model provenance.
1116,c4b2578c36f259bb70431ecd44232aac989726fd6df07cdaf110ccf0d8ff3df7,276887,2,276887,data/object_anchor_capture/negative/images/tissue_negative_20260724_131450_098.jpg,True,False,Keep one is not automatically safe; verify dataset/model provenance.
1124,1b3316d9bad4e2400a83d98d4521ccdf5e0cad19810c020fb917555b6300f998,276800,3,553600,out/object_anchor_full99/offline_comparison/baseline/overlays/tissue_negative_20260724_131450_083.jpg,False,False,Keep one is not automatically safe; verify dataset/model provenance.
1124,1b3316d9bad4e2400a83d98d4521ccdf5e0cad19810c020fb917555b6300f998,276800,3,553600,out/object_anchor_full99/offline_comparison/full99/overlays/tissue_negative_20260724_131450_083.jpg,False,False,Keep one is not automatically safe; verify dataset/model provenance.
1124,1b3316d9bad4e2400a83d98d4521ccdf5e0cad19810c020fb917555b6300f998,276800,3,553600,out/object_anchor_full99/offline_comparison/pilot/overlays/tissue_negative_20260724_131450_083.jpg,False,False,Keep one is not automatically safe; verify dataset/model provenance.
1134,3d549f2cec7ae1214950bfeef9dbc5e32ab67dbcb3873fe48e667b5e19ec3848,276492,2,276492,data/datasets/tissue_box_front_orbbec_full99/images/train/tissue_negative_20260724_131450_099.jpg,True,False,Keep one is not automatically safe; verify dataset/model provenance.
1134,3d549f2cec7ae1214950bfeef9dbc5e32ab67dbcb3873fe48e667b5e19ec3848,276492,2,276492,data/object_anchor_capture/negative/images/tissue_negative_20260724_131450_099.jpg,True,False,Keep one is not automatically safe; verify dataset/model provenance.
1135,e994cb72381fa13c95f944289ad42dbaa5a97c2c7196139492e47c2dfd2471a9,276481,3,552962,data/cvat_exports/tissue_box_front_positive_v3_dataset/images/tissue_positive_20260724_131652_068.jpg,True,False,Keep one is not automatically safe; verify dataset/model provenance.
1135,e994cb72381fa13c95f944289ad42dbaa5a97c2c7196139492e47c2dfd2471a9,276481,3,552962,data/datasets/tissue_box_front_orbbec_full99/images/train/tissue_positive_20260724_131652_068.jpg,True,False,Keep one is not automatically safe; verify dataset/model provenance.
1135,e994cb72381fa13c95f944289ad42dbaa5a97c2c7196139492e47c2dfd2471a9,276481,3,552962,data/datasets/tissue_box_front_orbbec_valid99_source/images/all/tissue_positive_20260724_131652_068.jpg,True,False,Keep one is not automatically safe; verify dataset/model provenance.
1142,ad4bb5ca84663ab729432f734ab6b25a8c490111ae3d199c512691f5f2777a96,276196,2,276196,out/object_anchor_pilot/baseline/overlays/tissue_negative_20260724_131450_031.jpg,False,False,Keep one is not automatically safe; verify dataset/model provenance.
1142,ad4bb5ca84663ab729432f734ab6b25a8c490111ae3d199c512691f5f2777a96,276196,2,276196,out/object_anchor_pilot/pilot/overlays/tissue_negative_20260724_131450_031.jpg,False,False,Keep one is not automatically safe; verify dataset/model provenance.
1154,6ea3fda6648e8e357535dcb52b03e09346bc58393be47bfea9d802a7d14b63f3,275761,2,275761,data/datasets/tissue_box_front_orbbec_full99/images/train/tissue_negative_20260724_131450_094.jpg,True,False,Keep one is not automatically safe; verify dataset/model provenance.
1154,6ea3fda6648e8e357535dcb52b03e09346bc58393be47bfea9d802a7d14b63f3,275761,2,275761,data/object_anchor_capture/negative/images/tissue_negative_20260724_131450_094.jpg,True,False,Keep one is not automatically safe; verify dataset/model provenance.
1168,e4730eabffd236d9a80e76a874a859df0d52cb1adeed844b65984e62ad763958,275457,2,275457,data/datasets/tissue_box_front_orbbec_full99/images/train/tissue_negative_20260724_131450_093.jpg,True,False,Keep one is not automatically safe; verify dataset/model provenance.
1168,e4730eabffd236d9a80e76a874a859df0d52cb1adeed844b65984e62ad763958,275457,2,275457,data/object_anchor_capture/negative/images/tissue_negative_20260724_131450_093.jpg,True,False,Keep one is not automatically safe; verify dataset/model provenance.
1177,163c45ccd5447e2cf0818ea7770c3355c814b1af22a34a2034fe9d7ee2df088b,275195,3,550390,out/object_anchor_full99/offline_comparison/baseline/overlays/tissue_negative_20260724_131450_084.jpg,False,False,Keep one is not automatically safe; verify dataset/model provenance.
1177,163c45ccd5447e2cf0818ea7770c3355c814b1af22a34a2034fe9d7ee2df088b,275195,3,550390,out/object_anchor_full99/offline_comparison/full99/overlays/tissue_negative_20260724_131450_084.jpg,False,False,Keep one is not automatically safe; verify dataset/model provenance.
1177,163c45ccd5447e2cf0818ea7770c3355c814b1af22a34a2034fe9d7ee2df088b,275195,3,550390,out/object_anchor_full99/offline_comparison/pilot/overlays/tissue_negative_20260724_131450_084.jpg,False,False,Keep one is not automatically safe; verify dataset/model provenance.
1179,536122dc3654b6ac08c61f626771d45ec4895738ed6a62060333dae0a7248adb,275144,2,275144,out/object_anchor_full99/offline_comparison/full99/overlays/tissue_negative_20260724_131450_030.jpg,False,False,Keep one is not automatically safe; verify dataset/model provenance.
1179,536122dc3654b6ac08c61f626771d45ec4895738ed6a62060333dae0a7248adb,275144,2,275144,out/object_anchor_full99/offline_comparison/pilot/overlays/tissue_negative_20260724_131450_030.jpg,False,False,Keep one is not automatically safe; verify dataset/model provenance.
1183,0b942b5d3d8a2b6740ecf75cce5e4dd5f76ffddde43b6ccd91556859586864d9,275026,3,550052,out/object_anchor_full99/offline_comparison/baseline/overlays/tissue_negative_20260724_131450_087.jpg,False,False,Keep one is not automatically safe; verify dataset/model provenance.
1183,0b942b5d3d8a2b6740ecf75cce5e4dd5f76ffddde43b6ccd91556859586864d9,275026,3,550052,out/object_anchor_full99/offline_comparison/full99/overlays/tissue_negative_20260724_131450_087.jpg,False,False,Keep one is not automatically safe; verify dataset/model provenance.
1183,0b942b5d3d8a2b6740ecf75cce5e4dd5f76ffddde43b6ccd91556859586864d9,275026,3,550052,out/object_anchor_full99/offline_comparison/pilot/overlays/tissue_negative_20260724_131450_087.jpg,False,False,Keep one is not automatically safe; verify dataset/model provenance.
1215,655fa920feb3461328e6cf4a626b130d14f1c7d68ecbe2f901d698ce1d83b60e,274283,2,274283,out/object_anchor_full99/offline_comparison/full99/overlays/tissue_negative_20260724_131450_029.jpg,False,False,Keep one is not automatically safe; verify dataset/model provenance.
1215,655fa920feb3461328e6cf4a626b130d14f1c7d68ecbe2f901d698ce1d83b60e,274283,2,274283,out/object_anchor_full99/offline_comparison/pilot/overlays/tissue_negative_20260724_131450_029.jpg,False,False,Keep one is not automatically safe; verify dataset/model provenance.
1229,fee6f7c274309a67061eaa9dc5af6f9ad76ed44f1898f18394fdd77d7b1fefd6,274023,2,274023,out/object_anchor_full99/offline_comparison/full99/overlays/tissue_negative_20260724_131450_025.jpg,False,False,Keep one is not automatically safe; verify dataset/model provenance.
1229,fee6f7c274309a67061eaa9dc5af6f9ad76ed44f1898f18394fdd77d7b1fefd6,274023,2,274023,out/object_anchor_full99/offline_comparison/pilot/overlays/tissue_negative_20260724_131450_025.jpg,False,False,Keep one is not automatically safe; verify dataset/model provenance.
1239,785f2d73b9bff6a250745546a43753ce6200f1396599d671519aa7f76925338d,273766,3,547532,out/object_anchor_full99/offline_comparison/baseline/overlays/tissue_negative_20260724_131450_021.jpg,False,False,Keep one is not automatically safe; verify dataset/model provenance.
1239,785f2d73b9bff6a250745546a43753ce6200f1396599d671519aa7f76925338d,273766,3,547532,out/object_anchor_full99/offline_comparison/full99/overlays/tissue_negative_20260724_131450_021.jpg,False,False,Keep one is not automatically safe; verify dataset/model provenance.
1239,785f2d73b9bff6a250745546a43753ce6200f1396599d671519aa7f76925338d,273766,3,547532,out/object_anchor_full99/offline_comparison/pilot/overlays/tissue_negative_20260724_131450_021.jpg,False,False,Keep one is not automatically safe; verify dataset/model provenance.
1241,fe5110a7ce83ef3d44faa636fcac8833bcf21e3b6f5a1ecaf258d6e86661fd55,273663,3,547326,data/cvat_exports/tissue_box_front_positive_v3_dataset/images/tissue_positive_20260724_131652_070.jpg,True,False,Keep one is not automatically safe; verify dataset/model provenance.
1241,fe5110a7ce83ef3d44faa636fcac8833bcf21e3b6f5a1ecaf258d6e86661fd55,273663,3,547326,data/datasets/tissue_box_front_orbbec_full99/images/train/tissue_positive_20260724_131652_070.jpg,True,False,Keep one is not automatically safe; verify dataset/model provenance.
1241,fe5110a7ce83ef3d44faa636fcac8833bcf21e3b6f5a1ecaf258d6e86661fd55,273663,3,547326,data/datasets/tissue_box_front_orbbec_valid99_source/images/all/tissue_positive_20260724_131652_070.jpg,True,False,Keep one is not automatically safe; verify dataset/model provenance.
1242,963bca7914d273ff43b262a99bdc740e55662efc4d580878e1f4a42c69987db0,273658,2,273658,data/datasets/tissue_box_front_orbbec_full99/images/train/tissue_negative_20260724_131450_100.jpg,True,False,Keep one is not automatically safe; verify dataset/model provenance.
1242,963bca7914d273ff43b262a99bdc740e55662efc4d580878e1f4a42c69987db0,273658,2,273658,data/object_anchor_capture/negative/images/tissue_negative_20260724_131450_100.jpg,True,False,Keep one is not automatically safe; verify dataset/model provenance.
1243,72568184e416c039e874e18c4053db0c78ce0c983359c3f5c55fcc6f1710fb5a,273604,3,547208,out/object_anchor_full99/offline_comparison/baseline/overlays/tissue_negative_20260724_131450_024.jpg,False,False,Keep one is not automatically safe; verify dataset/model provenance.
1243,72568184e416c039e874e18c4053db0c78ce0c983359c3f5c55fcc6f1710fb5a,273604,3,547208,out/object_anchor_full99/offline_comparison/full99/overlays/tissue_negative_20260724_131450_024.jpg,False,False,Keep one is not automatically safe; verify dataset/model provenance.
1243,72568184e416c039e874e18c4053db0c78ce0c983359c3f5c55fcc6f1710fb5a,273604,3,547208,out/object_anchor_full99/offline_comparison/pilot/overlays/tissue_negative_20260724_131450_024.jpg,False,False,Keep one is not automatically safe; verify dataset/model provenance.
1247,b27d800ccc8f8d44d894f7ee6545126bbee5d451dcd7f852b0a532943ba5c452,273483,3,546966,out/object_anchor_full99/offline_comparison/baseline/overlays/tissue_negative_20260724_131450_022.jpg,False,False,Keep one is not automatically safe; verify dataset/model provenance.
1247,b27d800ccc8f8d44d894f7ee6545126bbee5d451dcd7f852b0a532943ba5c452,273483,3,546966,out/object_anchor_full99/offline_comparison/full99/overlays/tissue_negative_20260724_131450_022.jpg,False,False,Keep one is not automatically safe; verify dataset/model provenance.
1247,b27d800ccc8f8d44d894f7ee6545126bbee5d451dcd7f852b0a532943ba5c452,273483,3,546966,out/object_anchor_full99/offline_comparison/pilot/overlays/tissue_negative_20260724_131450_022.jpg,False,False,Keep one is not automatically safe; verify dataset/model provenance.
1251,a516d1286ecdb93ed4a57e5b4e91bab27ef0914b6c87e5e5c99a1489e8a33ae4,273390,3,546780,out/object_anchor_full99/offline_comparison/baseline/overlays/tissue_negative_20260724_131450_023.jpg,False,False,Keep one is not automatically safe; verify dataset/model provenance.
1251,a516d1286ecdb93ed4a57e5b4e91bab27ef0914b6c87e5e5c99a1489e8a33ae4,273390,3,546780,out/object_anchor_full99/offline_comparison/full99/overlays/tissue_negative_20260724_131450_023.jpg,False,False,Keep one is not automatically safe; verify dataset/model provenance.
1251,a516d1286ecdb93ed4a57e5b4e91bab27ef0914b6c87e5e5c99a1489e8a33ae4,273390,3,546780,out/object_anchor_full99/offline_comparison/pilot/overlays/tissue_negative_20260724_131450_023.jpg,False,False,Keep one is not automatically safe; verify dataset/model provenance.
1255,9572094c2f2f819a62e0a5787e20340de9f762f725182389c2352a8ba0cc6947,273224,3,546448,out/object_anchor_full99/offline_comparison/baseline/overlays/tissue_negative_20260724_131450_086.jpg,False,False,Keep one is not automatically safe; verify dataset/model provenance.
1255,9572094c2f2f819a62e0a5787e20340de9f762f725182389c2352a8ba0cc6947,273224,3,546448,out/object_anchor_full99/offline_comparison/full99/overlays/tissue_negative_20260724_131450_086.jpg,False,False,Keep one is not automatically safe; verify dataset/model provenance.
1255,9572094c2f2f819a62e0a5787e20340de9f762f725182389c2352a8ba0cc6947,273224,3,546448,out/object_anchor_full99/offline_comparison/pilot/overlays/tissue_negative_20260724_131450_086.jpg,False,False,Keep one is not automatically safe; verify dataset/model provenance.
1256,953f7da08be118ab3341cb6c3e3007d94d7364a6b05df4b4b827cd303e2d85bb,273155,3,546310,data/cvat_exports/tissue_box_front_positive_v3_dataset/images/tissue_positive_20260724_131652_075.jpg,True,False,Keep one is not automatically safe; verify dataset/model provenance.
1256,953f7da08be118ab3341cb6c3e3007d94d7364a6b05df4b4b827cd303e2d85bb,273155,3,546310,data/datasets/tissue_box_front_orbbec_full99/images/train/tissue_positive_20260724_131652_075.jpg,True,False,Keep one is not automatically safe; verify dataset/model provenance.
1256,953f7da08be118ab3341cb6c3e3007d94d7364a6b05df4b4b827cd303e2d85bb,273155,3,546310,data/datasets/tissue_box_front_orbbec_valid99_source/images/all/tissue_positive_20260724_131652_075.jpg,True,False,Keep one is not automatically safe; verify dataset/model provenance.
1258,3fe395a7aadae2428fe2e596ba2e199453ff5286a3c5feb53d6464fbf57648c0,273074,4,819222,data/cvat_exports/tissue_box_front_positive_v2_dataset/images/tissue_positive_20260724_131652_076.jpg,True,False,Keep one is not automatically safe; verify dataset/model provenance.
1258,3fe395a7aadae2428fe2e596ba2e199453ff5286a3c5feb53d6464fbf57648c0,273074,4,819222,data/datasets/tissue_box_front_orbbec_full99/images/train/tissue_positive_20260724_131652_076.jpg,True,False,Keep one is not automatically safe; verify dataset/model provenance.
1258,3fe395a7aadae2428fe2e596ba2e199453ff5286a3c5feb53d6464fbf57648c0,273074,4,819222,data/datasets/tissue_box_front_orbbec_pilot/images/train/tissue_positive_20260724_131652_076.jpg,True,False,Keep one is not automatically safe; verify dataset/model provenance.
1258,3fe395a7aadae2428fe2e596ba2e199453ff5286a3c5feb53d6464fbf57648c0,273074,4,819222,data/datasets/tissue_box_front_orbbec_valid99_source/images/all/tissue_positive_20260724_131652_076.jpg,True,False,Keep one is not automatically safe; verify dataset/model provenance.
1261,c640768cd6a332b6c81ccfaa62e450f41eb3721880320b487c534826eb380e4f,272970,3,545940,out/object_anchor_full99/offline_comparison/baseline/overlays/tissue_negative_20260724_131450_026.jpg,False,False,Keep one is not automatically safe; verify dataset/model provenance.
1261,c640768cd6a332b6c81ccfaa62e450f41eb3721880320b487c534826eb380e4f,272970,3,545940,out/object_anchor_full99/offline_comparison/full99/overlays/tissue_negative_20260724_131450_026.jpg,False,False,Keep one is not automatically safe; verify dataset/model provenance.
1261,c640768cd6a332b6c81ccfaa62e450f41eb3721880320b487c534826eb380e4f,272970,3,545940,out/object_anchor_full99/offline_comparison/pilot/overlays/tissue_negative_20260724_131450_026.jpg,False,False,Keep one is not automatically safe; verify dataset/model provenance.
1263,184d4546a05114e73156bc38eaf61463ef3297458a7fc4b2b4029c7cc4233d90,272942,3,545884,data/cvat_exports/tissue_box_front_positive_v3_dataset/images/tissue_positive_20260724_131652_063.jpg,True,False,Keep one is not automatically safe; verify dataset/model provenance.
1263,184d4546a05114e73156bc38eaf61463ef3297458a7fc4b2b4029c7cc4233d90,272942,3,545884,data/datasets/tissue_box_front_orbbec_full99/images/train/tissue_positive_20260724_131652_063.jpg,True,False,Keep one is not automatically safe; verify dataset/model provenance.
1263,184d4546a05114e73156bc38eaf61463ef3297458a7fc4b2b4029c7cc4233d90,272942,3,545884,data/datasets/tissue_box_front_orbbec_valid99_source/images/all/tissue_positive_20260724_131652_063.jpg,True,False,Keep one is not automatically safe; verify dataset/model provenance.
1276,2e9a2fe770204122c1968fd244e263a02078db1cce6caaee3183a642adba5430,272630,4,817890,data/cvat_exports/tissue_box_front_positive_v2_dataset/images/tissue_positive_20260724_131652_071.jpg,True,False,Keep one is not automatically safe; verify dataset/model provenance.
1276,2e9a2fe770204122c1968fd244e263a02078db1cce6caaee3183a642adba5430,272630,4,817890,data/datasets/tissue_box_front_orbbec_full99/images/train/tissue_positive_20260724_131652_071.jpg,True,False,Keep one is not automatically safe; verify dataset/model provenance.
1276,2e9a2fe770204122c1968fd244e263a02078db1cce6caaee3183a642adba5430,272630,4,817890,data/datasets/tissue_box_front_orbbec_pilot/images/train/tissue_positive_20260724_131652_071.jpg,True,False,Keep one is not automatically safe; verify dataset/model provenance.
1276,2e9a2fe770204122c1968fd244e263a02078db1cce6caaee3183a642adba5430,272630,4,817890,data/datasets/tissue_box_front_orbbec_valid99_source/images/all/tissue_positive_20260724_131652_071.jpg,True,False,Keep one is not automatically safe; verify dataset/model provenance.
1282,153f8091b6d35cf8ad4d87c34e0f7c3d5f5ab5587c53b0b06cbb841888965a35,272530,2,272530,out/object_anchor_pilot/baseline/overlays/tissue_negative_20260724_131450_001.jpg,False,False,Keep one is not automatically safe; verify dataset/model provenance.
1282,153f8091b6d35cf8ad4d87c34e0f7c3d5f5ab5587c53b0b06cbb841888965a35,272530,2,272530,out/object_anchor_pilot/pilot/overlays/tissue_negative_20260724_131450_001.jpg,False,False,Keep one is not automatically safe; verify dataset/model provenance.
1306,5fc7c47cebbe8bc14d63c0e29276368bd99567f8939c8b2f8a6ac3883033db65,272073,3,544146,out/object_anchor_full99/offline_comparison/baseline/overlays/tissue_negative_20260724_131450_027.jpg,False,False,Keep one is not automatically safe; verify dataset/model provenance.
1306,5fc7c47cebbe8bc14d63c0e29276368bd99567f8939c8b2f8a6ac3883033db65,272073,3,544146,out/object_anchor_full99/offline_comparison/full99/overlays/tissue_negative_20260724_131450_027.jpg,False,False,Keep one is not automatically safe; verify dataset/model provenance.
1306,5fc7c47cebbe8bc14d63c0e29276368bd99567f8939c8b2f8a6ac3883033db65,272073,3,544146,out/object_anchor_full99/offline_comparison/pilot/overlays/tissue_negative_20260724_131450_027.jpg,False,False,Keep one is not automatically safe; verify dataset/model provenance.
1313,07bb89846dbee8ea85120a84d08db6888a84e37ac35f928569b274afd84632e5,271761,3,543522,out/object_anchor_full99/offline_comparison/baseline/overlays/tissue_negative_20260724_131450_085.jpg,False,False,Keep one is not automatically safe; verify dataset/model provenance.
1313,07bb89846dbee8ea85120a84d08db6888a84e37ac35f928569b274afd84632e5,271761,3,543522,out/object_anchor_full99/offline_comparison/full99/overlays/tissue_negative_20260724_131450_085.jpg,False,False,Keep one is not automatically safe; verify dataset/model provenance.
1313,07bb89846dbee8ea85120a84d08db6888a84e37ac35f928569b274afd84632e5,271761,3,543522,out/object_anchor_full99/offline_comparison/pilot/overlays/tissue_negative_20260724_131450_085.jpg,False,False,Keep one is not automatically safe; verify dataset/model provenance.
1315,340892bef9a5a86311cd2e924b1f3c7a7502b6f51eb98588b4a473fa07bdf6b5,271671,3,543342,data/cvat_exports/tissue_box_front_positive_v3_dataset/images/tissue_positive_20260724_131652_064.jpg,True,False,Keep one is not automatically safe; verify dataset/model provenance.
1315,340892bef9a5a86311cd2e924b1f3c7a7502b6f51eb98588b4a473fa07bdf6b5,271671,3,543342,data/datasets/tissue_box_front_orbbec_full99/images/train/tissue_positive_20260724_131652_064.jpg,True,False,Keep one is not automatically safe; verify dataset/model provenance.
1315,340892bef9a5a86311cd2e924b1f3c7a7502b6f51eb98588b4a473fa07bdf6b5,271671,3,543342,data/datasets/tissue_box_front_orbbec_valid99_source/images/all/tissue_positive_20260724_131652_064.jpg,True,False,Keep one is not automatically safe; verify dataset/model provenance.
1332,9f24a0cccd4a9b65a32500fa886ae11a6e4c2094c0ecb2680f345b97e1a0b0b7,271183,2,271183,data/datasets/tissue_box_front_orbbec_full99/images/train/tissue_negative_20260724_131450_092.jpg,True,False,Keep one is not automatically safe; verify dataset/model provenance.
1332,9f24a0cccd4a9b65a32500fa886ae11a6e4c2094c0ecb2680f345b97e1a0b0b7,271183,2,271183,data/object_anchor_capture/negative/images/tissue_negative_20260724_131450_092.jpg,True,False,Keep one is not automatically safe; verify dataset/model provenance.
1335,9ab9366e380941f1073b3b5ba934870640387b9cd4f09efca101c671cc036179,271113,3,542226,data/cvat_exports/tissue_box_front_positive_v3_dataset/images/tissue_positive_20260724_131652_062.jpg,True,False,Keep one is not automatically safe; verify dataset/model provenance.
1335,9ab9366e380941f1073b3b5ba934870640387b9cd4f09efca101c671cc036179,271113,3,542226,data/datasets/tissue_box_front_orbbec_full99/images/train/tissue_positive_20260724_131652_062.jpg,True,False,Keep one is not automatically safe; verify dataset/model provenance.
1335,9ab9366e380941f1073b3b5ba934870640387b9cd4f09efca101c671cc036179,271113,3,542226,data/datasets/tissue_box_front_orbbec_valid99_source/images/all/tissue_positive_20260724_131652_062.jpg,True,False,Keep one is not automatically safe; verify dataset/model provenance.
1345,4f23d1b549729774e9ed5403e63cf4034dd1425048f6b5c51acaede72bfa704a,270864,3,541728,data/cvat_exports/tissue_box_front_positive_v3_dataset/images/tissue_positive_20260724_131652_073.jpg,True,False,Keep one is not automatically safe; verify dataset/model provenance.
1345,4f23d1b549729774e9ed5403e63cf4034dd1425048f6b5c51acaede72bfa704a,270864,3,541728,data/datasets/tissue_box_front_orbbec_full99/images/train/tissue_positive_20260724_131652_073.jpg,True,False,Keep one is not automatically safe; verify dataset/model provenance.
1345,4f23d1b549729774e9ed5403e63cf4034dd1425048f6b5c51acaede72bfa704a,270864,3,541728,data/datasets/tissue_box_front_orbbec_valid99_source/images/all/tissue_positive_20260724_131652_073.jpg,True,False,Keep one is not automatically safe; verify dataset/model provenance.
1350,32001a82d8baad891ac26d3eb7d5e06d233e2786b2ef1c7966e2920b3648e914,270756,3,541512,data/cvat_exports/tissue_box_front_positive_v3_dataset/images/tissue_positive_20260724_131652_069.jpg,True,False,Keep one is not automatically safe; verify dataset/model provenance.
1350,32001a82d8baad891ac26d3eb7d5e06d233e2786b2ef1c7966e2920b3648e914,270756,3,541512,data/datasets/tissue_box_front_orbbec_full99/images/train/tissue_positive_20260724_131652_069.jpg,True,False,Keep one is not automatically safe; verify dataset/model provenance.
1350,32001a82d8baad891ac26d3eb7d5e06d233e2786b2ef1c7966e2920b3648e914,270756,3,541512,data/datasets/tissue_box_front_orbbec_valid99_source/images/all/tissue_positive_20260724_131652_069.jpg,True,False,Keep one is not automatically safe; verify dataset/model provenance.
1364,a3da57e2e619e765eb463745301a6fc57d7de08e2e7c416ed925450da9ad6dc6,270340,3,540680,data/cvat_exports/tissue_box_front_positive_v3_dataset/images/tissue_positive_20260724_131652_072.jpg,True,False,Keep one is not automatically safe; verify dataset/model provenance.
1364,a3da57e2e619e765eb463745301a6fc57d7de08e2e7c416ed925450da9ad6dc6,270340,3,540680,data/datasets/tissue_box_front_orbbec_full99/images/train/tissue_positive_20260724_131652_072.jpg,True,False,Keep one is not automatically safe; verify dataset/model provenance.
1364,a3da57e2e619e765eb463745301a6fc57d7de08e2e7c416ed925450da9ad6dc6,270340,3,540680,data/datasets/tissue_box_front_orbbec_valid99_source/images/all/tissue_positive_20260724_131652_072.jpg,True,False,Keep one is not automatically safe; verify dataset/model provenance.
1372,99dbdde8d62115c1ff6d990271a01b4511a6428f881ca4bc9212a17b6773e235,270089,3,540178,out/object_anchor_full99/offline_comparison/baseline/overlays/tissue_negative_20260724_131450_028.jpg,False,False,Keep one is not automatically safe; verify dataset/model provenance.
1372,99dbdde8d62115c1ff6d990271a01b4511a6428f881ca4bc9212a17b6773e235,270089,3,540178,out/object_anchor_full99/offline_comparison/full99/overlays/tissue_negative_20260724_131450_028.jpg,False,False,Keep one is not automatically safe; verify dataset/model provenance.
1372,99dbdde8d62115c1ff6d990271a01b4511a6428f881ca4bc9212a17b6773e235,270089,3,540178,out/object_anchor_full99/offline_comparison/pilot/overlays/tissue_negative_20260724_131450_028.jpg,False,False,Keep one is not automatically safe; verify dataset/model provenance.
1382,a917753c0e9d4c42d0afea5cebbedd33b694d960ff2c037e107bfb6aeb2404c2,269844,2,269844,data/datasets/tissue_box_front_orbbec_full99/images/val/tissue_negative_20260724_131450_090.jpg,True,False,Keep one is not automatically safe; verify dataset/model provenance.
1382,a917753c0e9d4c42d0afea5cebbedd33b694d960ff2c037e107bfb6aeb2404c2,269844,2,269844,data/object_anchor_capture/negative/images/tissue_negative_20260724_131450_090.jpg,True,False,Keep one is not automatically safe; verify dataset/model provenance.
1393,31e429fd864766a84d23d705e43e8426a43f3e16445c83a36b7c43c7efcfa01c,269708,3,539416,data/cvat_exports/tissue_box_front_positive_v3_dataset/images/tissue_positive_20260724_131652_074.jpg,True,False,Keep one is not automatically safe; verify dataset/model provenance.
1393,31e429fd864766a84d23d705e43e8426a43f3e16445c83a36b7c43c7efcfa01c,269708,3,539416,data/datasets/tissue_box_front_orbbec_full99/images/train/tissue_positive_20260724_131652_074.jpg,True,False,Keep one is not automatically safe; verify dataset/model provenance.
1393,31e429fd864766a84d23d705e43e8426a43f3e16445c83a36b7c43c7efcfa01c,269708,3,539416,data/datasets/tissue_box_front_orbbec_valid99_source/images/all/tissue_positive_20260724_131652_074.jpg,True,False,Keep one is not automatically safe; verify dataset/model provenance.
1407,42c434d42febe234f7b89a9d5bb6377dfc2ab5f02e932fc0897fb714f8139706,269224,3,538448,data/datasets/tissue_box_front_orbbec_full99/images/train/tissue_negative_20260724_131450_091.jpg,True,False,Keep one is not automatically safe; verify dataset/model provenance.
1407,42c434d42febe234f7b89a9d5bb6377dfc2ab5f02e932fc0897fb714f8139706,269224,3,538448,data/datasets/tissue_box_front_orbbec_pilot/images/train/tissue_negative_20260724_131450_091.jpg,True,False,Keep one is not automatically safe; verify dataset/model provenance.
1407,42c434d42febe234f7b89a9d5bb6377dfc2ab5f02e932fc0897fb714f8139706,269224,3,538448,data/object_anchor_capture/negative/images/tissue_negative_20260724_131450_091.jpg,True,False,Keep one is not automatically safe; verify dataset/model provenance.
1412,91ab8e84232a0c21522b40da78ad1c8920e888e1b1fe0d961a1ac1a3a25ba8c7,269074,3,538148,data/cvat_exports/tissue_box_front_positive_v3_dataset/images/tissue_positive_20260724_131652_094.jpg,True,False,Keep one is not automatically safe; verify dataset/model provenance.
1412,91ab8e84232a0c21522b40da78ad1c8920e888e1b1fe0d961a1ac1a3a25ba8c7,269074,3,538148,data/datasets/tissue_box_front_orbbec_full99/images/train/tissue_positive_20260724_131652_094.jpg,True,False,Keep one is not automatically safe; verify dataset/model provenance.
1412,91ab8e84232a0c21522b40da78ad1c8920e888e1b1fe0d961a1ac1a3a25ba8c7,269074,3,538148,data/datasets/tissue_box_front_orbbec_valid99_source/images/all/tissue_positive_20260724_131652_094.jpg,True,False,Keep one is not automatically safe; verify dataset/model provenance.
1420,fb7d3096591cc1964d744f9ff30def924384852900f06c372f29ee39a21375b6,268724,3,537448,data/cvat_exports/tissue_box_front_positive_v3_dataset/images/tissue_positive_20260724_131652_097.jpg,True,False,Keep one is not automatically safe; verify dataset/model provenance.
1420,fb7d3096591cc1964d744f9ff30def924384852900f06c372f29ee39a21375b6,268724,3,537448,data/datasets/tissue_box_front_orbbec_full99/images/train/tissue_positive_20260724_131652_097.jpg,True,False,Keep one is not automatically safe; verify dataset/model provenance.
1420,fb7d3096591cc1964d744f9ff30def924384852900f06c372f29ee39a21375b6,268724,3,537448,data/datasets/tissue_box_front_orbbec_valid99_source/images/all/tissue_positive_20260724_131652_097.jpg,True,False,Keep one is not automatically safe; verify dataset/model provenance.
1423,9d08a5da2337ae5fecc67ec833b479dc759be44b666e0dc0653abd89efa0ea52,268640,4,805920,data/cvat_exports/tissue_box_front_positive_v2_dataset/images/tissue_positive_20260724_131652_061.jpg,True,False,Keep one is not automatically safe; verify dataset/model provenance.
1423,9d08a5da2337ae5fecc67ec833b479dc759be44b666e0dc0653abd89efa0ea52,268640,4,805920,data/datasets/tissue_box_front_orbbec_full99/images/train/tissue_positive_20260724_131652_061.jpg,True,False,Keep one is not automatically safe; verify dataset/model provenance.
1423,9d08a5da2337ae5fecc67ec833b479dc759be44b666e0dc0653abd89efa0ea52,268640,4,805920,data/datasets/tissue_box_front_orbbec_pilot/images/train/tissue_positive_20260724_131652_061.jpg,True,False,Keep one is not automatically safe; verify dataset/model provenance.
1423,9d08a5da2337ae5fecc67ec833b479dc759be44b666e0dc0653abd89efa0ea52,268640,4,805920,data/datasets/tissue_box_front_orbbec_valid99_source/images/all/tissue_positive_20260724_131652_061.jpg,True,False,Keep one is not automatically safe; verify dataset/model provenance.
1424,57b3f886231c733f1dddde07463561adce8547fff44b9325b3265dbd95a8bd64,268622,2,268622,data/cvat_exports/tissue_box_front_positive_v3_dataset/images/tissue_positive_20260724_131652_067.jpg,True,False,Keep one is not automatically safe; verify dataset/model provenance.
1424,57b3f886231c733f1dddde07463561adce8547fff44b9325b3265dbd95a8bd64,268622,2,268622,out/object_anchor_valid99/excluded/tissue_positive_20260724_131652_067.jpg,True,False,Keep one is not automatically safe; verify dataset/model provenance.
1435,46af0752de3fd8b80993e5ce75859378c8f59fb6163ab9d725dc66a16f372b20,268383,2,268383,data/datasets/tissue_box_front_orbbec_full99/images/val/tissue_negative_20260724_131450_089.jpg,True,False,Keep one is not automatically safe; verify dataset/model provenance.
1435,46af0752de3fd8b80993e5ce75859378c8f59fb6163ab9d725dc66a16f372b20,268383,2,268383,data/object_anchor_capture/negative/images/tissue_negative_20260724_131450_089.jpg,True,False,Keep one is not automatically safe; verify dataset/model provenance.
1441,b135e6e419f5199451ea5feb38f9d40d799e27aedb0587469561b97496ce4051,268123,3,536246,data/cvat_exports/tissue_box_front_positive_v3_dataset/images/tissue_positive_20260724_131652_098.jpg,True,False,Keep one is not automatically safe; verify dataset/model provenance.
1441,b135e6e419f5199451ea5feb38f9d40d799e27aedb0587469561b97496ce4051,268123,3,536246,data/datasets/tissue_box_front_orbbec_full99/images/train/tissue_positive_20260724_131652_098.jpg,True,False,Keep one is not automatically safe; verify dataset/model provenance.
1441,b135e6e419f5199451ea5feb38f9d40d799e27aedb0587469561b97496ce4051,268123,3,536246,data/datasets/tissue_box_front_orbbec_valid99_source/images/all/tissue_positive_20260724_131652_098.jpg,True,False,Keep one is not automatically safe; verify dataset/model provenance.
1447,8b6c9ac236569e09c2ce0941ffd3930d5ce47f6b0e18f69368059a3042a247bd,267988,4,803964,data/cvat_exports/tissue_box_front_positive_v2_dataset/images/tissue_positive_20260724_131652_091.jpg,True,False,Keep one is not automatically safe; verify dataset/model provenance.
1447,8b6c9ac236569e09c2ce0941ffd3930d5ce47f6b0e18f69368059a3042a247bd,267988,4,803964,data/datasets/tissue_box_front_orbbec_full99/images/train/tissue_positive_20260724_131652_091.jpg,True,False,Keep one is not automatically safe; verify dataset/model provenance.
1447,8b6c9ac236569e09c2ce0941ffd3930d5ce47f6b0e18f69368059a3042a247bd,267988,4,803964,data/datasets/tissue_box_front_orbbec_pilot/images/train/tissue_positive_20260724_131652_091.jpg,True,False,Keep one is not automatically safe; verify dataset/model provenance.
1447,8b6c9ac236569e09c2ce0941ffd3930d5ce47f6b0e18f69368059a3042a247bd,267988,4,803964,data/datasets/tissue_box_front_orbbec_valid99_source/images/all/tissue_positive_20260724_131652_091.jpg,True,False,Keep one is not automatically safe; verify dataset/model provenance.
1451,479d5b592cb81a33189ab264c94a94ba26075b2e1e1713e416d997079b5f00d7,267891,3,535782,data/cvat_exports/tissue_box_front_positive_v3_dataset/images/tissue_positive_20260724_131652_077.jpg,True,False,Keep one is not automatically safe; verify dataset/model provenance.
1451,479d5b592cb81a33189ab264c94a94ba26075b2e1e1713e416d997079b5f00d7,267891,3,535782,data/datasets/tissue_box_front_orbbec_full99/images/train/tissue_positive_20260724_131652_077.jpg,True,False,Keep one is not automatically safe; verify dataset/model provenance.
1451,479d5b592cb81a33189ab264c94a94ba26075b2e1e1713e416d997079b5f00d7,267891,3,535782,data/datasets/tissue_box_front_orbbec_valid99_source/images/all/tissue_positive_20260724_131652_077.jpg,True,False,Keep one is not automatically safe; verify dataset/model provenance.
1467,15e9ce40cee548381b2eb48c6b5f71682944df001cd77dd8d9478e9f060b5d6b,267160,3,534320,data/cvat_exports/tissue_box_front_positive_v3_dataset/images/tissue_positive_20260724_131652_090.jpg,True,False,Keep one is not automatically safe; verify dataset/model provenance.
1467,15e9ce40cee548381b2eb48c6b5f71682944df001cd77dd8d9478e9f060b5d6b,267160,3,534320,data/datasets/tissue_box_front_orbbec_full99/images/val/tissue_positive_20260724_131652_090.jpg,True,False,Keep one is not automatically safe; verify dataset/model provenance.
1467,15e9ce40cee548381b2eb48c6b5f71682944df001cd77dd8d9478e9f060b5d6b,267160,3,534320,data/datasets/tissue_box_front_orbbec_valid99_source/images/all/tissue_positive_20260724_131652_090.jpg,True,False,Keep one is not automatically safe; verify dataset/model provenance.
1475,ccba8ea18e0e8f57b85f3f64a173b6d1f69bb9bee28bad411b734bc7d69e2bae,267037,3,534074,data/cvat_exports/tissue_box_front_positive_v3_dataset/images/tissue_positive_20260724_131652_099.jpg,True,False,Keep one is not automatically safe; verify dataset/model provenance.
1475,ccba8ea18e0e8f57b85f3f64a173b6d1f69bb9bee28bad411b734bc7d69e2bae,267037,3,534074,data/datasets/tissue_box_front_orbbec_full99/images/train/tissue_positive_20260724_131652_099.jpg,True,False,Keep one is not automatically safe; verify dataset/model provenance.
1475,ccba8ea18e0e8f57b85f3f64a173b6d1f69bb9bee28bad411b734bc7d69e2bae,267037,3,534074,data/datasets/tissue_box_front_orbbec_valid99_source/images/all/tissue_positive_20260724_131652_099.jpg,True,False,Keep one is not automatically safe; verify dataset/model provenance.
1477,971ff9eda193bb99dd800b9c657cc5c83959142e95cb74461a4d2cd4ba734795,267020,3,534040,data/cvat_exports/tissue_box_front_positive_v3_dataset/images/tissue_positive_20260724_131652_089.jpg,True,False,Keep one is not automatically safe; verify dataset/model provenance.
1477,971ff9eda193bb99dd800b9c657cc5c83959142e95cb74461a4d2cd4ba734795,267020,3,534040,data/datasets/tissue_box_front_orbbec_full99/images/val/tissue_positive_20260724_131652_089.jpg,True,False,Keep one is not automatically safe; verify dataset/model provenance.
1477,971ff9eda193bb99dd800b9c657cc5c83959142e95cb74461a4d2cd4ba734795,267020,3,534040,data/datasets/tissue_box_front_orbbec_valid99_source/images/all/tissue_positive_20260724_131652_089.jpg,True,False,Keep one is not automatically safe; verify dataset/model provenance.
1485,4853e4e7e32f96b7885c561b98fc0dd9869a3e9b640e0024654f00305b4dbf6b,266754,3,533508,data/cvat_exports/tissue_box_front_positive_v3_dataset/images/tissue_positive_20260724_131652_095.jpg,True,False,Keep one is not automatically safe; verify dataset/model provenance.
1485,4853e4e7e32f96b7885c561b98fc0dd9869a3e9b640e0024654f00305b4dbf6b,266754,3,533508,data/datasets/tissue_box_front_orbbec_full99/images/train/tissue_positive_20260724_131652_095.jpg,True,False,Keep one is not automatically safe; verify dataset/model provenance.
1485,4853e4e7e32f96b7885c561b98fc0dd9869a3e9b640e0024654f00305b4dbf6b,266754,3,533508,data/datasets/tissue_box_front_orbbec_valid99_source/images/all/tissue_positive_20260724_131652_095.jpg,True,False,Keep one is not automatically safe; verify dataset/model provenance.
1501,9d9a31947c574702c6c3f60da0215c77cb72eedb836d62732e4f3303b9940b33,266267,3,532534,data/cvat_exports/tissue_box_front_positive_v3_dataset/images/tissue_positive_20260724_131652_100.jpg,True,False,Keep one is not automatically safe; verify dataset/model provenance.
1501,9d9a31947c574702c6c3f60da0215c77cb72eedb836d62732e4f3303b9940b33,266267,3,532534,data/datasets/tissue_box_front_orbbec_full99/images/train/tissue_positive_20260724_131652_100.jpg,True,False,Keep one is not automatically safe; verify dataset/model provenance.
1501,9d9a31947c574702c6c3f60da0215c77cb72eedb836d62732e4f3303b9940b33,266267,3,532534,data/datasets/tissue_box_front_orbbec_valid99_source/images/all/tissue_positive_20260724_131652_100.jpg,True,False,Keep one is not automatically safe; verify dataset/model provenance.
1503,2a66b10cf1598924fe8ea8b13e37e801533deb8813fd5af7c76a35832644b757,266140,3,532280,data/cvat_exports/tissue_box_front_positive_v3_dataset/images/tissue_positive_20260724_131652_015.jpg,True,False,Keep one is not automatically safe; verify dataset/model provenance.
1503,2a66b10cf1598924fe8ea8b13e37e801533deb8813fd5af7c76a35832644b757,266140,3,532280,data/datasets/tissue_box_front_orbbec_full99/images/train/tissue_positive_20260724_131652_015.jpg,True,False,Keep one is not automatically safe; verify dataset/model provenance.
1503,2a66b10cf1598924fe8ea8b13e37e801533deb8813fd5af7c76a35832644b757,266140,3,532280,data/datasets/tissue_box_front_orbbec_valid99_source/images/all/tissue_positive_20260724_131652_015.jpg,True,False,Keep one is not automatically safe; verify dataset/model provenance.
1504,94aad15bbc0555d0499fd8e930ef1871e650ad68e24b48bfa79120198fa9e70f,266122,3,532244,data/cvat_exports/tissue_box_front_positive_v3_dataset/images/tissue_positive_20260724_131652_024.jpg,True,False,Keep one is not automatically safe; verify dataset/model provenance.
1504,94aad15bbc0555d0499fd8e930ef1871e650ad68e24b48bfa79120198fa9e70f,266122,3,532244,data/datasets/tissue_box_front_orbbec_full99/images/val/tissue_positive_20260724_131652_024.jpg,True,False,Keep one is not automatically safe; verify dataset/model provenance.
1504,94aad15bbc0555d0499fd8e930ef1871e650ad68e24b48bfa79120198fa9e70f,266122,3,532244,data/datasets/tissue_box_front_orbbec_valid99_source/images/all/tissue_positive_20260724_131652_024.jpg,True,False,Keep one is not automatically safe; verify dataset/model provenance.
1507,696e3db4615bd1b7591a64aa09249adff07cf757b868d84845607acb3eeb0318,265990,3,531980,data/cvat_exports/tissue_box_front_positive_v3_dataset/images/tissue_positive_20260724_131652_088.jpg,True,False,Keep one is not automatically safe; verify dataset/model provenance.
1507,696e3db4615bd1b7591a64aa09249adff07cf757b868d84845607acb3eeb0318,265990,3,531980,data/datasets/tissue_box_front_orbbec_full99/images/val/tissue_positive_20260724_131652_088.jpg,True,False,Keep one is not automatically safe; verify dataset/model provenance.
1507,696e3db4615bd1b7591a64aa09249adff07cf757b868d84845607acb3eeb0318,265990,3,531980,data/datasets/tissue_box_front_orbbec_valid99_source/images/all/tissue_positive_20260724_131652_088.jpg,True,False,Keep one is not automatically safe; verify dataset/model provenance.
1508,b198b5e5bbebbae51e8ddae59ca49ddcc7725284fef13bf8abb6ce5bdd40084a,265988,2,265988,data/datasets/tissue_box_front_orbbec_full99/images/train/tissue_negative_20260724_131450_080.jpg,True,False,Keep one is not automatically safe; verify dataset/model provenance.
1508,b198b5e5bbebbae51e8ddae59ca49ddcc7725284fef13bf8abb6ce5bdd40084a,265988,2,265988,data/object_anchor_capture/negative/images/tissue_negative_20260724_131450_080.jpg,True,False,Keep one is not automatically safe; verify dataset/model provenance.
1517,8243ee9ed8e481dfea545765ee481c60e2faef09badbdc3f476fd9bcc84d2a81,265671,3,531342,data/cvat_exports/tissue_box_front_positive_v3_dataset/images/tissue_positive_20260724_131652_060.jpg,True,False,Keep one is not automatically safe; verify dataset/model provenance.
1517,8243ee9ed8e481dfea545765ee481c60e2faef09badbdc3f476fd9bcc84d2a81,265671,3,531342,data/datasets/tissue_box_front_orbbec_full99/images/train/tissue_positive_20260724_131652_060.jpg,True,False,Keep one is not automatically safe; verify dataset/model provenance.
1517,8243ee9ed8e481dfea545765ee481c60e2faef09badbdc3f476fd9bcc84d2a81,265671,3,531342,data/datasets/tissue_box_front_orbbec_valid99_source/images/all/tissue_positive_20260724_131652_060.jpg,True,False,Keep one is not automatically safe; verify dataset/model provenance.
1528,e08534c768f2ddc3b259559be897799013215dcb84adfd043d91ac2ee5cbfeb1,265420,3,530840,data/cvat_exports/tissue_box_front_positive_v3_dataset/images/tissue_positive_20260724_131652_092.jpg,True,False,Keep one is not automatically safe; verify dataset/model provenance.
1528,e08534c768f2ddc3b259559be897799013215dcb84adfd043d91ac2ee5cbfeb1,265420,3,530840,data/datasets/tissue_box_front_orbbec_full99/images/train/tissue_positive_20260724_131652_092.jpg,True,False,Keep one is not automatically safe; verify dataset/model provenance.
1528,e08534c768f2ddc3b259559be897799013215dcb84adfd043d91ac2ee5cbfeb1,265420,3,530840,data/datasets/tissue_box_front_orbbec_valid99_source/images/all/tissue_positive_20260724_131652_092.jpg,True,False,Keep one is not automatically safe; verify dataset/model provenance.
1529,5268d2245d57fde2a39d2ddb964748bc97796031acc0294f6e7ae12369038dcc,265405,3,530810,data/cvat_exports/tissue_box_front_positive_v3_dataset/images/tissue_positive_20260724_131652_014.jpg,True,False,Keep one is not automatically safe; verify dataset/model provenance.
1529,5268d2245d57fde2a39d2ddb964748bc97796031acc0294f6e7ae12369038dcc,265405,3,530810,data/datasets/tissue_box_front_orbbec_full99/images/train/tissue_positive_20260724_131652_014.jpg,True,False,Keep one is not automatically safe; verify dataset/model provenance.
1529,5268d2245d57fde2a39d2ddb964748bc97796031acc0294f6e7ae12369038dcc,265405,3,530810,data/datasets/tissue_box_front_orbbec_valid99_source/images/all/tissue_positive_20260724_131652_014.jpg,True,False,Keep one is not automatically safe; verify dataset/model provenance.
1531,8440221bbff052c4eef4119715a7c4c7a0d2592c3b360a597dd3dcd43b46602b,265360,4,796080,data/cvat_exports/tissue_box_front_positive_v2_dataset/images/tissue_positive_20260724_131652_096.jpg,True,False,Keep one is not automatically safe; verify dataset/model provenance.
1531,8440221bbff052c4eef4119715a7c4c7a0d2592c3b360a597dd3dcd43b46602b,265360,4,796080,data/datasets/tissue_box_front_orbbec_full99/images/train/tissue_positive_20260724_131652_096.jpg,True,False,Keep one is not automatically safe; verify dataset/model provenance.
1531,8440221bbff052c4eef4119715a7c4c7a0d2592c3b360a597dd3dcd43b46602b,265360,4,796080,data/datasets/tissue_box_front_orbbec_pilot/images/val/tissue_positive_20260724_131652_096.jpg,True,False,Keep one is not automatically safe; verify dataset/model provenance.
1531,8440221bbff052c4eef4119715a7c4c7a0d2592c3b360a597dd3dcd43b46602b,265360,4,796080,data/datasets/tissue_box_front_orbbec_valid99_source/images/all/tissue_positive_20260724_131652_096.jpg,True,False,Keep one is not automatically safe; verify dataset/model provenance.
1543,7f1e5c52b25ebb2e39250a58f17ea351218ad621b136620e67ae295ef3dfa07d,264910,3,529820,data/cvat_exports/tissue_box_front_positive_v3_dataset/images/tissue_positive_20260724_131652_012.jpg,True,False,Keep one is not automatically safe; verify dataset/model provenance.
1543,7f1e5c52b25ebb2e39250a58f17ea351218ad621b136620e67ae295ef3dfa07d,264910,3,529820,data/datasets/tissue_box_front_orbbec_full99/images/train/tissue_positive_20260724_131652_012.jpg,True,False,Keep one is not automatically safe; verify dataset/model provenance.
1543,7f1e5c52b25ebb2e39250a58f17ea351218ad621b136620e67ae295ef3dfa07d,264910,3,529820,data/datasets/tissue_box_front_orbbec_valid99_source/images/all/tissue_positive_20260724_131652_012.jpg,True,False,Keep one is not automatically safe; verify dataset/model provenance.
1545,8ad3de49dd1f6a2a1620f1439de3dc67f9b1cdbe48f910b401fdbda3ff768c58,264884,2,264884,data/datasets/tissue_box_front_orbbec_full99/images/train/tissue_negative_20260724_131450_079.jpg,True,False,Keep one is not automatically safe; verify dataset/model provenance.
1545,8ad3de49dd1f6a2a1620f1439de3dc67f9b1cdbe48f910b401fdbda3ff768c58,264884,2,264884,data/object_anchor_capture/negative/images/tissue_negative_20260724_131450_079.jpg,True,False,Keep one is not automatically safe; verify dataset/model provenance.
1551,2d4aadbdaed58112468cc01503140bf28b1f719f38a2cbcb7c163d30547c000e,264819,3,529638,data/cvat_exports/tissue_box_front_positive_v3_dataset/images/tissue_positive_20260724_131652_078.jpg,True,False,Keep one is not automatically safe; verify dataset/model provenance.
1551,2d4aadbdaed58112468cc01503140bf28b1f719f38a2cbcb7c163d30547c000e,264819,3,529638,data/datasets/tissue_box_front_orbbec_full99/images/train/tissue_positive_20260724_131652_078.jpg,True,False,Keep one is not automatically safe; verify dataset/model provenance.
1551,2d4aadbdaed58112468cc01503140bf28b1f719f38a2cbcb7c163d30547c000e,264819,3,529638,data/datasets/tissue_box_front_orbbec_valid99_source/images/all/tissue_positive_20260724_131652_078.jpg,True,False,Keep one is not automatically safe; verify dataset/model provenance.
1552,f503f61279e62e395e1a39cf545b2453e16d92f013182ed625d1ac6942ea4564,264812,3,529624,data/cvat_exports/tissue_box_front_positive_v3_dataset/images/tissue_positive_20260724_131652_023.jpg,True,False,Keep one is not automatically safe; verify dataset/model provenance.
1552,f503f61279e62e395e1a39cf545b2453e16d92f013182ed625d1ac6942ea4564,264812,3,529624,data/datasets/tissue_box_front_orbbec_full99/images/val/tissue_positive_20260724_131652_023.jpg,True,False,Keep one is not automatically safe; verify dataset/model provenance.
1552,f503f61279e62e395e1a39cf545b2453e16d92f013182ed625d1ac6942ea4564,264812,3,529624,data/datasets/tissue_box_front_orbbec_valid99_source/images/all/tissue_positive_20260724_131652_023.jpg,True,False,Keep one is not automatically safe; verify dataset/model provenance.
1555,1145ef9e71dc7cf239d4b8b2a77cb51159e176933b84709fb411d70494ea3342,264719,3,529438,data/cvat_exports/tissue_box_front_positive_v3_dataset/images/tissue_positive_20260724_131652_020.jpg,True,False,Keep one is not automatically safe; verify dataset/model provenance.
1555,1145ef9e71dc7cf239d4b8b2a77cb51159e176933b84709fb411d70494ea3342,264719,3,529438,data/datasets/tissue_box_front_orbbec_full99/images/train/tissue_positive_20260724_131652_020.jpg,True,False,Keep one is not automatically safe; verify dataset/model provenance.
1555,1145ef9e71dc7cf239d4b8b2a77cb51159e176933b84709fb411d70494ea3342,264719,3,529438,data/datasets/tissue_box_front_orbbec_valid99_source/images/all/tissue_positive_20260724_131652_020.jpg,True,False,Keep one is not automatically safe; verify dataset/model provenance.
1572,1e382bdcf5c1f7fa42ff584d48b1d5bacc906f3ae1bdbb1a85b7d8925a6a08f7,264202,3,528404,data/cvat_exports/tissue_box_front_positive_v3_dataset/images/tissue_positive_20260724_131652_087.jpg,True,False,Keep one is not automatically safe; verify dataset/model provenance.
1572,1e382bdcf5c1f7fa42ff584d48b1d5bacc906f3ae1bdbb1a85b7d8925a6a08f7,264202,3,528404,data/datasets/tissue_box_front_orbbec_full99/images/val/tissue_positive_20260724_131652_087.jpg,True,False,Keep one is not automatically safe; verify dataset/model provenance.
1572,1e382bdcf5c1f7fa42ff584d48b1d5bacc906f3ae1bdbb1a85b7d8925a6a08f7,264202,3,528404,data/datasets/tissue_box_front_orbbec_valid99_source/images/all/tissue_positive_20260724_131652_087.jpg,True,False,Keep one is not automatically safe; verify dataset/model provenance.
1574,b337035dd3619f04d9707c22f8bb8239d209250e55816e78e2914b05348ab843,264200,3,528400,data/cvat_exports/tissue_box_front_positive_v3_dataset/images/tissue_positive_20260724_131652_057.jpg,True,False,Keep one is not automatically safe; verify dataset/model provenance.
1574,b337035dd3619f04d9707c22f8bb8239d209250e55816e78e2914b05348ab843,264200,3,528400,data/datasets/tissue_box_front_orbbec_full99/images/train/tissue_positive_20260724_131652_057.jpg,True,False,Keep one is not automatically safe; verify dataset/model provenance.
1574,b337035dd3619f04d9707c22f8bb8239d209250e55816e78e2914b05348ab843,264200,3,528400,data/datasets/tissue_box_front_orbbec_valid99_source/images/all/tissue_positive_20260724_131652_057.jpg,True,False,Keep one is not automatically safe; verify dataset/model provenance.
1576,5f83fbd42a8da687b17b175f0a7d1d591c1a4b7d30b546120263e165b23951c6,264180,3,528360,data/cvat_exports/tissue_box_front_positive_v3_dataset/images/tissue_positive_20260724_131652_013.jpg,True,False,Keep one is not automatically safe; verify dataset/model provenance.
1576,5f83fbd42a8da687b17b175f0a7d1d591c1a4b7d30b546120263e165b23951c6,264180,3,528360,data/datasets/tissue_box_front_orbbec_full99/images/train/tissue_positive_20260724_131652_013.jpg,True,False,Keep one is not automatically safe; verify dataset/model provenance.
1576,5f83fbd42a8da687b17b175f0a7d1d591c1a4b7d30b546120263e165b23951c6,264180,3,528360,data/datasets/tissue_box_front_orbbec_valid99_source/images/all/tissue_positive_20260724_131652_013.jpg,True,False,Keep one is not automatically safe; verify dataset/model provenance.
1579,ee0dc0ed211f10e7223d0f924c99737f05edf85eed5f3102420fb686825cc767,264127,3,528254,data/cvat_exports/tissue_box_front_positive_v3_dataset/images/tissue_positive_20260724_131652_079.jpg,True,False,Keep one is not automatically safe; verify dataset/model provenance.
1579,ee0dc0ed211f10e7223d0f924c99737f05edf85eed5f3102420fb686825cc767,264127,3,528254,data/datasets/tissue_box_front_orbbec_full99/images/train/tissue_positive_20260724_131652_079.jpg,True,False,Keep one is not automatically safe; verify dataset/model provenance.
1579,ee0dc0ed211f10e7223d0f924c99737f05edf85eed5f3102420fb686825cc767,264127,3,528254,data/datasets/tissue_box_front_orbbec_valid99_source/images/all/tissue_positive_20260724_131652_079.jpg,True,False,Keep one is not automatically safe; verify dataset/model provenance.
1581,53547dbbde555361142e178a6925fc65908b416f47e1012de86f335e311c3e51,264025,3,528050,data/cvat_exports/tissue_box_front_positive_v3_dataset/images/tissue_positive_20260724_131652_065.jpg,True,False,Keep one is not automatically safe; verify dataset/model provenance.
1581,53547dbbde555361142e178a6925fc65908b416f47e1012de86f335e311c3e51,264025,3,528050,data/datasets/tissue_box_front_orbbec_full99/images/train/tissue_positive_20260724_131652_065.jpg,True,False,Keep one is not automatically safe; verify dataset/model provenance.
1581,53547dbbde555361142e178a6925fc65908b416f47e1012de86f335e311c3e51,264025,3,528050,data/datasets/tissue_box_front_orbbec_valid99_source/images/all/tissue_positive_20260724_131652_065.jpg,True,False,Keep one is not automatically safe; verify dataset/model provenance.
1590,09fb1eda03334209ec523b727020312639a73ef37b687fc27dfb85184149724a,263795,2,263795,data/datasets/tissue_box_front_orbbec_full99/images/train/tissue_negative_20260724_131450_042.jpg,True,False,Keep one is not automatically safe; verify dataset/model provenance.
1590,09fb1eda03334209ec523b727020312639a73ef37b687fc27dfb85184149724a,263795,2,263795,data/object_anchor_capture/negative/images/tissue_negative_20260724_131450_042.jpg,True,False,Keep one is not automatically safe; verify dataset/model provenance.
1592,4e3361f33da962b937413d3bf2c5000bd9e2fe42763d39ef44a3dd5f17a7249b,263656,3,527312,data/cvat_exports/tissue_box_front_positive_v3_dataset/images/tissue_positive_20260724_131652_080.jpg,True,False,Keep one is not automatically safe; verify dataset/model provenance.
1592,4e3361f33da962b937413d3bf2c5000bd9e2fe42763d39ef44a3dd5f17a7249b,263656,3,527312,data/datasets/tissue_box_front_orbbec_full99/images/train/tissue_positive_20260724_131652_080.jpg,True,False,Keep one is not automatically safe; verify dataset/model provenance.
1592,4e3361f33da962b937413d3bf2c5000bd9e2fe42763d39ef44a3dd5f17a7249b,263656,3,527312,data/datasets/tissue_box_front_orbbec_valid99_source/images/all/tissue_positive_20260724_131652_080.jpg,True,False,Keep one is not automatically safe; verify dataset/model provenance.
1594,892a5032d886510011370fbf3965f01b8d56bc9d319c551ecfa27e0676ae1eb2,263511,2,263511,data/datasets/tissue_box_front_orbbec_full99/images/val/tissue_negative_20260724_131450_088.jpg,True,False,Keep one is not automatically safe; verify dataset/model provenance.
1594,892a5032d886510011370fbf3965f01b8d56bc9d319c551ecfa27e0676ae1eb2,263511,2,263511,data/object_anchor_capture/negative/images/tissue_negative_20260724_131450_088.jpg,True,False,Keep one is not automatically safe; verify dataset/model provenance.
1600,57732e3db17c5b060aa11e4783591eeb493f862afe0d8d292c4c468d0b77f26a,263228,2,263228,data/datasets/tissue_box_front_orbbec_full99/images/train/tissue_negative_20260724_131450_043.jpg,True,False,Keep one is not automatically safe; verify dataset/model provenance.
1600,57732e3db17c5b060aa11e4783591eeb493f862afe0d8d292c4c468d0b77f26a,263228,2,263228,data/object_anchor_capture/negative/images/tissue_negative_20260724_131450_043.jpg,True,False,Keep one is not automatically safe; verify dataset/model provenance.
1601,2434f3d71674b576b6e8f09baf3f53ef006f49c2dd543efb5abc1a33ef2e7b24,263225,2,263225,data/datasets/tissue_box_front_orbbec_full99/images/train/tissue_negative_20260724_131450_058.jpg,True,False,Keep one is not automatically safe; verify dataset/model provenance.
1601,2434f3d71674b576b6e8f09baf3f53ef006f49c2dd543efb5abc1a33ef2e7b24,263225,2,263225,data/object_anchor_capture/negative/images/tissue_negative_20260724_131450_058.jpg,True,False,Keep one is not automatically safe; verify dataset/model provenance.
1604,b11f8d8e66ede5c899c8dce6dde4a018649ef39be5045bb47e2c42bf2073c81a,263182,3,526364,data/cvat_exports/tissue_box_front_positive_v3_dataset/images/tissue_positive_20260724_131652_059.jpg,True,False,Keep one is not automatically safe; verify dataset/model provenance.
1604,b11f8d8e66ede5c899c8dce6dde4a018649ef39be5045bb47e2c42bf2073c81a,263182,3,526364,data/datasets/tissue_box_front_orbbec_full99/images/train/tissue_positive_20260724_131652_059.jpg,True,False,Keep one is not automatically safe; verify dataset/model provenance.
1604,b11f8d8e66ede5c899c8dce6dde4a018649ef39be5045bb47e2c42bf2073c81a,263182,3,526364,data/datasets/tissue_box_front_orbbec_valid99_source/images/all/tissue_positive_20260724_131652_059.jpg,True,False,Keep one is not automatically safe; verify dataset/model provenance.
1605,88d76db89cef201ca3fbcc8999c9e556bac76806fcdfb435d2867fa0ec13379c,263141,4,789423,data/cvat_exports/tissue_box_front_positive_v2_dataset/images/tissue_positive_20260724_131652_026.jpg,True,False,Keep one is not automatically safe; verify dataset/model provenance.
1605,88d76db89cef201ca3fbcc8999c9e556bac76806fcdfb435d2867fa0ec13379c,263141,4,789423,data/datasets/tissue_box_front_orbbec_full99/images/val/tissue_positive_20260724_131652_026.jpg,True,False,Keep one is not automatically safe; verify dataset/model provenance.
1605,88d76db89cef201ca3fbcc8999c9e556bac76806fcdfb435d2867fa0ec13379c,263141,4,789423,data/datasets/tissue_box_front_orbbec_pilot/images/train/tissue_positive_20260724_131652_026.jpg,True,False,Keep one is not automatically safe; verify dataset/model provenance.
1605,88d76db89cef201ca3fbcc8999c9e556bac76806fcdfb435d2867fa0ec13379c,263141,4,789423,data/datasets/tissue_box_front_orbbec_valid99_source/images/all/tissue_positive_20260724_131652_026.jpg,True,False,Keep one is not automatically safe; verify dataset/model provenance.
1614,70a4dde978f2ad4759eaace3b01977ae8458d1cbb3c228a277d9c7ed91bf6e7c,262966,3,525932,data/cvat_exports/tissue_box_front_positive_v3_dataset/images/tissue_positive_20260724_131652_019.jpg,True,False,Keep one is not automatically safe; verify dataset/model provenance.
1614,70a4dde978f2ad4759eaace3b01977ae8458d1cbb3c228a277d9c7ed91bf6e7c,262966,3,525932,data/datasets/tissue_box_front_orbbec_full99/images/train/tissue_positive_20260724_131652_019.jpg,True,False,Keep one is not automatically safe; verify dataset/model provenance.
1614,70a4dde978f2ad4759eaace3b01977ae8458d1cbb3c228a277d9c7ed91bf6e7c,262966,3,525932,data/datasets/tissue_box_front_orbbec_valid99_source/images/all/tissue_positive_20260724_131652_019.jpg,True,False,Keep one is not automatically safe; verify dataset/model provenance.
1621,86708c2b2d986f01c2f0f39e944065f5b32395637dfc72a7a7305aef0e4210bb,262853,4,788559,data/cvat_exports/tissue_box_front_positive_v2_dataset/images/tissue_positive_20260724_131652_081.jpg,True,False,Keep one is not automatically safe; verify dataset/model provenance.
1621,86708c2b2d986f01c2f0f39e944065f5b32395637dfc72a7a7305aef0e4210bb,262853,4,788559,data/datasets/tissue_box_front_orbbec_full99/images/val/tissue_positive_20260724_131652_081.jpg,True,False,Keep one is not automatically safe; verify dataset/model provenance.
1621,86708c2b2d986f01c2f0f39e944065f5b32395637dfc72a7a7305aef0e4210bb,262853,4,788559,data/datasets/tissue_box_front_orbbec_pilot/images/train/tissue_positive_20260724_131652_081.jpg,True,False,Keep one is not automatically safe; verify dataset/model provenance.
1621,86708c2b2d986f01c2f0f39e944065f5b32395637dfc72a7a7305aef0e4210bb,262853,4,788559,data/datasets/tissue_box_front_orbbec_valid99_source/images/all/tissue_positive_20260724_131652_081.jpg,True,False,Keep one is not automatically safe; verify dataset/model provenance.
1623,c7f2f8fcd0e69eeffcba9dba17a6fab2f21d780a630b6c0e04619b046a592fb8,262842,3,525684,data/cvat_exports/tissue_box_front_positive_v3_dataset/images/tissue_positive_20260724_131652_084.jpg,True,False,Keep one is not automatically safe; verify dataset/model provenance.
1623,c7f2f8fcd0e69eeffcba9dba17a6fab2f21d780a630b6c0e04619b046a592fb8,262842,3,525684,data/datasets/tissue_box_front_orbbec_full99/images/val/tissue_positive_20260724_131652_084.jpg,True,False,Keep one is not automatically safe; verify dataset/model provenance.
1623,c7f2f8fcd0e69eeffcba9dba17a6fab2f21d780a630b6c0e04619b046a592fb8,262842,3,525684,data/datasets/tissue_box_front_orbbec_valid99_source/images/all/tissue_positive_20260724_131652_084.jpg,True,False,Keep one is not automatically safe; verify dataset/model provenance.
1624,5960ed4fd6e4c939f53092a54102efa6160b5068a815a7fa3e7caf7f8025c09d,262822,2,262822,data/datasets/tissue_box_front_orbbec_full99/images/train/tissue_negative_20260724_131450_060.jpg,True,False,Keep one is not automatically safe; verify dataset/model provenance.
1624,5960ed4fd6e4c939f53092a54102efa6160b5068a815a7fa3e7caf7f8025c09d,262822,2,262822,data/object_anchor_capture/negative/images/tissue_negative_20260724_131450_060.jpg,True,False,Keep one is not automatically safe; verify dataset/model provenance.
1626,59d951861972d29e92d5bdcec74fb4521a2cce4a3ba907ba9e4604392395a2cb,262720,3,525440,data/cvat_exports/tissue_box_front_positive_v3_dataset/images/tissue_positive_20260724_131652_022.jpg,True,False,Keep one is not automatically safe; verify dataset/model provenance.
1626,59d951861972d29e92d5bdcec74fb4521a2cce4a3ba907ba9e4604392395a2cb,262720,3,525440,data/datasets/tissue_box_front_orbbec_full99/images/val/tissue_positive_20260724_131652_022.jpg,True,False,Keep one is not automatically safe; verify dataset/model provenance.
1626,59d951861972d29e92d5bdcec74fb4521a2cce4a3ba907ba9e4604392395a2cb,262720,3,525440,data/datasets/tissue_box_front_orbbec_valid99_source/images/all/tissue_positive_20260724_131652_022.jpg,True,False,Keep one is not automatically safe; verify dataset/model provenance.
1627,af9e325ef9ef8005473892d456c6f30da9e96816b33b184ab57bc6ef07215916,262663,3,525326,data/datasets/tissue_box_front_orbbec_full99/images/val/tissue_negative_20260724_131450_081.jpg,True,False,Keep one is not automatically safe; verify dataset/model provenance.
1627,af9e325ef9ef8005473892d456c6f30da9e96816b33b184ab57bc6ef07215916,262663,3,525326,data/datasets/tissue_box_front_orbbec_pilot/images/train/tissue_negative_20260724_131450_081.jpg,True,False,Keep one is not automatically safe; verify dataset/model provenance.
1627,af9e325ef9ef8005473892d456c6f30da9e96816b33b184ab57bc6ef07215916,262663,3,525326,data/object_anchor_capture/negative/images/tissue_negative_20260724_131450_081.jpg,True,False,Keep one is not automatically safe; verify dataset/model provenance.
1628,5ffc592515a419a032a89743be5bd9dddec962514096593b9009d6ecb6a3c6bf,262654,4,787962,data/cvat_exports/tissue_box_front_positive_v2_dataset/images/tissue_positive_20260724_131652_086.jpg,True,False,Keep one is not automatically safe; verify dataset/model provenance.
1628,5ffc592515a419a032a89743be5bd9dddec962514096593b9009d6ecb6a3c6bf,262654,4,787962,data/datasets/tissue_box_front_orbbec_full99/images/val/tissue_positive_20260724_131652_086.jpg,True,False,Keep one is not automatically safe; verify dataset/model provenance.
1628,5ffc592515a419a032a89743be5bd9dddec962514096593b9009d6ecb6a3c6bf,262654,4,787962,data/datasets/tissue_box_front_orbbec_pilot/images/train/tissue_positive_20260724_131652_086.jpg,True,False,Keep one is not automatically safe; verify dataset/model provenance.
1628,5ffc592515a419a032a89743be5bd9dddec962514096593b9009d6ecb6a3c6bf,262654,4,787962,data/datasets/tissue_box_front_orbbec_valid99_source/images/all/tissue_positive_20260724_131652_086.jpg,True,False,Keep one is not automatically safe; verify dataset/model provenance.
1633,cc7f8a0c882eedae7155bdc746b7963c4b79d9194b61533197c6fc0c2045bb0b,262511,2,262511,data/datasets/tissue_box_front_orbbec_full99/images/train/tissue_negative_20260724_131450_062.jpg,True,False,Keep one is not automatically safe; verify dataset/model provenance.
1633,cc7f8a0c882eedae7155bdc746b7963c4b79d9194b61533197c6fc0c2045bb0b,262511,2,262511,data/object_anchor_capture/negative/images/tissue_negative_20260724_131450_062.jpg,True,False,Keep one is not automatically safe; verify dataset/model provenance.
1635,e4380b3bdc139dffcce2350ebab86b3cb2b19bf28f59c17a12b6ae3b07842387,262481,3,524962,data/cvat_exports/tissue_box_front_positive_v3_dataset/images/tissue_positive_20260724_131652_025.jpg,True,False,Keep one is not automatically safe; verify dataset/model provenance.
1635,e4380b3bdc139dffcce2350ebab86b3cb2b19bf28f59c17a12b6ae3b07842387,262481,3,524962,data/datasets/tissue_box_front_orbbec_full99/images/val/tissue_positive_20260724_131652_025.jpg,True,False,Keep one is not automatically safe; verify dataset/model provenance.
1635,e4380b3bdc139dffcce2350ebab86b3cb2b19bf28f59c17a12b6ae3b07842387,262481,3,524962,data/datasets/tissue_box_front_orbbec_valid99_source/images/all/tissue_positive_20260724_131652_025.jpg,True,False,Keep one is not automatically safe; verify dataset/model provenance.
1636,3a4d44fd56189a7cfe461e62c9bfd8df16cf709227e9dde20d0028f7ba5b72ba,262475,2,262475,data/datasets/tissue_box_front_orbbec_full99/images/train/tissue_negative_20260724_131450_069.jpg,True,False,Keep one is not automatically safe; verify dataset/model provenance.
1636,3a4d44fd56189a7cfe461e62c9bfd8df16cf709227e9dde20d0028f7ba5b72ba,262475,2,262475,data/object_anchor_capture/negative/images/tissue_negative_20260724_131450_069.jpg,True,False,Keep one is not automatically safe; verify dataset/model provenance.
1640,330ad92fc7b4cce4c12509740e896e2c59b81f45f0e658ea6627be19e984bf74,262405,3,524810,data/cvat_exports/tissue_box_front_positive_v3_dataset/images/tissue_positive_20260724_131652_082.jpg,True,False,Keep one is not automatically safe; verify dataset/model provenance.
1640,330ad92fc7b4cce4c12509740e896e2c59b81f45f0e658ea6627be19e984bf74,262405,3,524810,data/datasets/tissue_box_front_orbbec_full99/images/val/tissue_positive_20260724_131652_082.jpg,True,False,Keep one is not automatically safe; verify dataset/model provenance.
1640,330ad92fc7b4cce4c12509740e896e2c59b81f45f0e658ea6627be19e984bf74,262405,3,524810,data/datasets/tissue_box_front_orbbec_valid99_source/images/all/tissue_positive_20260724_131652_082.jpg,True,False,Keep one is not automatically safe; verify dataset/model provenance.
1641,7fbe392f2366b607271733ff87ba638729d1e97a0e5d6763a10c8b7d628796f8,262356,2,262356,data/datasets/tissue_box_front_orbbec_full99/images/train/tissue_negative_20260724_131450_070.jpg,True,False,Keep one is not automatically safe; verify dataset/model provenance.
1641,7fbe392f2366b607271733ff87ba638729d1e97a0e5d6763a10c8b7d628796f8,262356,2,262356,data/object_anchor_capture/negative/images/tissue_negative_20260724_131450_070.jpg,True,False,Keep one is not automatically safe; verify dataset/model provenance.
1645,e1b2aaea925697bac0123c62a664e8dfbd581aa90a0db08724f55d56c353af80,262299,3,524598,data/datasets/tissue_box_front_orbbec_full99/images/train/tissue_negative_20260724_131450_071.jpg,True,False,Keep one is not automatically safe; verify dataset/model provenance.
1645,e1b2aaea925697bac0123c62a664e8dfbd581aa90a0db08724f55d56c353af80,262299,3,524598,data/datasets/tissue_box_front_orbbec_pilot/images/train/tissue_negative_20260724_131450_071.jpg,True,False,Keep one is not automatically safe; verify dataset/model provenance.
1645,e1b2aaea925697bac0123c62a664e8dfbd581aa90a0db08724f55d56c353af80,262299,3,524598,data/object_anchor_capture/negative/images/tissue_negative_20260724_131450_071.jpg,True,False,Keep one is not automatically safe; verify dataset/model provenance.
1647,b83fed60baabd53726882ab2e88b0225556f292ba9ee4b3454b87407a383cdbd,262283,3,524566,data/cvat_exports/tissue_box_front_positive_v3_dataset/images/tissue_positive_20260724_131652_058.jpg,True,False,Keep one is not automatically safe; verify dataset/model provenance.
1647,b83fed60baabd53726882ab2e88b0225556f292ba9ee4b3454b87407a383cdbd,262283,3,524566,data/datasets/tissue_box_front_orbbec_full99/images/train/tissue_positive_20260724_131652_058.jpg,True,False,Keep one is not automatically safe; verify dataset/model provenance.
1647,b83fed60baabd53726882ab2e88b0225556f292ba9ee4b3454b87407a383cdbd,262283,3,524566,data/datasets/tissue_box_front_orbbec_valid99_source/images/all/tissue_positive_20260724_131652_058.jpg,True,False,Keep one is not automatically safe; verify dataset/model provenance.
1649,9d1f268ef37575626f38a2ed0daa11fd09b991390a58a44975b85e26b38591dd,262250,3,524500,data/cvat_exports/tissue_box_front_positive_v3_dataset/images/tissue_positive_20260724_131652_027.jpg,True,False,Keep one is not automatically safe; verify dataset/model provenance.
1649,9d1f268ef37575626f38a2ed0daa11fd09b991390a58a44975b85e26b38591dd,262250,3,524500,data/datasets/tissue_box_front_orbbec_full99/images/val/tissue_positive_20260724_131652_027.jpg,True,False,Keep one is not automatically safe; verify dataset/model provenance.
1649,9d1f268ef37575626f38a2ed0daa11fd09b991390a58a44975b85e26b38591dd,262250,3,524500,data/datasets/tissue_box_front_orbbec_valid99_source/images/all/tissue_positive_20260724_131652_027.jpg,True,False,Keep one is not automatically safe; verify dataset/model provenance.
1654,694038f323b82fcc4f376de2f417e4fe87a1d4161e52e4803a2900ecd3648e34,262178,3,524356,data/cvat_exports/tissue_box_front_positive_v3_dataset/images/tissue_positive_20260724_131652_085.jpg,True,False,Keep one is not automatically safe; verify dataset/model provenance.
1654,694038f323b82fcc4f376de2f417e4fe87a1d4161e52e4803a2900ecd3648e34,262178,3,524356,data/datasets/tissue_box_front_orbbec_full99/images/val/tissue_positive_20260724_131652_085.jpg,True,False,Keep one is not automatically safe; verify dataset/model provenance.
1654,694038f323b82fcc4f376de2f417e4fe87a1d4161e52e4803a2900ecd3648e34,262178,3,524356,data/datasets/tissue_box_front_orbbec_valid99_source/images/all/tissue_positive_20260724_131652_085.jpg,True,False,Keep one is not automatically safe; verify dataset/model provenance.
1658,2974c5da4938ab622bc8237585394379659d232301d369582ff0e21b95c7dcb5,262003,4,786009,data/cvat_exports/tissue_box_front_positive_v2_dataset/images/tissue_positive_20260724_131652_066.jpg,True,False,Keep one is not automatically safe; verify dataset/model provenance.
1658,2974c5da4938ab622bc8237585394379659d232301d369582ff0e21b95c7dcb5,262003,4,786009,data/datasets/tissue_box_front_orbbec_full99/images/train/tissue_positive_20260724_131652_066.jpg,True,False,Keep one is not automatically safe; verify dataset/model provenance.
1658,2974c5da4938ab622bc8237585394379659d232301d369582ff0e21b95c7dcb5,262003,4,786009,data/datasets/tissue_box_front_orbbec_pilot/images/val/tissue_positive_20260724_131652_066.jpg,True,False,Keep one is not automatically safe; verify dataset/model provenance.
1658,2974c5da4938ab622bc8237585394379659d232301d369582ff0e21b95c7dcb5,262003,4,786009,data/datasets/tissue_box_front_orbbec_valid99_source/images/all/tissue_positive_20260724_131652_066.jpg,True,False,Keep one is not automatically safe; verify dataset/model provenance.
1663,a22523979e29d0367e650f084956683dd35b1ddcd09a4f5eecd337d608da4e74,261859,3,523718,data/cvat_exports/tissue_box_front_positive_v3_dataset/images/tissue_positive_20260724_131652_083.jpg,True,False,Keep one is not automatically safe; verify dataset/model provenance.
1663,a22523979e29d0367e650f084956683dd35b1ddcd09a4f5eecd337d608da4e74,261859,3,523718,data/datasets/tissue_box_front_orbbec_full99/images/val/tissue_positive_20260724_131652_083.jpg,True,False,Keep one is not automatically safe; verify dataset/model provenance.
1663,a22523979e29d0367e650f084956683dd35b1ddcd09a4f5eecd337d608da4e74,261859,3,523718,data/datasets/tissue_box_front_orbbec_valid99_source/images/all/tissue_positive_20260724_131652_083.jpg,True,False,Keep one is not automatically safe; verify dataset/model provenance.
1668,a36d0821ba89c51f6fbe79926722dde6b7d867e15c57da3cb3073230da7a7d24,261753,4,785259,data/cvat_exports/tissue_box_front_positive_v2_dataset/images/tissue_positive_20260724_131652_021.jpg,True,False,Keep one is not automatically safe; verify dataset/model provenance.
1668,a36d0821ba89c51f6fbe79926722dde6b7d867e15c57da3cb3073230da7a7d24,261753,4,785259,data/datasets/tissue_box_front_orbbec_full99/images/val/tissue_positive_20260724_131652_021.jpg,True,False,Keep one is not automatically safe; verify dataset/model provenance.
1668,a36d0821ba89c51f6fbe79926722dde6b7d867e15c57da3cb3073230da7a7d24,261753,4,785259,data/datasets/tissue_box_front_orbbec_pilot/images/train/tissue_positive_20260724_131652_021.jpg,True,False,Keep one is not automatically safe; verify dataset/model provenance.
1668,a36d0821ba89c51f6fbe79926722dde6b7d867e15c57da3cb3073230da7a7d24,261753,4,785259,data/datasets/tissue_box_front_orbbec_valid99_source/images/all/tissue_positive_20260724_131652_021.jpg,True,False,Keep one is not automatically safe; verify dataset/model provenance.
1696,0a9f525b0741418792c2a19075289dfaa0b3e18a54da761989264d2a67ec89b9,261150,3,522300,data/datasets/tissue_box_front_orbbec_full99/images/train/tissue_negative_20260724_131450_046.jpg,True,False,Keep one is not automatically safe; verify dataset/model provenance.
1696,0a9f525b0741418792c2a19075289dfaa0b3e18a54da761989264d2a67ec89b9,261150,3,522300,data/datasets/tissue_box_front_orbbec_pilot/images/train/tissue_negative_20260724_131450_046.jpg,True,False,Keep one is not automatically safe; verify dataset/model provenance.
1696,0a9f525b0741418792c2a19075289dfaa0b3e18a54da761989264d2a67ec89b9,261150,3,522300,data/object_anchor_capture/negative/images/tissue_negative_20260724_131450_046.jpg,True,False,Keep one is not automatically safe; verify dataset/model provenance.
1704,f8478980c879e91e8c326e00bc4cbcf35c367e072930b76ff95e0d245314ca84,260917,2,260917,data/datasets/tissue_box_front_orbbec_full99/images/train/tissue_negative_20260724_131450_059.jpg,True,False,Keep one is not automatically safe; verify dataset/model provenance.
1704,f8478980c879e91e8c326e00bc4cbcf35c367e072930b76ff95e0d245314ca84,260917,2,260917,data/object_anchor_capture/negative/images/tissue_negative_20260724_131450_059.jpg,True,False,Keep one is not automatically safe; verify dataset/model provenance.
1708,6e7c55730b69c8d1bbca437ea8ae663b861ef77c382a18aac82d514a4b6da1ae,260751,4,782253,data/cvat_exports/tissue_box_front_positive_v2_dataset/images/tissue_positive_20260724_131652_011.jpg,True,False,Keep one is not automatically safe; verify dataset/model provenance.
1708,6e7c55730b69c8d1bbca437ea8ae663b861ef77c382a18aac82d514a4b6da1ae,260751,4,782253,data/datasets/tissue_box_front_orbbec_full99/images/train/tissue_positive_20260724_131652_011.jpg,True,False,Keep one is not automatically safe; verify dataset/model provenance.
1708,6e7c55730b69c8d1bbca437ea8ae663b861ef77c382a18aac82d514a4b6da1ae,260751,4,782253,data/datasets/tissue_box_front_orbbec_pilot/images/train/tissue_positive_20260724_131652_011.jpg,True,False,Keep one is not automatically safe; verify dataset/model provenance.
1708,6e7c55730b69c8d1bbca437ea8ae663b861ef77c382a18aac82d514a4b6da1ae,260751,4,782253,data/datasets/tissue_box_front_orbbec_valid99_source/images/all/tissue_positive_20260724_131652_011.jpg,True,False,Keep one is not automatically safe; verify dataset/model provenance.
1710,d46c8473f9c101f9e1437ad1b54e14c0d29464c31a160abc22d3fb3af314cf0f,260732,3,521464,data/datasets/tissue_box_front_orbbec_full99/images/train/tissue_negative_20260724_131450_061.jpg,True,False,Keep one is not automatically safe; verify dataset/model provenance.
1710,d46c8473f9c101f9e1437ad1b54e14c0d29464c31a160abc22d3fb3af314cf0f,260732,3,521464,data/datasets/tissue_box_front_orbbec_pilot/images/train/tissue_negative_20260724_131450_061.jpg,True,False,Keep one is not automatically safe; verify dataset/model provenance.
1710,d46c8473f9c101f9e1437ad1b54e14c0d29464c31a160abc22d3fb3af314cf0f,260732,3,521464,data/object_anchor_capture/negative/images/tissue_negative_20260724_131450_061.jpg,True,False,Keep one is not automatically safe; verify dataset/model provenance.
1712,1c2c6dae799eb31810e6d952ec6c6f1ea953d98ffa37ce4c94c8a55aa432b913,260699,3,521398,data/cvat_exports/tissue_box_front_positive_v3_dataset/images/tissue_positive_20260724_131652_054.jpg,True,False,Keep one is not automatically safe; verify dataset/model provenance.
1712,1c2c6dae799eb31810e6d952ec6c6f1ea953d98ffa37ce4c94c8a55aa432b913,260699,3,521398,data/datasets/tissue_box_front_orbbec_full99/images/train/tissue_positive_20260724_131652_054.jpg,True,False,Keep one is not automatically safe; verify dataset/model provenance.
1712,1c2c6dae799eb31810e6d952ec6c6f1ea953d98ffa37ce4c94c8a55aa432b913,260699,3,521398,data/datasets/tissue_box_front_orbbec_valid99_source/images/all/tissue_positive_20260724_131652_054.jpg,True,False,Keep one is not automatically safe; verify dataset/model provenance.
1725,222befdbe883974c20595869f2e2758d78da78b57f3cdfd237a403ca9dcafd65,260506,2,260506,data/datasets/tissue_box_front_orbbec_full99/images/train/tissue_negative_20260724_131450_050.jpg,True,False,Keep one is not automatically safe; verify dataset/model provenance.
1725,222befdbe883974c20595869f2e2758d78da78b57f3cdfd237a403ca9dcafd65,260506,2,260506,data/object_anchor_capture/negative/images/tissue_negative_20260724_131450_050.jpg,True,False,Keep one is not automatically safe; verify dataset/model provenance.
1726,9497f86f461f0f47a3281399b07c591ab215f2d24a1d155fa96c7a6d7d004ec5,260490,2,260490,data/datasets/tissue_box_front_orbbec_full99/images/train/tissue_negative_20260724_131450_052.jpg,True,False,Keep one is not automatically safe; verify dataset/model provenance.
1726,9497f86f461f0f47a3281399b07c591ab215f2d24a1d155fa96c7a6d7d004ec5,260490,2,260490,data/object_anchor_capture/negative/images/tissue_negative_20260724_131450_052.jpg,True,False,Keep one is not automatically safe; verify dataset/model provenance.
1728,067aa12619a881f419616da9e2dc917b93a0dde8dd4cfd18dd42cb38f4cb7646,260433,2,260433,data/datasets/tissue_box_front_orbbec_full99/images/train/tissue_negative_20260724_131450_072.jpg,True,False,Keep one is not automatically safe; verify dataset/model provenance.
1728,067aa12619a881f419616da9e2dc917b93a0dde8dd4cfd18dd42cb38f4cb7646,260433,2,260433,data/object_anchor_capture/negative/images/tissue_negative_20260724_131450_072.jpg,True,False,Keep one is not automatically safe; verify dataset/model provenance.
1739,b595e35a5b68ccda0f12b5fbb0f90c46177492a058f52001ad67609f21cf801b,260172,3,520344,data/cvat_exports/tissue_box_front_positive_v3_dataset/images/tissue_positive_20260724_131652_053.jpg,True,False,Keep one is not automatically safe; verify dataset/model provenance.
1739,b595e35a5b68ccda0f12b5fbb0f90c46177492a058f52001ad67609f21cf801b,260172,3,520344,data/datasets/tissue_box_front_orbbec_full99/images/train/tissue_positive_20260724_131652_053.jpg,True,False,Keep one is not automatically safe; verify dataset/model provenance.
1739,b595e35a5b68ccda0f12b5fbb0f90c46177492a058f52001ad67609f21cf801b,260172,3,520344,data/datasets/tissue_box_front_orbbec_valid99_source/images/all/tissue_positive_20260724_131652_053.jpg,True,False,Keep one is not automatically safe; verify dataset/model provenance.
1741,ecd2d1473e8e89af45e307ce77365f81847fe4cd201b8d8ec7215f9ef33aba05,260158,3,520316,data/datasets/tissue_box_front_orbbec_full99/images/train/tissue_negative_20260724_131450_051.jpg,True,False,Keep one is not automatically safe; verify dataset/model provenance.
1741,ecd2d1473e8e89af45e307ce77365f81847fe4cd201b8d8ec7215f9ef33aba05,260158,3,520316,data/datasets/tissue_box_front_orbbec_pilot/images/train/tissue_negative_20260724_131450_051.jpg,True,False,Keep one is not automatically safe; verify dataset/model provenance.
1741,ecd2d1473e8e89af45e307ce77365f81847fe4cd201b8d8ec7215f9ef33aba05,260158,3,520316,data/object_anchor_capture/negative/images/tissue_negative_20260724_131450_051.jpg,True,False,Keep one is not automatically safe; verify dataset/model provenance.
1744,51ca1f2d29bf570572be044ac7600454a756c9fb05ee692c65fecdc349a31375,260092,2,260092,data/datasets/tissue_box_front_orbbec_full99/images/train/tissue_negative_20260724_131450_073.jpg,True,False,Keep one is not automatically safe; verify dataset/model provenance.
1744,51ca1f2d29bf570572be044ac7600454a756c9fb05ee692c65fecdc349a31375,260092,2,260092,data/object_anchor_capture/negative/images/tissue_negative_20260724_131450_073.jpg,True,False,Keep one is not automatically safe; verify dataset/model provenance.
1749,6bc942b62fa69cc67e45f926e8748e4755a382a2c9514954741b354aac11a979,260056,2,260056,data/datasets/tissue_box_front_orbbec_full99/images/train/tissue_negative_20260724_131450_054.jpg,True,False,Keep one is not automatically safe; verify dataset/model provenance.
1749,6bc942b62fa69cc67e45f926e8748e4755a382a2c9514954741b354aac11a979,260056,2,260056,data/object_anchor_capture/negative/images/tissue_negative_20260724_131450_054.jpg,True,False,Keep one is not automatically safe; verify dataset/model provenance.
1753,8eb08d53ceaa804f3516fefe4d7aa606a6fc07d185c323a0a76109db0b5d4cd7,260008,4,780024,data/cvat_exports/tissue_box_front_positive_v2_dataset/images/tissue_positive_20260724_131652_016.jpg,True,False,Keep one is not automatically safe; verify dataset/model provenance.
1753,8eb08d53ceaa804f3516fefe4d7aa606a6fc07d185c323a0a76109db0b5d4cd7,260008,4,780024,data/datasets/tissue_box_front_orbbec_full99/images/train/tissue_positive_20260724_131652_016.jpg,True,False,Keep one is not automatically safe; verify dataset/model provenance.
1753,8eb08d53ceaa804f3516fefe4d7aa606a6fc07d185c323a0a76109db0b5d4cd7,260008,4,780024,data/datasets/tissue_box_front_orbbec_pilot/images/train/tissue_positive_20260724_131652_016.jpg,True,False,Keep one is not automatically safe; verify dataset/model provenance.
1753,8eb08d53ceaa804f3516fefe4d7aa606a6fc07d185c323a0a76109db0b5d4cd7,260008,4,780024,data/datasets/tissue_box_front_orbbec_valid99_source/images/all/tissue_positive_20260724_131652_016.jpg,True,False,Keep one is not automatically safe; verify dataset/model provenance.
1770,67e61154868703bbe4896bd990c7c5968999f66c54124d6d6514e09fc5992bc2,259786,3,519572,data/cvat_exports/tissue_box_front_positive_v3_dataset/images/tissue_positive_20260724_131652_028.jpg,True,False,Keep one is not automatically safe; verify dataset/model provenance.
1770,67e61154868703bbe4896bd990c7c5968999f66c54124d6d6514e09fc5992bc2,259786,3,519572,data/datasets/tissue_box_front_orbbec_full99/images/val/tissue_positive_20260724_131652_028.jpg,True,False,Keep one is not automatically safe; verify dataset/model provenance.
1770,67e61154868703bbe4896bd990c7c5968999f66c54124d6d6514e09fc5992bc2,259786,3,519572,data/datasets/tissue_box_front_orbbec_valid99_source/images/all/tissue_positive_20260724_131652_028.jpg,True,False,Keep one is not automatically safe; verify dataset/model provenance.
1773,11c72f48d0bbdd2ccd4ed683b7cb314f930f330feeaacdcf42e022aa951703f5,259769,3,519538,data/cvat_exports/tissue_box_front_positive_v3_dataset/images/tissue_positive_20260724_131652_055.jpg,True,False,Keep one is not automatically safe; verify dataset/model provenance.
1773,11c72f48d0bbdd2ccd4ed683b7cb314f930f330feeaacdcf42e022aa951703f5,259769,3,519538,data/datasets/tissue_box_front_orbbec_full99/images/train/tissue_positive_20260724_131652_055.jpg,True,False,Keep one is not automatically safe; verify dataset/model provenance.
1773,11c72f48d0bbdd2ccd4ed683b7cb314f930f330feeaacdcf42e022aa951703f5,259769,3,519538,data/datasets/tissue_box_front_orbbec_valid99_source/images/all/tissue_positive_20260724_131652_055.jpg,True,False,Keep one is not automatically safe; verify dataset/model provenance.
1775,8ec4488c25b36009f3b9722f819cc727a28b310c899b769ec6b14f0d194086b5,259730,2,259730,data/datasets/tissue_box_front_orbbec_full99/images/train/tissue_negative_20260724_131450_049.jpg,True,False,Keep one is not automatically safe; verify dataset/model provenance.
1775,8ec4488c25b36009f3b9722f819cc727a28b310c899b769ec6b14f0d194086b5,259730,2,259730,data/object_anchor_capture/negative/images/tissue_negative_20260724_131450_049.jpg,True,False,Keep one is not automatically safe; verify dataset/model provenance.
1787,4672cc6af6b0dfbdfa613a45a304b4469de4631e5c4be241d003f5ac0ed55b2e,259460,2,259460,data/datasets/tissue_box_front_orbbec_full99/images/train/tissue_negative_20260724_131450_055.jpg,True,False,Keep one is not automatically safe; verify dataset/model provenance.
1787,4672cc6af6b0dfbdfa613a45a304b4469de4631e5c4be241d003f5ac0ed55b2e,259460,2,259460,data/object_anchor_capture/negative/images/tissue_negative_20260724_131450_055.jpg,True,False,Keep one is not automatically safe; verify dataset/model provenance.
1793,68bbcfb825bc3044992583342a84fdb05b3e17c3d9b80b9338b64709d926da5a,259322,4,777966,data/cvat_exports/tissue_box_front_positive_v2_dataset/images/tissue_positive_20260724_131652_056.jpg,True,False,Keep one is not automatically safe; verify dataset/model provenance.
1793,68bbcfb825bc3044992583342a84fdb05b3e17c3d9b80b9338b64709d926da5a,259322,4,777966,data/datasets/tissue_box_front_orbbec_full99/images/train/tissue_positive_20260724_131652_056.jpg,True,False,Keep one is not automatically safe; verify dataset/model provenance.
1793,68bbcfb825bc3044992583342a84fdb05b3e17c3d9b80b9338b64709d926da5a,259322,4,777966,data/datasets/tissue_box_front_orbbec_pilot/images/train/tissue_positive_20260724_131652_056.jpg,True,False,Keep one is not automatically safe; verify dataset/model provenance.
1793,68bbcfb825bc3044992583342a84fdb05b3e17c3d9b80b9338b64709d926da5a,259322,4,777966,data/datasets/tissue_box_front_orbbec_valid99_source/images/all/tissue_positive_20260724_131652_056.jpg,True,False,Keep one is not automatically safe; verify dataset/model provenance.
1795,eebc32b34cf4f7287657236bd5e3059e570ba46b02358ff351713cd46e4d117c,259300,2,259300,data/datasets/tissue_box_front_orbbec_full99/images/train/tissue_negative_20260724_131450_053.jpg,True,False,Keep one is not automatically safe; verify dataset/model provenance.
1795,eebc32b34cf4f7287657236bd5e3059e570ba46b02358ff351713cd46e4d117c,259300,2,259300,data/object_anchor_capture/negative/images/tissue_negative_20260724_131450_053.jpg,True,False,Keep one is not automatically safe; verify dataset/model provenance.
1813,f09146a067d054eb98ba9aaf1d48d7ccdcc78bfb29ee6da0bae3311d2dad0d6e,259035,3,518070,data/cvat_exports/tissue_box_front_positive_v3_dataset/images/tissue_positive_20260724_131652_037.jpg,True,False,Keep one is not automatically safe; verify dataset/model provenance.
1813,f09146a067d054eb98ba9aaf1d48d7ccdcc78bfb29ee6da0bae3311d2dad0d6e,259035,3,518070,data/datasets/tissue_box_front_orbbec_full99/images/train/tissue_positive_20260724_131652_037.jpg,True,False,Keep one is not automatically safe; verify dataset/model provenance.
1813,f09146a067d054eb98ba9aaf1d48d7ccdcc78bfb29ee6da0bae3311d2dad0d6e,259035,3,518070,data/datasets/tissue_box_front_orbbec_valid99_source/images/all/tissue_positive_20260724_131652_037.jpg,True,False,Keep one is not automatically safe; verify dataset/model provenance.
1826,794bfa96fb9f06ada39718f7af6fd30533967db9f912dbf609ff84f03243e251,258793,2,258793,data/datasets/tissue_box_front_orbbec_full99/images/train/tissue_negative_20260724_131450_067.jpg,True,False,Keep one is not automatically safe; verify dataset/model provenance.
1826,794bfa96fb9f06ada39718f7af6fd30533967db9f912dbf609ff84f03243e251,258793,2,258793,data/object_anchor_capture/negative/images/tissue_negative_20260724_131450_067.jpg,True,False,Keep one is not automatically safe; verify dataset/model provenance.
1830,e2f21854d7eca1bac1310fbddd2f69e30a8bda73fb1edb1e070b75bf809cd30f,258737,2,258737,data/datasets/tissue_box_front_orbbec_full99/images/train/tissue_negative_20260724_131450_074.jpg,True,False,Keep one is not automatically safe; verify dataset/model provenance.
1830,e2f21854d7eca1bac1310fbddd2f69e30a8bda73fb1edb1e070b75bf809cd30f,258737,2,258737,data/object_anchor_capture/negative/images/tissue_negative_20260724_131450_074.jpg,True,False,Keep one is not automatically safe; verify dataset/model provenance.
1832,a1fdd2e4165b4fb6f610e96385f01e39c60f81b99ce8f55ce58bfbb9394590f1,258711,2,258711,data/datasets/tissue_box_front_orbbec_full99/images/train/tissue_negative_20260724_131450_045.jpg,True,False,Keep one is not automatically safe; verify dataset/model provenance.
1832,a1fdd2e4165b4fb6f610e96385f01e39c60f81b99ce8f55ce58bfbb9394590f1,258711,2,258711,data/object_anchor_capture/negative/images/tissue_negative_20260724_131450_045.jpg,True,False,Keep one is not automatically safe; verify dataset/model provenance.
1846,31944747f60b7a07595f50f8fbdabafaf057605a3049933d69cee029f6ea9718,258290,2,258290,data/datasets/tissue_box_front_orbbec_full99/images/train/tissue_negative_20260724_131450_047.jpg,True,False,Keep one is not automatically safe; verify dataset/model provenance.
1846,31944747f60b7a07595f50f8fbdabafaf057605a3049933d69cee029f6ea9718,258290,2,258290,data/object_anchor_capture/negative/images/tissue_negative_20260724_131450_047.jpg,True,False,Keep one is not automatically safe; verify dataset/model provenance.
1849,658118e433a9e6fa10c6b0f437dcdfdb6dd74346c9a363c8366c780676f56c04,258265,2,258265,data/datasets/tissue_box_front_orbbec_full99/images/val/tissue_negative_20260724_131450_082.jpg,True,False,Keep one is not automatically safe; verify dataset/model provenance.
1849,658118e433a9e6fa10c6b0f437dcdfdb6dd74346c9a363c8366c780676f56c04,258265,2,258265,data/object_anchor_capture/negative/images/tissue_negative_20260724_131450_082.jpg,True,False,Keep one is not automatically safe; verify dataset/model provenance.
1854,e96d91539527c80374bed4033eba7da88209f59f0117746e335f8b9337ddfb2d,258174,3,516348,data/datasets/tissue_box_front_orbbec_full99/images/train/tissue_negative_20260724_131450_056.jpg,True,False,Keep one is not automatically safe; verify dataset/model provenance.
1854,e96d91539527c80374bed4033eba7da88209f59f0117746e335f8b9337ddfb2d,258174,3,516348,data/datasets/tissue_box_front_orbbec_pilot/images/train/tissue_negative_20260724_131450_056.jpg,True,False,Keep one is not automatically safe; verify dataset/model provenance.
1854,e96d91539527c80374bed4033eba7da88209f59f0117746e335f8b9337ddfb2d,258174,3,516348,data/object_anchor_capture/negative/images/tissue_negative_20260724_131450_056.jpg,True,False,Keep one is not automatically safe; verify dataset/model provenance.
1858,f5117a1a519c328e2e117f265743e79e9116d7bc9c9e619fb1dd9cf8726c0e82,258068,2,258068,data/datasets/tissue_box_front_orbbec_full99/images/train/tissue_negative_20260724_131450_077.jpg,True,False,Keep one is not automatically safe; verify dataset/model provenance.
1858,f5117a1a519c328e2e117f265743e79e9116d7bc9c9e619fb1dd9cf8726c0e82,258068,2,258068,data/object_anchor_capture/negative/images/tissue_negative_20260724_131450_077.jpg,True,False,Keep one is not automatically safe; verify dataset/model provenance.
1859,d6eb0d4f861ecbde5c35088135ffa74dd10bddac6ea83a8121b2edd3f2653692,258056,2,258056,data/datasets/tissue_box_front_orbbec_full99/images/train/tissue_negative_20260724_131450_038.jpg,True,False,Keep one is not automatically safe; verify dataset/model provenance.
1859,d6eb0d4f861ecbde5c35088135ffa74dd10bddac6ea83a8121b2edd3f2653692,258056,2,258056,data/object_anchor_capture/negative/images/tissue_negative_20260724_131450_038.jpg,True,False,Keep one is not automatically safe; verify dataset/model provenance.
1862,45e2c8e2e0de755f46f3454156f5d7a41891b3bbe8ca8d30ef0d074fe68ae2d8,257988,2,257988,data/datasets/tissue_box_front_orbbec_full99/images/train/tissue_negative_20260724_131450_078.jpg,True,False,Keep one is not automatically safe; verify dataset/model provenance.
1862,45e2c8e2e0de755f46f3454156f5d7a41891b3bbe8ca8d30ef0d074fe68ae2d8,257988,2,257988,data/object_anchor_capture/negative/images/tissue_negative_20260724_131450_078.jpg,True,False,Keep one is not automatically safe; verify dataset/model provenance.
1864,62114dcd68809c4b0469e2e9d9bd28502af33a5d2ca58dc3fff1ca29880d0214,257950,2,257950,data/datasets/tissue_box_front_orbbec_full99/images/train/tissue_negative_20260724_131450_048.jpg,True,False,Keep one is not automatically safe; verify dataset/model provenance.
1864,62114dcd68809c4b0469e2e9d9bd28502af33a5d2ca58dc3fff1ca29880d0214,257950,2,257950,data/object_anchor_capture/negative/images/tissue_negative_20260724_131450_048.jpg,True,False,Keep one is not automatically safe; verify dataset/model provenance.
1867,63481d3334ae966177571db13ca83c74ab2f7b8088443d21e1fec2a86e14407b,257831,3,515662,data/cvat_exports/tissue_box_front_positive_v3_dataset/images/tissue_positive_20260724_131652_030.jpg,True,False,Keep one is not automatically safe; verify dataset/model provenance.
1867,63481d3334ae966177571db13ca83c74ab2f7b8088443d21e1fec2a86e14407b,257831,3,515662,data/datasets/tissue_box_front_orbbec_full99/images/val/tissue_positive_20260724_131652_030.jpg,True,False,Keep one is not automatically safe; verify dataset/model provenance.
1867,63481d3334ae966177571db13ca83c74ab2f7b8088443d21e1fec2a86e14407b,257831,3,515662,data/datasets/tissue_box_front_orbbec_valid99_source/images/all/tissue_positive_20260724_131652_030.jpg,True,False,Keep one is not automatically safe; verify dataset/model provenance.
1874,a5ec22bd92dc6636a04bdd44750ea42f545e7b7fce3bf02f1ecd7e006df8abe1,257788,3,515576,data/cvat_exports/tissue_box_front_positive_v3_dataset/images/tissue_positive_20260724_131652_038.jpg,True,False,Keep one is not automatically safe; verify dataset/model provenance.
1874,a5ec22bd92dc6636a04bdd44750ea42f545e7b7fce3bf02f1ecd7e006df8abe1,257788,3,515576,data/datasets/tissue_box_front_orbbec_full99/images/train/tissue_positive_20260724_131652_038.jpg,True,False,Keep one is not automatically safe; verify dataset/model provenance.
1874,a5ec22bd92dc6636a04bdd44750ea42f545e7b7fce3bf02f1ecd7e006df8abe1,257788,3,515576,data/datasets/tissue_box_front_orbbec_valid99_source/images/all/tissue_positive_20260724_131652_038.jpg,True,False,Keep one is not automatically safe; verify dataset/model provenance.
1877,45161bd4bb8160764a4fa10064defec0d89f3ee7a848044ffe4dbd56922a855e,257755,2,257755,data/datasets/tissue_box_front_orbbec_full99/images/train/tissue_negative_20260724_131450_075.jpg,True,False,Keep one is not automatically safe; verify dataset/model provenance.
1877,45161bd4bb8160764a4fa10064defec0d89f3ee7a848044ffe4dbd56922a855e,257755,2,257755,data/object_anchor_capture/negative/images/tissue_negative_20260724_131450_075.jpg,True,False,Keep one is not automatically safe; verify dataset/model provenance.
1882,378b94550b404ff8295742e3f2f832461e74b3d694ce423508d2b02acb2937ca,257651,3,515302,data/cvat_exports/tissue_box_front_positive_v3_dataset/images/tissue_positive_20260724_131652_029.jpg,True,False,Keep one is not automatically safe; verify dataset/model provenance.
1882,378b94550b404ff8295742e3f2f832461e74b3d694ce423508d2b02acb2937ca,257651,3,515302,data/datasets/tissue_box_front_orbbec_full99/images/val/tissue_positive_20260724_131652_029.jpg,True,False,Keep one is not automatically safe; verify dataset/model provenance.
1882,378b94550b404ff8295742e3f2f832461e74b3d694ce423508d2b02acb2937ca,257651,3,515302,data/datasets/tissue_box_front_orbbec_valid99_source/images/all/tissue_positive_20260724_131652_029.jpg,True,False,Keep one is not automatically safe; verify dataset/model provenance.
1892,10b63dfb97c74903c9b5ff13d48728abf55d3b2f839688699486502695fbb4a5,257364,3,514728,data/datasets/tissue_box_front_orbbec_full99/images/train/tissue_negative_20260724_131450_066.jpg,True,False,Keep one is not automatically safe; verify dataset/model provenance.
1892,10b63dfb97c74903c9b5ff13d48728abf55d3b2f839688699486502695fbb4a5,257364,3,514728,data/datasets/tissue_box_front_orbbec_pilot/images/val/tissue_negative_20260724_131450_066.jpg,True,False,Keep one is not automatically safe; verify dataset/model provenance.
1892,10b63dfb97c74903c9b5ff13d48728abf55d3b2f839688699486502695fbb4a5,257364,3,514728,data/object_anchor_capture/negative/images/tissue_negative_20260724_131450_066.jpg,True,False,Keep one is not automatically safe; verify dataset/model provenance.
1901,ec60a19c684860cd7113801846800870caa743ce4b4e2d5caa8bff299cf5dfd4,256964,3,513928,data/datasets/tissue_box_front_orbbec_full99/images/train/tissue_negative_20260724_131450_076.jpg,True,False,Keep one is not automatically safe; verify dataset/model provenance.
1901,ec60a19c684860cd7113801846800870caa743ce4b4e2d5caa8bff299cf5dfd4,256964,3,513928,data/datasets/tissue_box_front_orbbec_pilot/images/train/tissue_negative_20260724_131450_076.jpg,True,False,Keep one is not automatically safe; verify dataset/model provenance.
1901,ec60a19c684860cd7113801846800870caa743ce4b4e2d5caa8bff299cf5dfd4,256964,3,513928,data/object_anchor_capture/negative/images/tissue_negative_20260724_131450_076.jpg,True,False,Keep one is not automatically safe; verify dataset/model provenance.
1903,11981a4ff432ab1cfa88dec991e64b2de53b5f0b843d5d2ffacb8680b370310b,256929,3,513858,data/cvat_exports/tissue_box_front_positive_v3_dataset/images/tissue_positive_20260724_131652_018.jpg,True,False,Keep one is not automatically safe; verify dataset/model provenance.
1903,11981a4ff432ab1cfa88dec991e64b2de53b5f0b843d5d2ffacb8680b370310b,256929,3,513858,data/datasets/tissue_box_front_orbbec_full99/images/train/tissue_positive_20260724_131652_018.jpg,True,False,Keep one is not automatically safe; verify dataset/model provenance.
1903,11981a4ff432ab1cfa88dec991e64b2de53b5f0b843d5d2ffacb8680b370310b,256929,3,513858,data/datasets/tissue_box_front_orbbec_valid99_source/images/all/tissue_positive_20260724_131652_018.jpg,True,False,Keep one is not automatically safe; verify dataset/model provenance.
1904,32251403c0cf9ff5afe1cf732245717696bd65206dc7856b885419ae18f1a660,256927,2,256927,data/datasets/tissue_box_front_orbbec_full99/images/train/tissue_negative_20260724_131450_040.jpg,True,False,Keep one is not automatically safe; verify dataset/model provenance.
1904,32251403c0cf9ff5afe1cf732245717696bd65206dc7856b885419ae18f1a660,256927,2,256927,data/object_anchor_capture/negative/images/tissue_negative_20260724_131450_040.jpg,True,False,Keep one is not automatically safe; verify dataset/model provenance.
1905,afb70e043fb62d0a0a1c2802b5358f8465d9c7f0270fa316787bfd7337ff8362,256913,3,513826,data/cvat_exports/tissue_box_front_positive_v3_dataset/images/tissue_positive_20260724_131652_032.jpg,True,False,Keep one is not automatically safe; verify dataset/model provenance.
1905,afb70e043fb62d0a0a1c2802b5358f8465d9c7f0270fa316787bfd7337ff8362,256913,3,513826,data/datasets/tissue_box_front_orbbec_full99/images/train/tissue_positive_20260724_131652_032.jpg,True,False,Keep one is not automatically safe; verify dataset/model provenance.
1905,afb70e043fb62d0a0a1c2802b5358f8465d9c7f0270fa316787bfd7337ff8362,256913,3,513826,data/datasets/tissue_box_front_orbbec_valid99_source/images/all/tissue_positive_20260724_131652_032.jpg,True,False,Keep one is not automatically safe; verify dataset/model provenance.
1906,28e1ed744b20c247a6879a7ed24ab041bebaf9580acbaffbc8ac16efe9a981db,256904,3,513808,data/cvat_exports/tissue_box_front_positive_v3_dataset/images/tissue_positive_20260724_131652_033.jpg,True,False,Keep one is not automatically safe; verify dataset/model provenance.
1906,28e1ed744b20c247a6879a7ed24ab041bebaf9580acbaffbc8ac16efe9a981db,256904,3,513808,data/datasets/tissue_box_front_orbbec_full99/images/train/tissue_positive_20260724_131652_033.jpg,True,False,Keep one is not automatically safe; verify dataset/model provenance.
1906,28e1ed744b20c247a6879a7ed24ab041bebaf9580acbaffbc8ac16efe9a981db,256904,3,513808,data/datasets/tissue_box_front_orbbec_valid99_source/images/all/tissue_positive_20260724_131652_033.jpg,True,False,Keep one is not automatically safe; verify dataset/model provenance.
1908,f725589ed566ddeaa94f61bdb0a748cf89b19952534ac43c6461644fffd15d5e,256877,2,256877,data/datasets/tissue_box_front_orbbec_full99/images/val/tissue_negative_20260724_131450_083.jpg,True,False,Keep one is not automatically safe; verify dataset/model provenance.
1908,f725589ed566ddeaa94f61bdb0a748cf89b19952534ac43c6461644fffd15d5e,256877,2,256877,data/object_anchor_capture/negative/images/tissue_negative_20260724_131450_083.jpg,True,False,Keep one is not automatically safe; verify dataset/model provenance.
1909,9bed81898350f3a155c6d84234b63c2f8e89e6f41bf0c5942de2e6a1867ff784,256875,3,513750,data/cvat_exports/tissue_box_front_positive_v3_dataset/images/tissue_positive_20260724_131652_035.jpg,True,False,Keep one is not automatically safe; verify dataset/model provenance.
1909,9bed81898350f3a155c6d84234b63c2f8e89e6f41bf0c5942de2e6a1867ff784,256875,3,513750,data/datasets/tissue_box_front_orbbec_full99/images/train/tissue_positive_20260724_131652_035.jpg,True,False,Keep one is not automatically safe; verify dataset/model provenance.
1909,9bed81898350f3a155c6d84234b63c2f8e89e6f41bf0c5942de2e6a1867ff784,256875,3,513750,data/datasets/tissue_box_front_orbbec_valid99_source/images/all/tissue_positive_20260724_131652_035.jpg,True,False,Keep one is not automatically safe; verify dataset/model provenance.
1910,f089943932ac83084d09514c7f5827e10dd3d6125fef7c9adf9b5ad7aa9ee419,256855,2,256855,data/datasets/tissue_box_front_orbbec_full99/images/train/tissue_negative_20260724_131450_033.jpg,True,False,Keep one is not automatically safe; verify dataset/model provenance.
1910,f089943932ac83084d09514c7f5827e10dd3d6125fef7c9adf9b5ad7aa9ee419,256855,2,256855,data/object_anchor_capture/negative/images/tissue_negative_20260724_131450_033.jpg,True,False,Keep one is not automatically safe; verify dataset/model provenance.
1911,0be16d4455ad1d5a674d98d2a74aeddfb37ceccfdd123d01cee897e527b78703,256820,4,770460,data/cvat_exports/tissue_box_front_positive_v2_dataset/images/tissue_positive_20260724_131652_036.jpg,True,False,Keep one is not automatically safe; verify dataset/model provenance.
1911,0be16d4455ad1d5a674d98d2a74aeddfb37ceccfdd123d01cee897e527b78703,256820,4,770460,data/datasets/tissue_box_front_orbbec_full99/images/train/tissue_positive_20260724_131652_036.jpg,True,False,Keep one is not automatically safe; verify dataset/model provenance.
1911,0be16d4455ad1d5a674d98d2a74aeddfb37ceccfdd123d01cee897e527b78703,256820,4,770460,data/datasets/tissue_box_front_orbbec_pilot/images/train/tissue_positive_20260724_131652_036.jpg,True,False,Keep one is not automatically safe; verify dataset/model provenance.
1911,0be16d4455ad1d5a674d98d2a74aeddfb37ceccfdd123d01cee897e527b78703,256820,4,770460,data/datasets/tissue_box_front_orbbec_valid99_source/images/all/tissue_positive_20260724_131652_036.jpg,True,False,Keep one is not automatically safe; verify dataset/model provenance.
1913,826de47548551586803e78c910f6dc0a4dd0158a9d0bfe448e3dc08ec3ed363e,256786,4,770358,data/cvat_exports/tissue_box_front_positive_v2_dataset/images/tissue_positive_20260724_131652_031.jpg,True,False,Keep one is not automatically safe; verify dataset/model provenance.
1913,826de47548551586803e78c910f6dc0a4dd0158a9d0bfe448e3dc08ec3ed363e,256786,4,770358,data/datasets/tissue_box_front_orbbec_full99/images/train/tissue_positive_20260724_131652_031.jpg,True,False,Keep one is not automatically safe; verify dataset/model provenance.
1913,826de47548551586803e78c910f6dc0a4dd0158a9d0bfe448e3dc08ec3ed363e,256786,4,770358,data/datasets/tissue_box_front_orbbec_pilot/images/val/tissue_positive_20260724_131652_031.jpg,True,False,Keep one is not automatically safe; verify dataset/model provenance.
1913,826de47548551586803e78c910f6dc0a4dd0158a9d0bfe448e3dc08ec3ed363e,256786,4,770358,data/datasets/tissue_box_front_orbbec_valid99_source/images/all/tissue_positive_20260724_131652_031.jpg,True,False,Keep one is not automatically safe; verify dataset/model provenance.
1916,4fca6c92c3deb0746f7ece5862653e43e791a3b86beb928e9f331f6c2477ca0b,256666,2,256666,data/datasets/tissue_box_front_orbbec_full99/images/train/tissue_negative_20260724_131450_063.jpg,True,False,Keep one is not automatically safe; verify dataset/model provenance.
1916,4fca6c92c3deb0746f7ece5862653e43e791a3b86beb928e9f331f6c2477ca0b,256666,2,256666,data/object_anchor_capture/negative/images/tissue_negative_20260724_131450_063.jpg,True,False,Keep one is not automatically safe; verify dataset/model provenance.
1918,b4a7822b7bab80c78b78d856fff5c4330598466ade88a01305c5b5bc6a492a69,256543,2,256543,data/datasets/tissue_box_front_orbbec_full99/images/train/tissue_negative_20260724_131450_039.jpg,True,False,Keep one is not automatically safe; verify dataset/model provenance.
1918,b4a7822b7bab80c78b78d856fff5c4330598466ade88a01305c5b5bc6a492a69,256543,2,256543,data/object_anchor_capture/negative/images/tissue_negative_20260724_131450_039.jpg,True,False,Keep one is not automatically safe; verify dataset/model provenance.
1921,1c393271f1bc176a4c7ffadde7236d7c7d8ac266965a8a7fb0f8dcec8394162f,256441,3,512882,data/datasets/tissue_box_front_orbbec_full99/images/train/tissue_negative_20260724_131450_036.jpg,True,False,Keep one is not automatically safe; verify dataset/model provenance.
1921,1c393271f1bc176a4c7ffadde7236d7c7d8ac266965a8a7fb0f8dcec8394162f,256441,3,512882,data/datasets/tissue_box_front_orbbec_pilot/images/train/tissue_negative_20260724_131450_036.jpg,True,False,Keep one is not automatically safe; verify dataset/model provenance.
1921,1c393271f1bc176a4c7ffadde7236d7c7d8ac266965a8a7fb0f8dcec8394162f,256441,3,512882,data/object_anchor_capture/negative/images/tissue_negative_20260724_131450_036.jpg,True,False,Keep one is not automatically safe; verify dataset/model provenance.
1927,e78e7b253568d14771166fc9b534f60f1a6844e04560bf9cd6cd94e08013ef0b,256186,3,512372,data/cvat_exports/tissue_box_front_positive_v3_dataset/images/tissue_positive_20260724_131652_039.jpg,True,False,Keep one is not automatically safe; verify dataset/model provenance.
1927,e78e7b253568d14771166fc9b534f60f1a6844e04560bf9cd6cd94e08013ef0b,256186,3,512372,data/datasets/tissue_box_front_orbbec_full99/images/train/tissue_positive_20260724_131652_039.jpg,True,False,Keep one is not automatically safe; verify dataset/model provenance.
1927,e78e7b253568d14771166fc9b534f60f1a6844e04560bf9cd6cd94e08013ef0b,256186,3,512372,data/datasets/tissue_box_front_orbbec_valid99_source/images/all/tissue_positive_20260724_131652_039.jpg,True,False,Keep one is not automatically safe; verify dataset/model provenance.
1928,cc2db4cfa7fa5300de1970e3692aefa3b35e7990a2164f7238adfbe53bfa4db3,256163,3,512326,data/cvat_exports/tissue_box_front_positive_v3_dataset/images/tissue_positive_20260724_131652_017.jpg,True,False,Keep one is not automatically safe; verify dataset/model provenance.
1928,cc2db4cfa7fa5300de1970e3692aefa3b35e7990a2164f7238adfbe53bfa4db3,256163,3,512326,data/datasets/tissue_box_front_orbbec_full99/images/train/tissue_positive_20260724_131652_017.jpg,True,False,Keep one is not automatically safe; verify dataset/model provenance.
1928,cc2db4cfa7fa5300de1970e3692aefa3b35e7990a2164f7238adfbe53bfa4db3,256163,3,512326,data/datasets/tissue_box_front_orbbec_valid99_source/images/all/tissue_positive_20260724_131652_017.jpg,True,False,Keep one is not automatically safe; verify dataset/model provenance.
1929,1bf174ff0061ceddaec95234859998ad4bb00f8efca252cc329234bc6250b936,256123,3,512246,data/cvat_exports/tissue_box_front_positive_v3_dataset/images/tissue_positive_20260724_131652_034.jpg,True,False,Keep one is not automatically safe; verify dataset/model provenance.
1929,1bf174ff0061ceddaec95234859998ad4bb00f8efca252cc329234bc6250b936,256123,3,512246,data/datasets/tissue_box_front_orbbec_full99/images/train/tissue_positive_20260724_131652_034.jpg,True,False,Keep one is not automatically safe; verify dataset/model provenance.
1929,1bf174ff0061ceddaec95234859998ad4bb00f8efca252cc329234bc6250b936,256123,3,512246,data/datasets/tissue_box_front_orbbec_valid99_source/images/all/tissue_positive_20260724_131652_034.jpg,True,False,Keep one is not automatically safe; verify dataset/model provenance.
1935,37eb8e4440a32e7a2a415092e6a964150565ca90a94f121f012e17d5be956c07,256007,3,512014,data/datasets/tissue_box_front_orbbec_full99/images/train/tissue_negative_20260724_131450_031.jpg,True,False,Keep one is not automatically safe; verify dataset/model provenance.
1935,37eb8e4440a32e7a2a415092e6a964150565ca90a94f121f012e17d5be956c07,256007,3,512014,data/datasets/tissue_box_front_orbbec_pilot/images/val/tissue_negative_20260724_131450_031.jpg,True,False,Keep one is not automatically safe; verify dataset/model provenance.
1935,37eb8e4440a32e7a2a415092e6a964150565ca90a94f121f012e17d5be956c07,256007,3,512014,data/object_anchor_capture/negative/images/tissue_negative_20260724_131450_031.jpg,True,False,Keep one is not automatically safe; verify dataset/model provenance.
1940,e9273d2e370e2c71659dea83a496516434b9fd6486b3507fa946454d40584c47,255759,4,767277,data/cvat_exports/tissue_box_front_positive_v2_dataset/images/tissue_positive_20260724_131652_001.jpg,True,False,Keep one is not automatically safe; verify dataset/model provenance.
1940,e9273d2e370e2c71659dea83a496516434b9fd6486b3507fa946454d40584c47,255759,4,767277,data/datasets/tissue_box_front_orbbec_full99/images/train/tissue_positive_20260724_131652_001.jpg,True,False,Keep one is not automatically safe; verify dataset/model provenance.
1940,e9273d2e370e2c71659dea83a496516434b9fd6486b3507fa946454d40584c47,255759,4,767277,data/datasets/tissue_box_front_orbbec_pilot/images/val/tissue_positive_20260724_131652_001.jpg,True,False,Keep one is not automatically safe; verify dataset/model provenance.
1940,e9273d2e370e2c71659dea83a496516434b9fd6486b3507fa946454d40584c47,255759,4,767277,data/datasets/tissue_box_front_orbbec_valid99_source/images/all/tissue_positive_20260724_131652_001.jpg,True,False,Keep one is not automatically safe; verify dataset/model provenance.
1941,0c71aba8af4f232ca465bbf90c2bf3665235a9b5ec1f4cf782a727e28c13f241,255740,2,255740,data/datasets/tissue_box_front_orbbec_full99/images/train/tissue_negative_20260724_131450_035.jpg,True,False,Keep one is not automatically safe; verify dataset/model provenance.
1941,0c71aba8af4f232ca465bbf90c2bf3665235a9b5ec1f4cf782a727e28c13f241,255740,2,255740,data/object_anchor_capture/negative/images/tissue_negative_20260724_131450_035.jpg,True,False,Keep one is not automatically safe; verify dataset/model provenance.
1942,388c7b6c12befbc2be6617d63ca7fb745a238bd49f083585b2b64c64ca79b4f8,255709,2,255709,data/datasets/tissue_box_front_orbbec_full99/images/train/tissue_negative_20260724_131450_068.jpg,True,False,Keep one is not automatically safe; verify dataset/model provenance.
1942,388c7b6c12befbc2be6617d63ca7fb745a238bd49f083585b2b64c64ca79b4f8,255709,2,255709,data/object_anchor_capture/negative/images/tissue_negative_20260724_131450_068.jpg,True,False,Keep one is not automatically safe; verify dataset/model provenance.
1944,f731a50c15ab98b763064ddd8c019fc4bc3936573b6198e9f1e2160121d76436,255666,2,255666,data/datasets/tissue_box_front_orbbec_full99/images/train/tissue_negative_20260724_131450_034.jpg,True,False,Keep one is not automatically safe; verify dataset/model provenance.
1944,f731a50c15ab98b763064ddd8c019fc4bc3936573b6198e9f1e2160121d76436,255666,2,255666,data/object_anchor_capture/negative/images/tissue_negative_20260724_131450_034.jpg,True,False,Keep one is not automatically safe; verify dataset/model provenance.
1947,43b86dc4b91a6535b3610e25b20fd30e951b4e6f9ebd47d56eb11cf6b71195ba,255490,2,255490,data/datasets/tissue_box_front_orbbec_full99/images/train/tissue_negative_20260724_131450_037.jpg,True,False,Keep one is not automatically safe; verify dataset/model provenance.
1947,43b86dc4b91a6535b3610e25b20fd30e951b4e6f9ebd47d56eb11cf6b71195ba,255490,2,255490,data/object_anchor_capture/negative/images/tissue_negative_20260724_131450_037.jpg,True,False,Keep one is not automatically safe; verify dataset/model provenance.
1948,28bd7cda800d3cad382f60bbce8df335407bfb7e691890a0b3199563df78436b,255392,3,510784,data/cvat_exports/tissue_box_front_positive_v3_dataset/images/tissue_positive_20260724_131652_002.jpg,True,False,Keep one is not automatically safe; verify dataset/model provenance.
1948,28bd7cda800d3cad382f60bbce8df335407bfb7e691890a0b3199563df78436b,255392,3,510784,data/datasets/tissue_box_front_orbbec_full99/images/train/tissue_positive_20260724_131652_002.jpg,True,False,Keep one is not automatically safe; verify dataset/model provenance.
1948,28bd7cda800d3cad382f60bbce8df335407bfb7e691890a0b3199563df78436b,255392,3,510784,data/datasets/tissue_box_front_orbbec_valid99_source/images/all/tissue_positive_20260724_131652_002.jpg,True,False,Keep one is not automatically safe; verify dataset/model provenance.
1949,4a7c98bdf41f223133b86235af5ccec47455f23391f58ac6db39e94480234ef1,255379,2,255379,data/datasets/tissue_box_front_orbbec_full99/images/train/tissue_negative_20260724_131450_044.jpg,True,False,Keep one is not automatically safe; verify dataset/model provenance.
1949,4a7c98bdf41f223133b86235af5ccec47455f23391f58ac6db39e94480234ef1,255379,2,255379,data/object_anchor_capture/negative/images/tissue_negative_20260724_131450_044.jpg,True,False,Keep one is not automatically safe; verify dataset/model provenance.
1950,36620a4e0a12411c269a92364fcca922f868a0a9b28fe141f447556ff2bc9618,255291,3,510582,data/datasets/tissue_box_front_orbbec_full99/images/train/tissue_negative_20260724_131450_041.jpg,True,False,Keep one is not automatically safe; verify dataset/model provenance.
1950,36620a4e0a12411c269a92364fcca922f868a0a9b28fe141f447556ff2bc9618,255291,3,510582,data/datasets/tissue_box_front_orbbec_pilot/images/train/tissue_negative_20260724_131450_041.jpg,True,False,Keep one is not automatically safe; verify dataset/model provenance.
1950,36620a4e0a12411c269a92364fcca922f868a0a9b28fe141f447556ff2bc9618,255291,3,510582,data/object_anchor_capture/negative/images/tissue_negative_20260724_131450_041.jpg,True,False,Keep one is not automatically safe; verify dataset/model provenance.
1952,c2d9880fc8707c43fa3b799fb7218553b869b9d6647a1458fd476c54e86f23ab,255211,2,255211,data/datasets/tissue_box_front_orbbec_full99/images/val/tissue_negative_20260724_131450_084.jpg,True,False,Keep one is not automatically safe; verify dataset/model provenance.
1952,c2d9880fc8707c43fa3b799fb7218553b869b9d6647a1458fd476c54e86f23ab,255211,2,255211,data/object_anchor_capture/negative/images/tissue_negative_20260724_131450_084.jpg,True,False,Keep one is not automatically safe; verify dataset/model provenance.
1959,8e526623d86eede6da295c1a423e59e68e56fe01d9990607d1a61ff4a9896ece,254980,3,509960,data/cvat_exports/tissue_box_front_positive_v3_dataset/images/tissue_positive_20260724_131652_010.jpg,True,False,Keep one is not automatically safe; verify dataset/model provenance.
1959,8e526623d86eede6da295c1a423e59e68e56fe01d9990607d1a61ff4a9896ece,254980,3,509960,data/datasets/tissue_box_front_orbbec_full99/images/train/tissue_positive_20260724_131652_010.jpg,True,False,Keep one is not automatically safe; verify dataset/model provenance.
1959,8e526623d86eede6da295c1a423e59e68e56fe01d9990607d1a61ff4a9896ece,254980,3,509960,data/datasets/tissue_box_front_orbbec_valid99_source/images/all/tissue_positive_20260724_131652_010.jpg,True,False,Keep one is not automatically safe; verify dataset/model provenance.
1960,d4cac3a33c2fef6cd16906693207502e730b4f973bcea62054d8ffbb56c86239,254937,2,254937,data/datasets/tissue_box_front_orbbec_full99/images/train/tissue_negative_20260724_131450_057.jpg,True,False,Keep one is not automatically safe; verify dataset/model provenance.
1960,d4cac3a33c2fef6cd16906693207502e730b4f973bcea62054d8ffbb56c86239,254937,2,254937,data/object_anchor_capture/negative/images/tissue_negative_20260724_131450_057.jpg,True,False,Keep one is not automatically safe; verify dataset/model provenance.
1961,4ed26dff03ffcc3dcf42bf911c0afc7a07c37680f0c0bae0f49c80e19537eb6a,254827,2,254827,data/datasets/tissue_box_front_orbbec_full99/images/val/tissue_negative_20260724_131450_030.jpg,True,False,Keep one is not automatically safe; verify dataset/model provenance.
1961,4ed26dff03ffcc3dcf42bf911c0afc7a07c37680f0c0bae0f49c80e19537eb6a,254827,2,254827,data/object_anchor_capture/negative/images/tissue_negative_20260724_131450_030.jpg,True,False,Keep one is not automatically safe; verify dataset/model provenance.
1965,15997d5c761136b723b5270c308d9b12ae94df3b83726a71070337869398e6c8,254638,2,254638,data/datasets/tissue_box_front_orbbec_full99/images/val/tissue_negative_20260724_131450_087.jpg,True,False,Keep one is not automatically safe; verify dataset/model provenance.
1965,15997d5c761136b723b5270c308d9b12ae94df3b83726a71070337869398e6c8,254638,2,254638,data/object_anchor_capture/negative/images/tissue_negative_20260724_131450_087.jpg,True,False,Keep one is not automatically safe; verify dataset/model provenance.
1971,a365b38241a4e2260f287d855cdec46f4ac3a9cfaf45c34ff994df9ff1073e3d,254368,3,508736,data/cvat_exports/tissue_box_front_positive_v3_dataset/images/tissue_positive_20260724_131652_043.jpg,True,False,Keep one is not automatically safe; verify dataset/model provenance.
1971,a365b38241a4e2260f287d855cdec46f4ac3a9cfaf45c34ff994df9ff1073e3d,254368,3,508736,data/datasets/tissue_box_front_orbbec_full99/images/train/tissue_positive_20260724_131652_043.jpg,True,False,Keep one is not automatically safe; verify dataset/model provenance.
1971,a365b38241a4e2260f287d855cdec46f4ac3a9cfaf45c34ff994df9ff1073e3d,254368,3,508736,data/datasets/tissue_box_front_orbbec_valid99_source/images/all/tissue_positive_20260724_131652_043.jpg,True,False,Keep one is not automatically safe; verify dataset/model provenance.
1972,f828b47dbb629ea4638f854d49b0df29dc550f72563a857b74e56aa789f06bb6,254350,2,254350,data/datasets/tissue_box_front_orbbec_full99/images/train/tissue_negative_20260724_131450_032.jpg,True,False,Keep one is not automatically safe; verify dataset/model provenance.
1972,f828b47dbb629ea4638f854d49b0df29dc550f72563a857b74e56aa789f06bb6,254350,2,254350,data/object_anchor_capture/negative/images/tissue_negative_20260724_131450_032.jpg,True,False,Keep one is not automatically safe; verify dataset/model provenance.
1973,c8c7b486065e034178dcdcc4268ed94ca2333e3bdeaebfb30259c62c8776e7cf,254276,3,508552,data/cvat_exports/tissue_box_front_positive_v3_dataset/images/tissue_positive_20260724_131652_042.jpg,True,False,Keep one is not automatically safe; verify dataset/model provenance.
1973,c8c7b486065e034178dcdcc4268ed94ca2333e3bdeaebfb30259c62c8776e7cf,254276,3,508552,data/datasets/tissue_box_front_orbbec_full99/images/train/tissue_positive_20260724_131652_042.jpg,True,False,Keep one is not automatically safe; verify dataset/model provenance.
1973,c8c7b486065e034178dcdcc4268ed94ca2333e3bdeaebfb30259c62c8776e7cf,254276,3,508552,data/datasets/tissue_box_front_orbbec_valid99_source/images/all/tissue_positive_20260724_131652_042.jpg,True,False,Keep one is not automatically safe; verify dataset/model provenance.
1976,d81e5100113ff428b4be4074767e240c42df2585b0ff068bdd15be091a18e175,254248,3,508496,data/cvat_exports/tissue_box_front_positive_v3_dataset/images/tissue_positive_20260724_131652_093.jpg,True,False,Keep one is not automatically safe; verify dataset/model provenance.
1976,d81e5100113ff428b4be4074767e240c42df2585b0ff068bdd15be091a18e175,254248,3,508496,data/datasets/tissue_box_front_orbbec_full99/images/train/tissue_positive_20260724_131652_093.jpg,True,False,Keep one is not automatically safe; verify dataset/model provenance.
1976,d81e5100113ff428b4be4074767e240c42df2585b0ff068bdd15be091a18e175,254248,3,508496,data/datasets/tissue_box_front_orbbec_valid99_source/images/all/tissue_positive_20260724_131652_093.jpg,True,False,Keep one is not automatically safe; verify dataset/model provenance.
1978,542555dab9b2bb02b213ab9d201660172a60f91641b4a3b6e20e5a24fa65038e,254180,2,254180,data/datasets/tissue_box_front_orbbec_full99/images/val/tissue_negative_20260724_131450_029.jpg,True,False,Keep one is not automatically safe; verify dataset/model provenance.
1978,542555dab9b2bb02b213ab9d201660172a60f91641b4a3b6e20e5a24fa65038e,254180,2,254180,data/object_anchor_capture/negative/images/tissue_negative_20260724_131450_029.jpg,True,False,Keep one is not automatically safe; verify dataset/model provenance.
1981,0736b523f53f8a5b4a4a4e7da844bf4ea2980ccfd891ef37fd7748411af73b25,254129,3,508258,data/cvat_exports/tissue_box_front_positive_v3_dataset/images/tissue_positive_20260724_131652_040.jpg,True,False,Keep one is not automatically safe; verify dataset/model provenance.
1981,0736b523f53f8a5b4a4a4e7da844bf4ea2980ccfd891ef37fd7748411af73b25,254129,3,508258,data/datasets/tissue_box_front_orbbec_full99/images/train/tissue_positive_20260724_131652_040.jpg,True,False,Keep one is not automatically safe; verify dataset/model provenance.
1981,0736b523f53f8a5b4a4a4e7da844bf4ea2980ccfd891ef37fd7748411af73b25,254129,3,508258,data/datasets/tissue_box_front_orbbec_valid99_source/images/all/tissue_positive_20260724_131652_040.jpg,True,False,Keep one is not automatically safe; verify dataset/model provenance.
1982,9c123dd32a9859ce1aeb72619fcc40f51a116fd518132edb17b779a341ee2700,254105,3,508210,data/cvat_exports/tissue_box_front_positive_v3_dataset/images/tissue_positive_20260724_131652_044.jpg,True,False,Keep one is not automatically safe; verify dataset/model provenance.
1982,9c123dd32a9859ce1aeb72619fcc40f51a116fd518132edb17b779a341ee2700,254105,3,508210,data/datasets/tissue_box_front_orbbec_full99/images/train/tissue_positive_20260724_131652_044.jpg,True,False,Keep one is not automatically safe; verify dataset/model provenance.
1982,9c123dd32a9859ce1aeb72619fcc40f51a116fd518132edb17b779a341ee2700,254105,3,508210,data/datasets/tissue_box_front_orbbec_valid99_source/images/all/tissue_positive_20260724_131652_044.jpg,True,False,Keep one is not automatically safe; verify dataset/model provenance.
1983,ff3ec093995598f8062de5775dcf7aa01596eeed6956e503bb904f2a08f3157f,254103,4,762309,data/cvat_exports/tissue_box_front_positive_v2_dataset/images/tissue_positive_20260724_131652_041.jpg,True,False,Keep one is not automatically safe; verify dataset/model provenance.
1983,ff3ec093995598f8062de5775dcf7aa01596eeed6956e503bb904f2a08f3157f,254103,4,762309,data/datasets/tissue_box_front_orbbec_full99/images/train/tissue_positive_20260724_131652_041.jpg,True,False,Keep one is not automatically safe; verify dataset/model provenance.
1983,ff3ec093995598f8062de5775dcf7aa01596eeed6956e503bb904f2a08f3157f,254103,4,762309,data/datasets/tissue_box_front_orbbec_pilot/images/train/tissue_positive_20260724_131652_041.jpg,True,False,Keep one is not automatically safe; verify dataset/model provenance.
1983,ff3ec093995598f8062de5775dcf7aa01596eeed6956e503bb904f2a08f3157f,254103,4,762309,data/datasets/tissue_box_front_orbbec_valid99_source/images/all/tissue_positive_20260724_131652_041.jpg,True,False,Keep one is not automatically safe; verify dataset/model provenance.
1985,d8ecb320a9a7b84ff9eff76c857b9ffbc4ad79eeed69ded2a264c1fdf161fbf9,254012,3,508024,data/cvat_exports/tissue_box_front_positive_v3_dataset/images/tissue_positive_20260724_131652_008.jpg,True,False,Keep one is not automatically safe; verify dataset/model provenance.
1985,d8ecb320a9a7b84ff9eff76c857b9ffbc4ad79eeed69ded2a264c1fdf161fbf9,254012,3,508024,data/datasets/tissue_box_front_orbbec_full99/images/train/tissue_positive_20260724_131652_008.jpg,True,False,Keep one is not automatically safe; verify dataset/model provenance.
1985,d8ecb320a9a7b84ff9eff76c857b9ffbc4ad79eeed69ded2a264c1fdf161fbf9,254012,3,508024,data/datasets/tissue_box_front_orbbec_valid99_source/images/all/tissue_positive_20260724_131652_008.jpg,True,False,Keep one is not automatically safe; verify dataset/model provenance.
1989,76dd23fb343c627c4616b983513f5a9ea83820cb33f562c57254e63f3cb0921c,253788,2,253788,data/datasets/tissue_box_front_orbbec_full99/images/val/tissue_negative_20260724_131450_025.jpg,True,False,Keep one is not automatically safe; verify dataset/model provenance.
1989,76dd23fb343c627c4616b983513f5a9ea83820cb33f562c57254e63f3cb0921c,253788,2,253788,data/object_anchor_capture/negative/images/tissue_negative_20260724_131450_025.jpg,True,False,Keep one is not automatically safe; verify dataset/model provenance.
1993,b4b8ae1efe662bd62a3dfe6369520dbdf1b24dc04d031bb474fe336c8914e31a,253634,3,507268,data/datasets/tissue_box_front_orbbec_full99/images/val/tissue_negative_20260724_131450_021.jpg,True,False,Keep one is not automatically safe; verify dataset/model provenance.
1993,b4b8ae1efe662bd62a3dfe6369520dbdf1b24dc04d031bb474fe336c8914e31a,253634,3,507268,data/datasets/tissue_box_front_orbbec_pilot/images/train/tissue_negative_20260724_131450_021.jpg,True,False,Keep one is not automatically safe; verify dataset/model provenance.
1993,b4b8ae1efe662bd62a3dfe6369520dbdf1b24dc04d031bb474fe336c8914e31a,253634,3,507268,data/object_anchor_capture/negative/images/tissue_negative_20260724_131450_021.jpg,True,False,Keep one is not automatically safe; verify dataset/model provenance.
1997,ed38e763d2f353e8aac2779084c2890a61d272cd4700df06e8118cec97002215,253453,2,253453,data/datasets/tissue_box_front_orbbec_full99/images/val/tissue_negative_20260724_131450_024.jpg,True,False,Keep one is not automatically safe; verify dataset/model provenance.
1997,ed38e763d2f353e8aac2779084c2890a61d272cd4700df06e8118cec97002215,253453,2,253453,data/object_anchor_capture/negative/images/tissue_negative_20260724_131450_024.jpg,True,False,Keep one is not automatically safe; verify dataset/model provenance.
2000,ef13ab32db053c9192e17fb26166c5a83cbd51ac3bec5dcf9dac4a3221b5d9a3,253340,2,253340,data/datasets/tissue_box_front_orbbec_full99/images/val/tissue_negative_20260724_131450_022.jpg,True,False,Keep one is not automatically safe; verify dataset/model provenance.
2000,ef13ab32db053c9192e17fb26166c5a83cbd51ac3bec5dcf9dac4a3221b5d9a3,253340,2,253340,data/object_anchor_capture/negative/images/tissue_negative_20260724_131450_022.jpg,True,False,Keep one is not automatically safe; verify dataset/model provenance.
2002,4e84b321d7f0a09135f3cbb6108c96b8e20b4c4c854c6157a5892a418a727f9b,253280,3,506560,data/cvat_exports/tissue_box_front_positive_v3_dataset/images/tissue_positive_20260724_131652_009.jpg,True,False,Keep one is not automatically safe; verify dataset/model provenance.
2002,4e84b321d7f0a09135f3cbb6108c96b8e20b4c4c854c6157a5892a418a727f9b,253280,3,506560,data/datasets/tissue_box_front_orbbec_full99/images/train/tissue_positive_20260724_131652_009.jpg,True,False,Keep one is not automatically safe; verify dataset/model provenance.
2002,4e84b321d7f0a09135f3cbb6108c96b8e20b4c4c854c6157a5892a418a727f9b,253280,3,506560,data/datasets/tissue_box_front_orbbec_valid99_source/images/all/tissue_positive_20260724_131652_009.jpg,True,False,Keep one is not automatically safe; verify dataset/model provenance.
2004,3ff13657bf222ca8cc00e5e11b50867f6fb8479a88734e4f13aaa48129d3624b,253210,3,506420,data/cvat_exports/tissue_box_front_positive_v3_dataset/images/tissue_positive_20260724_131652_045.jpg,True,False,Keep one is not automatically safe; verify dataset/model provenance.
2004,3ff13657bf222ca8cc00e5e11b50867f6fb8479a88734e4f13aaa48129d3624b,253210,3,506420,data/datasets/tissue_box_front_orbbec_full99/images/train/tissue_positive_20260724_131652_045.jpg,True,False,Keep one is not automatically safe; verify dataset/model provenance.
2004,3ff13657bf222ca8cc00e5e11b50867f6fb8479a88734e4f13aaa48129d3624b,253210,3,506420,data/datasets/tissue_box_front_orbbec_valid99_source/images/all/tissue_positive_20260724_131652_045.jpg,True,False,Keep one is not automatically safe; verify dataset/model provenance.
2005,32a8db9e5878bd9515652943e2aa1d43e6c12d360489aa879f20707205aae550,253157,2,253157,data/datasets/tissue_box_front_orbbec_full99/images/val/tissue_negative_20260724_131450_023.jpg,True,False,Keep one is not automatically safe; verify dataset/model provenance.
2005,32a8db9e5878bd9515652943e2aa1d43e6c12d360489aa879f20707205aae550,253157,2,253157,data/object_anchor_capture/negative/images/tissue_negative_20260724_131450_023.jpg,True,False,Keep one is not automatically safe; verify dataset/model provenance.
2007,f8830d38b13daba19b95c1bf8764c78fdf3003f3413e8acdf8ce880d7286ccf6,253054,3,506108,data/datasets/tissue_box_front_orbbec_full99/images/val/tissue_negative_20260724_131450_086.jpg,True,False,Keep one is not automatically safe; verify dataset/model provenance.
2007,f8830d38b13daba19b95c1bf8764c78fdf3003f3413e8acdf8ce880d7286ccf6,253054,3,506108,data/datasets/tissue_box_front_orbbec_pilot/images/train/tissue_negative_20260724_131450_086.jpg,True,False,Keep one is not automatically safe; verify dataset/model provenance.
2007,f8830d38b13daba19b95c1bf8764c78fdf3003f3413e8acdf8ce880d7286ccf6,253054,3,506108,data/object_anchor_capture/negative/images/tissue_negative_20260724_131450_086.jpg,True,False,Keep one is not automatically safe; verify dataset/model provenance.
2014,771e58d1df6a415b4316f21d0cb53368aadfa8ff7dfe1d47fad8d79e246ba065,252796,3,505592,data/datasets/tissue_box_front_orbbec_full99/images/val/tissue_negative_20260724_131450_026.jpg,True,False,Keep one is not automatically safe; verify dataset/model provenance.
2014,771e58d1df6a415b4316f21d0cb53368aadfa8ff7dfe1d47fad8d79e246ba065,252796,3,505592,data/datasets/tissue_box_front_orbbec_pilot/images/train/tissue_negative_20260724_131450_026.jpg,True,False,Keep one is not automatically safe; verify dataset/model provenance.
2014,771e58d1df6a415b4316f21d0cb53368aadfa8ff7dfe1d47fad8d79e246ba065,252796,3,505592,data/object_anchor_capture/negative/images/tissue_negative_20260724_131450_026.jpg,True,False,Keep one is not automatically safe; verify dataset/model provenance.
2017,ddd6da2ddf83c627d257bf58898cc8cd175ef1cca2d8e54d8455af81f1f7d7e5,252651,4,757953,data/cvat_exports/tissue_box_front_positive_v2_dataset/images/tissue_positive_20260724_131652_046.jpg,True,False,Keep one is not automatically safe; verify dataset/model provenance.
2017,ddd6da2ddf83c627d257bf58898cc8cd175ef1cca2d8e54d8455af81f1f7d7e5,252651,4,757953,data/datasets/tissue_box_front_orbbec_full99/images/train/tissue_positive_20260724_131652_046.jpg,True,False,Keep one is not automatically safe; verify dataset/model provenance.
2017,ddd6da2ddf83c627d257bf58898cc8cd175ef1cca2d8e54d8455af81f1f7d7e5,252651,4,757953,data/datasets/tissue_box_front_orbbec_pilot/images/train/tissue_positive_20260724_131652_046.jpg,True,False,Keep one is not automatically safe; verify dataset/model provenance.
2017,ddd6da2ddf83c627d257bf58898cc8cd175ef1cca2d8e54d8455af81f1f7d7e5,252651,4,757953,data/datasets/tissue_box_front_orbbec_valid99_source/images/all/tissue_positive_20260724_131652_046.jpg,True,False,Keep one is not automatically safe; verify dataset/model provenance.
2018,adddb85516e464d7e921b6709c5af8cfe19072042fe1f196e68d1b1bb4b74c83,252588,3,505176,data/datasets/tissue_box_front_orbbec_full99/images/train/tissue_negative_20260724_131450_001.jpg,True,False,Keep one is not automatically safe; verify dataset/model provenance.
2018,adddb85516e464d7e921b6709c5af8cfe19072042fe1f196e68d1b1bb4b74c83,252588,3,505176,data/datasets/tissue_box_front_orbbec_pilot/images/val/tissue_negative_20260724_131450_001.jpg,True,False,Keep one is not automatically safe; verify dataset/model provenance.
2018,adddb85516e464d7e921b6709c5af8cfe19072042fe1f196e68d1b1bb4b74c83,252588,3,505176,data/object_anchor_capture/negative/images/tissue_negative_20260724_131450_001.jpg,True,False,Keep one is not automatically safe; verify dataset/model provenance.
2025,1de49f431f65527dc4716163317ed6846c8d39c5b6046a3b9895902ec091aafd,252029,3,504058,data/cvat_exports/tissue_box_front_positive_v3_dataset/images/tissue_positive_20260724_131652_047.jpg,True,False,Keep one is not automatically safe; verify dataset/model provenance.
2025,1de49f431f65527dc4716163317ed6846c8d39c5b6046a3b9895902ec091aafd,252029,3,504058,data/datasets/tissue_box_front_orbbec_full99/images/train/tissue_positive_20260724_131652_047.jpg,True,False,Keep one is not automatically safe; verify dataset/model provenance.
2025,1de49f431f65527dc4716163317ed6846c8d39c5b6046a3b9895902ec091aafd,252029,3,504058,data/datasets/tissue_box_front_orbbec_valid99_source/images/all/tissue_positive_20260724_131652_047.jpg,True,False,Keep one is not automatically safe; verify dataset/model provenance.
2028,c0aa70bd38f6f27b85b709138f6c07f32500b8d57fac35bb47a2eebfbc66bf0a,251973,2,251973,data/datasets/tissue_box_front_orbbec_full99/images/val/tissue_negative_20260724_131450_027.jpg,True,False,Keep one is not automatically safe; verify dataset/model provenance.
2028,c0aa70bd38f6f27b85b709138f6c07f32500b8d57fac35bb47a2eebfbc66bf0a,251973,2,251973,data/object_anchor_capture/negative/images/tissue_negative_20260724_131450_027.jpg,True,False,Keep one is not automatically safe; verify dataset/model provenance.
2037,d6f245be1e97d30d2095f046bc9f7a3322c2ebbac3d0e5a0102df237a16b3765,251653,3,503306,data/datasets/tissue_box_front_orbbec_full99/images/train/tissue_negative_20260724_131450_016.jpg,True,False,Keep one is not automatically safe; verify dataset/model provenance.
2037,d6f245be1e97d30d2095f046bc9f7a3322c2ebbac3d0e5a0102df237a16b3765,251653,3,503306,data/datasets/tissue_box_front_orbbec_pilot/images/train/tissue_negative_20260724_131450_016.jpg,True,False,Keep one is not automatically safe; verify dataset/model provenance.
2037,d6f245be1e97d30d2095f046bc9f7a3322c2ebbac3d0e5a0102df237a16b3765,251653,3,503306,data/object_anchor_capture/negative/images/tissue_negative_20260724_131450_016.jpg,True,False,Keep one is not automatically safe; verify dataset/model provenance.
2043,ae7a57a9b14e48b97b70874d5765078942714f5696510bb2590528a3e864354b,251432,2,251432,data/datasets/tissue_box_front_orbbec_full99/images/val/tissue_negative_20260724_131450_085.jpg,True,False,Keep one is not automatically safe; verify dataset/model provenance.
2043,ae7a57a9b14e48b97b70874d5765078942714f5696510bb2590528a3e864354b,251432,2,251432,data/object_anchor_capture/negative/images/tissue_negative_20260724_131450_085.jpg,True,False,Keep one is not automatically safe; verify dataset/model provenance.
2045,3f6866761cc70f05f53304f6fdf8e5e8b8b8eb2fc4acf4337fccfa71355570dd,251299,2,251299,data/datasets/tissue_box_front_orbbec_full99/images/train/tissue_negative_20260724_131450_064.jpg,True,False,Keep one is not automatically safe; verify dataset/model provenance.
2045,3f6866761cc70f05f53304f6fdf8e5e8b8b8eb2fc4acf4337fccfa71355570dd,251299,2,251299,data/object_anchor_capture/negative/images/tissue_negative_20260724_131450_064.jpg,True,False,Keep one is not automatically safe; verify dataset/model provenance.
2047,e9034e2d636f26fb13493b351821d077e61e038d501319763dc4ef2bb6aa5ec5,251251,2,251251,data/datasets/tissue_box_front_orbbec_full99/images/train/tissue_negative_20260724_131450_065.jpg,True,False,Keep one is not automatically safe; verify dataset/model provenance.
2047,e9034e2d636f26fb13493b351821d077e61e038d501319763dc4ef2bb6aa5ec5,251251,2,251251,data/object_anchor_capture/negative/images/tissue_negative_20260724_131450_065.jpg,True,False,Keep one is not automatically safe; verify dataset/model provenance.
2050,f46ede87b87ae36ad3fd1233d96e4d6ef0c2cf0b958df23e49e1888447473eef,250959,2,250959,data/datasets/tissue_box_front_orbbec_full99/images/train/tissue_negative_20260724_131450_020.jpg,True,False,Keep one is not automatically safe; verify dataset/model provenance.
2050,f46ede87b87ae36ad3fd1233d96e4d6ef0c2cf0b958df23e49e1888447473eef,250959,2,250959,data/object_anchor_capture/negative/images/tissue_negative_20260724_131450_020.jpg,True,False,Keep one is not automatically safe; verify dataset/model provenance.
2052,014b02906a7164d2b152130eab5c25113201bcfdea2290d4e263e1fbc9a5a407,250895,2,250895,data/datasets/tissue_box_front_orbbec_full99/images/train/tissue_negative_20260724_131450_015.jpg,True,False,Keep one is not automatically safe; verify dataset/model provenance.
2052,014b02906a7164d2b152130eab5c25113201bcfdea2290d4e263e1fbc9a5a407,250895,2,250895,data/object_anchor_capture/negative/images/tissue_negative_20260724_131450_015.jpg,True,False,Keep one is not automatically safe; verify dataset/model provenance.
2055,8bc0a4bcb4030b3d92f9afd41257c2c2f8ec0ac0cede628c0db67df093182ca1,250840,3,501680,data/cvat_exports/tissue_box_front_positive_v3_dataset/images/tissue_positive_20260724_131652_052.jpg,True,False,Keep one is not automatically safe; verify dataset/model provenance.
2055,8bc0a4bcb4030b3d92f9afd41257c2c2f8ec0ac0cede628c0db67df093182ca1,250840,3,501680,data/datasets/tissue_box_front_orbbec_full99/images/train/tissue_positive_20260724_131652_052.jpg,True,False,Keep one is not automatically safe; verify dataset/model provenance.
2055,8bc0a4bcb4030b3d92f9afd41257c2c2f8ec0ac0cede628c0db67df093182ca1,250840,3,501680,data/datasets/tissue_box_front_orbbec_valid99_source/images/all/tissue_positive_20260724_131652_052.jpg,True,False,Keep one is not automatically safe; verify dataset/model provenance.
2056,253db7c80ca924ede06c1d7b5f147d88bb44bb13703647eb4270165182c8f4b9,250754,2,250754,data/datasets/tissue_box_front_orbbec_full99/images/train/tissue_negative_20260724_131450_018.jpg,True,False,Keep one is not automatically safe; verify dataset/model provenance.
2056,253db7c80ca924ede06c1d7b5f147d88bb44bb13703647eb4270165182c8f4b9,250754,2,250754,data/object_anchor_capture/negative/images/tissue_negative_20260724_131450_018.jpg,True,False,Keep one is not automatically safe; verify dataset/model provenance.
2060,ae42686685727fa0547b0d03af074c5e2570fdaff6c225e8977668f34da14671,250601,2,250601,data/datasets/tissue_box_front_orbbec_full99/images/train/tissue_negative_20260724_131450_017.jpg,True,False,Keep one is not automatically safe; verify dataset/model provenance.
2060,ae42686685727fa0547b0d03af074c5e2570fdaff6c225e8977668f34da14671,250601,2,250601,data/object_anchor_capture/negative/images/tissue_negative_20260724_131450_017.jpg,True,False,Keep one is not automatically safe; verify dataset/model provenance.
2062,9ed28265e00dc74b9879d589ff2956cd804fdf9d3d379d3f40ce4124c94b3a13,250558,2,250558,data/datasets/tissue_box_front_orbbec_full99/images/train/tissue_negative_20260724_131450_019.jpg,True,False,Keep one is not automatically safe; verify dataset/model provenance.
2062,9ed28265e00dc74b9879d589ff2956cd804fdf9d3d379d3f40ce4124c94b3a13,250558,2,250558,data/object_anchor_capture/negative/images/tissue_negative_20260724_131450_019.jpg,True,False,Keep one is not automatically safe; verify dataset/model provenance.
2068,0b777aea5df3858f01280d71aa118474385e7476b288cb377ca0bd7877457407,250264,3,500528,data/datasets/tissue_box_front_orbbec_full99/images/train/tissue_negative_20260724_131450_011.jpg,True,False,Keep one is not automatically safe; verify dataset/model provenance.
2068,0b777aea5df3858f01280d71aa118474385e7476b288cb377ca0bd7877457407,250264,3,500528,data/datasets/tissue_box_front_orbbec_pilot/images/train/tissue_negative_20260724_131450_011.jpg,True,False,Keep one is not automatically safe; verify dataset/model provenance.
2068,0b777aea5df3858f01280d71aa118474385e7476b288cb377ca0bd7877457407,250264,3,500528,data/object_anchor_capture/negative/images/tissue_negative_20260724_131450_011.jpg,True,False,Keep one is not automatically safe; verify dataset/model provenance.
2071,8d4ec2a9bfc04d0fb11217120e21519f2026aecb347c067476dc7a307e224420,250108,2,250108,data/datasets/tissue_box_front_orbbec_full99/images/train/tissue_negative_20260724_131450_014.jpg,True,False,Keep one is not automatically safe; verify dataset/model provenance.
2071,8d4ec2a9bfc04d0fb11217120e21519f2026aecb347c067476dc7a307e224420,250108,2,250108,data/object_anchor_capture/negative/images/tissue_negative_20260724_131450_014.jpg,True,False,Keep one is not automatically safe; verify dataset/model provenance.
2076,3938c13b8de8b14c9bde33ce3de01a59066183566759d587c2f3b91d7190c2a8,249943,3,499886,data/cvat_exports/tissue_box_front_positive_v3_dataset/images/tissue_positive_20260724_131652_003.jpg,True,False,Keep one is not automatically safe; verify dataset/model provenance.
2076,3938c13b8de8b14c9bde33ce3de01a59066183566759d587c2f3b91d7190c2a8,249943,3,499886,data/datasets/tissue_box_front_orbbec_full99/images/train/tissue_positive_20260724_131652_003.jpg,True,False,Keep one is not automatically safe; verify dataset/model provenance.
2076,3938c13b8de8b14c9bde33ce3de01a59066183566759d587c2f3b91d7190c2a8,249943,3,499886,data/datasets/tissue_box_front_orbbec_valid99_source/images/all/tissue_positive_20260724_131652_003.jpg,True,False,Keep one is not automatically safe; verify dataset/model provenance.
2078,d0272381281dcb6400f31100673700fd75ce3186e2aa0d0f45a5fa17924bc005,249849,2,249849,data/datasets/tissue_box_front_orbbec_full99/images/train/tissue_negative_20260724_131450_009.jpg,True,False,Keep one is not automatically safe; verify dataset/model provenance.
2078,d0272381281dcb6400f31100673700fd75ce3186e2aa0d0f45a5fa17924bc005,249849,2,249849,data/object_anchor_capture/negative/images/tissue_negative_20260724_131450_009.jpg,True,False,Keep one is not automatically safe; verify dataset/model provenance.
2079,24a73f8f13f207beca3ea779af365d9dbcf258d55b19d654f63cd7a9fdaccf76,249825,3,499650,data/cvat_exports/tissue_box_front_positive_v3_dataset/images/tissue_positive_20260724_131652_005.jpg,True,False,Keep one is not automatically safe; verify dataset/model provenance.
2079,24a73f8f13f207beca3ea779af365d9dbcf258d55b19d654f63cd7a9fdaccf76,249825,3,499650,data/datasets/tissue_box_front_orbbec_full99/images/train/tissue_positive_20260724_131652_005.jpg,True,False,Keep one is not automatically safe; verify dataset/model provenance.
2079,24a73f8f13f207beca3ea779af365d9dbcf258d55b19d654f63cd7a9fdaccf76,249825,3,499650,data/datasets/tissue_box_front_orbbec_valid99_source/images/all/tissue_positive_20260724_131652_005.jpg,True,False,Keep one is not automatically safe; verify dataset/model provenance.
2080,bae98120fb6a612d6e205c3a0e933b9b0b97272ce09f0f0efc5a0212a9358d19,249801,3,499602,data/cvat_exports/tissue_box_front_positive_v3_dataset/images/tissue_positive_20260724_131652_048.jpg,True,False,Keep one is not automatically safe; verify dataset/model provenance.
2080,bae98120fb6a612d6e205c3a0e933b9b0b97272ce09f0f0efc5a0212a9358d19,249801,3,499602,data/datasets/tissue_box_front_orbbec_full99/images/train/tissue_positive_20260724_131652_048.jpg,True,False,Keep one is not automatically safe; verify dataset/model provenance.
2080,bae98120fb6a612d6e205c3a0e933b9b0b97272ce09f0f0efc5a0212a9358d19,249801,3,499602,data/datasets/tissue_box_front_orbbec_valid99_source/images/all/tissue_positive_20260724_131652_048.jpg,True,False,Keep one is not automatically safe; verify dataset/model provenance.
2081,68cb01619018905f8a58e2caf9c72dfa0637bd4337c2e549c0234a931d1d7e2b,249760,2,249760,data/datasets/tissue_box_front_orbbec_full99/images/val/tissue_negative_20260724_131450_028.jpg,True,False,Keep one is not automatically safe; verify dataset/model provenance.
2081,68cb01619018905f8a58e2caf9c72dfa0637bd4337c2e549c0234a931d1d7e2b,249760,2,249760,data/object_anchor_capture/negative/images/tissue_negative_20260724_131450_028.jpg,True,False,Keep one is not automatically safe; verify dataset/model provenance.
2084,bb9eb78705d8ed2a4fd9091ba9d1310765fe29ac4796404242972f443f96e0bd,249666,3,499332,data/cvat_exports/tissue_box_front_positive_v3_dataset/images/tissue_positive_20260724_131652_007.jpg,True,False,Keep one is not automatically safe; verify dataset/model provenance.
2084,bb9eb78705d8ed2a4fd9091ba9d1310765fe29ac4796404242972f443f96e0bd,249666,3,499332,data/datasets/tissue_box_front_orbbec_full99/images/train/tissue_positive_20260724_131652_007.jpg,True,False,Keep one is not automatically safe; verify dataset/model provenance.
2084,bb9eb78705d8ed2a4fd9091ba9d1310765fe29ac4796404242972f443f96e0bd,249666,3,499332,data/datasets/tissue_box_front_orbbec_valid99_source/images/all/tissue_positive_20260724_131652_007.jpg,True,False,Keep one is not automatically safe; verify dataset/model provenance.
2085,a91bf03ba456db6090f8e1865f3bdbdade9fbb48149ca07b40a696af56012a1c,249586,3,499172,data/cvat_exports/tissue_box_front_positive_v3_dataset/images/tissue_positive_20260724_131652_004.jpg,True,False,Keep one is not automatically safe; verify dataset/model provenance.
2085,a91bf03ba456db6090f8e1865f3bdbdade9fbb48149ca07b40a696af56012a1c,249586,3,499172,data/datasets/tissue_box_front_orbbec_full99/images/train/tissue_positive_20260724_131652_004.jpg,True,False,Keep one is not automatically safe; verify dataset/model provenance.
2085,a91bf03ba456db6090f8e1865f3bdbdade9fbb48149ca07b40a696af56012a1c,249586,3,499172,data/datasets/tissue_box_front_orbbec_valid99_source/images/all/tissue_positive_20260724_131652_004.jpg,True,False,Keep one is not automatically safe; verify dataset/model provenance.
2086,fdb14d14e40b0fe822a170210045a3b9ea32b5636d023d88c2e41865f4c3ac89,249574,2,249574,data/datasets/tissue_box_front_orbbec_full99/images/train/tissue_negative_20260724_131450_010.jpg,True,False,Keep one is not automatically safe; verify dataset/model provenance.
2086,fdb14d14e40b0fe822a170210045a3b9ea32b5636d023d88c2e41865f4c3ac89,249574,2,249574,data/object_anchor_capture/negative/images/tissue_negative_20260724_131450_010.jpg,True,False,Keep one is not automatically safe; verify dataset/model provenance.
2087,1f2cce848337890db4681b3ce5f1a5501e2e0e829e05079e0e2497520e0f8a91,249404,2,249404,data/datasets/tissue_box_front_orbbec_full99/images/train/tissue_negative_20260724_131450_013.jpg,True,False,Keep one is not automatically safe; verify dataset/model provenance.
2087,1f2cce848337890db4681b3ce5f1a5501e2e0e829e05079e0e2497520e0f8a91,249404,2,249404,data/object_anchor_capture/negative/images/tissue_negative_20260724_131450_013.jpg,True,False,Keep one is not automatically safe; verify dataset/model provenance.
2088,4515d4c56f29f5d5c3db55cb411a301bec24540774951369aaa6be69f9835ba5,249334,4,748002,data/cvat_exports/tissue_box_front_positive_v2_dataset/images/tissue_positive_20260724_131652_051.jpg,True,False,Keep one is not automatically safe; verify dataset/model provenance.
2088,4515d4c56f29f5d5c3db55cb411a301bec24540774951369aaa6be69f9835ba5,249334,4,748002,data/datasets/tissue_box_front_orbbec_full99/images/train/tissue_positive_20260724_131652_051.jpg,True,False,Keep one is not automatically safe; verify dataset/model provenance.
2088,4515d4c56f29f5d5c3db55cb411a301bec24540774951369aaa6be69f9835ba5,249334,4,748002,data/datasets/tissue_box_front_orbbec_pilot/images/train/tissue_positive_20260724_131652_051.jpg,True,False,Keep one is not automatically safe; verify dataset/model provenance.
2088,4515d4c56f29f5d5c3db55cb411a301bec24540774951369aaa6be69f9835ba5,249334,4,748002,data/datasets/tissue_box_front_orbbec_valid99_source/images/all/tissue_positive_20260724_131652_051.jpg,True,False,Keep one is not automatically safe; verify dataset/model provenance.
2090,c238d5c620b2ecfb111f248015b0ca59b6f9d367284b69b3536856faeb61188a,249122,2,249122,data/datasets/tissue_box_front_orbbec_full99/images/train/tissue_negative_20260724_131450_008.jpg,True,False,Keep one is not automatically safe; verify dataset/model provenance.
2090,c238d5c620b2ecfb111f248015b0ca59b6f9d367284b69b3536856faeb61188a,249122,2,249122,data/object_anchor_capture/negative/images/tissue_negative_20260724_131450_008.jpg,True,False,Keep one is not automatically safe; verify dataset/model provenance.
2092,f5d1d7a1ba93e623e20e2d4e684afbc3ec0b1a15fbce9c3cbbf84fd7e608ec50,248783,2,248783,data/datasets/tissue_box_front_orbbec_full99/images/train/tissue_negative_20260724_131450_012.jpg,True,False,Keep one is not automatically safe; verify dataset/model provenance.
2092,f5d1d7a1ba93e623e20e2d4e684afbc3ec0b1a15fbce9c3cbbf84fd7e608ec50,248783,2,248783,data/object_anchor_capture/negative/images/tissue_negative_20260724_131450_012.jpg,True,False,Keep one is not automatically safe; verify dataset/model provenance.
2094,f6d85d6881b851dd86ee1f1c6160389a8efd73f12ce7ddca69f079c939b7db45,248705,3,497410,data/cvat_exports/tissue_box_front_positive_v3_dataset/images/tissue_positive_20260724_131652_050.jpg,True,False,Keep one is not automatically safe; verify dataset/model provenance.
2094,f6d85d6881b851dd86ee1f1c6160389a8efd73f12ce7ddca69f079c939b7db45,248705,3,497410,data/datasets/tissue_box_front_orbbec_full99/images/train/tissue_positive_20260724_131652_050.jpg,True,False,Keep one is not automatically safe; verify dataset/model provenance.
2094,f6d85d6881b851dd86ee1f1c6160389a8efd73f12ce7ddca69f079c939b7db45,248705,3,497410,data/datasets/tissue_box_front_orbbec_valid99_source/images/all/tissue_positive_20260724_131652_050.jpg,True,False,Keep one is not automatically safe; verify dataset/model provenance.
2098,fdd6e6e47a24358bca48654fbe6fe7283beb078f29e56a960ad11f04c2ce303d,248557,3,497114,data/cvat_exports/tissue_box_front_positive_v3_dataset/images/tissue_positive_20260724_131652_049.jpg,True,False,Keep one is not automatically safe; verify dataset/model provenance.
2098,fdd6e6e47a24358bca48654fbe6fe7283beb078f29e56a960ad11f04c2ce303d,248557,3,497114,data/datasets/tissue_box_front_orbbec_full99/images/train/tissue_positive_20260724_131652_049.jpg,True,False,Keep one is not automatically safe; verify dataset/model provenance.
2098,fdd6e6e47a24358bca48654fbe6fe7283beb078f29e56a960ad11f04c2ce303d,248557,3,497114,data/datasets/tissue_box_front_orbbec_valid99_source/images/all/tissue_positive_20260724_131652_049.jpg,True,False,Keep one is not automatically safe; verify dataset/model provenance.
2103,1f11c4d631bd46247570e98730df68dd4ac9c7d0d2b7849d4184b871d185dcdc,247258,4,741774,data/cvat_exports/tissue_box_front_positive_v2_dataset/images/tissue_positive_20260724_131652_006.jpg,True,False,Keep one is not automatically safe; verify dataset/model provenance.
2103,1f11c4d631bd46247570e98730df68dd4ac9c7d0d2b7849d4184b871d185dcdc,247258,4,741774,data/datasets/tissue_box_front_orbbec_full99/images/train/tissue_positive_20260724_131652_006.jpg,True,False,Keep one is not automatically safe; verify dataset/model provenance.
2103,1f11c4d631bd46247570e98730df68dd4ac9c7d0d2b7849d4184b871d185dcdc,247258,4,741774,data/datasets/tissue_box_front_orbbec_pilot/images/train/tissue_positive_20260724_131652_006.jpg,True,False,Keep one is not automatically safe; verify dataset/model provenance.
2103,1f11c4d631bd46247570e98730df68dd4ac9c7d0d2b7849d4184b871d185dcdc,247258,4,741774,data/datasets/tissue_box_front_orbbec_valid99_source/images/all/tissue_positive_20260724_131652_006.jpg,True,False,Keep one is not automatically safe; verify dataset/model provenance.
2111,789587aa38729cf48f1e1229cfb9f2acc27cef74f3ad2d6844b290718f92832c,246026,2,246026,data/datasets/tissue_box_front_orbbec_full99/images/train/tissue_negative_20260724_131450_002.jpg,True,False,Keep one is not automatically safe; verify dataset/model provenance.
2111,789587aa38729cf48f1e1229cfb9f2acc27cef74f3ad2d6844b290718f92832c,246026,2,246026,data/object_anchor_capture/negative/images/tissue_negative_20260724_131450_002.jpg,True,False,Keep one is not automatically safe; verify dataset/model provenance.
2112,86621ba5d115d4952719d6163ae66e6273ca6e049122e9ae33cea3774ca2255f,245924,2,245924,data/datasets/tissue_box_front_orbbec_full99/images/train/tissue_negative_20260724_131450_007.jpg,True,False,Keep one is not automatically safe; verify dataset/model provenance.
2112,86621ba5d115d4952719d6163ae66e6273ca6e049122e9ae33cea3774ca2255f,245924,2,245924,data/object_anchor_capture/negative/images/tissue_negative_20260724_131450_007.jpg,True,False,Keep one is not automatically safe; verify dataset/model provenance.
2115,9c279c9c3f12837f21477979c711fcc85eaf375c2127cd99dedad52dc96daf72,245546,2,245546,data/datasets/tissue_box_front_orbbec_full99/images/train/tissue_negative_20260724_131450_003.jpg,True,False,Keep one is not automatically safe; verify dataset/model provenance.
2115,9c279c9c3f12837f21477979c711fcc85eaf375c2127cd99dedad52dc96daf72,245546,2,245546,data/object_anchor_capture/negative/images/tissue_negative_20260724_131450_003.jpg,True,False,Keep one is not automatically safe; verify dataset/model provenance.
2120,c5a07cf8b8192dc2bde192e29ca771bcb5ad818980cb9c2342a750a808b5dede,244365,2,244365,data/datasets/tissue_box_front_orbbec_full99/images/train/tissue_negative_20260724_131450_004.jpg,True,False,Keep one is not automatically safe; verify dataset/model provenance.
2120,c5a07cf8b8192dc2bde192e29ca771bcb5ad818980cb9c2342a750a808b5dede,244365,2,244365,data/object_anchor_capture/negative/images/tissue_negative_20260724_131450_004.jpg,True,False,Keep one is not automatically safe; verify dataset/model provenance.
2122,6386f229a7f4c75a7c4274f34e1508ac5bae6af7b4f6ad990f4f2410162e3336,244298,3,488596,data/datasets/tissue_box_front_orbbec_full99/images/train/tissue_negative_20260724_131450_006.jpg,True,False,Keep one is not automatically safe; verify dataset/model provenance.
2122,6386f229a7f4c75a7c4274f34e1508ac5bae6af7b4f6ad990f4f2410162e3336,244298,3,488596,data/datasets/tissue_box_front_orbbec_pilot/images/train/tissue_negative_20260724_131450_006.jpg,True,False,Keep one is not automatically safe; verify dataset/model provenance.
2122,6386f229a7f4c75a7c4274f34e1508ac5bae6af7b4f6ad990f4f2410162e3336,244298,3,488596,data/object_anchor_capture/negative/images/tissue_negative_20260724_131450_006.jpg,True,False,Keep one is not automatically safe; verify dataset/model provenance.
2125,070bd2e12ffb63d0facb842227326547f0ed41f1d14c9e7ebc2da7ad43069acc,244093,2,244093,data/datasets/tissue_box_front_orbbec_full99/images/train/tissue_negative_20260724_131450_005.jpg,True,False,Keep one is not automatically safe; verify dataset/model provenance.
2125,070bd2e12ffb63d0facb842227326547f0ed41f1d14c9e7ebc2da7ad43069acc,244093,2,244093,data/object_anchor_capture/negative/images/tissue_negative_20260724_131450_005.jpg,True,False,Keep one is not automatically safe; verify dataset/model provenance.
2150,78e0662f172e462f0f82313aa72eeb90804fc356cbe032c70f4646ea0e958236,238067,2,238067,out/object_anchor_full99/training/val_batch2_pred.jpg,False,False,Keep one is not automatically safe; verify dataset/model provenance.
2150,78e0662f172e462f0f82313aa72eeb90804fc356cbe032c70f4646ea0e958236,238067,2,238067,runs/object_anchor_pose/tissue_box_01_front_only_orbbec_full99/val_batch2_pred.jpg,False,False,Keep one is not automatically safe; verify dataset/model provenance.
2156,8033c23982f7f9488b61d45c8a310e3d03b18905f1435eba4d7f87060cb7c528,235984,2,235984,out/object_anchor_full99/training/val_batch2_labels.jpg,False,False,Keep one is not automatically safe; verify dataset/model provenance.
2156,8033c23982f7f9488b61d45c8a310e3d03b18905f1435eba4d7f87060cb7c528,235984,2,235984,runs/object_anchor_pose/tissue_box_01_front_only_orbbec_full99/val_batch2_labels.jpg,False,False,Keep one is not automatically safe; verify dataset/model provenance.
2182,f4446f72f75d0bdd3a5d12d6fe1db779b65d88e9567fb463d9919ed781518c52,224180,4,672540,out/object_anchor_full99/training/val_batch1_labels.jpg,False,False,Keep one is not automatically safe; verify dataset/model provenance.
2182,f4446f72f75d0bdd3a5d12d6fe1db779b65d88e9567fb463d9919ed781518c52,224180,4,672540,out/object_anchor_full99/training/val_batch1_pred.jpg,False,False,Keep one is not automatically safe; verify dataset/model provenance.
2182,f4446f72f75d0bdd3a5d12d6fe1db779b65d88e9567fb463d9919ed781518c52,224180,4,672540,runs/object_anchor_pose/tissue_box_01_front_only_orbbec_full99/val_batch1_labels.jpg,False,False,Keep one is not automatically safe; verify dataset/model provenance.
2182,f4446f72f75d0bdd3a5d12d6fe1db779b65d88e9567fb463d9919ed781518c52,224180,4,672540,runs/object_anchor_pose/tissue_box_01_front_only_orbbec_full99/val_batch1_pred.jpg,False,False,Keep one is not automatically safe; verify dataset/model provenance.
2194,f72f23ac80e2cf1307702af476143884b2a3f5c2066bf7433b12ce1211a04beb,218439,4,655317,out/object_anchor_full99/training/val_batch0_labels.jpg,False,False,Keep one is not automatically safe; verify dataset/model provenance.
2194,f72f23ac80e2cf1307702af476143884b2a3f5c2066bf7433b12ce1211a04beb,218439,4,655317,out/object_anchor_full99/training/val_batch0_pred.jpg,False,False,Keep one is not automatically safe; verify dataset/model provenance.
2194,f72f23ac80e2cf1307702af476143884b2a3f5c2066bf7433b12ce1211a04beb,218439,4,655317,runs/object_anchor_pose/tissue_box_01_front_only_orbbec_full99/val_batch0_labels.jpg,False,False,Keep one is not automatically safe; verify dataset/model provenance.
2194,f72f23ac80e2cf1307702af476143884b2a3f5c2066bf7433b12ce1211a04beb,218439,4,655317,runs/object_anchor_pose/tissue_box_01_front_only_orbbec_full99/val_batch0_pred.jpg,False,False,Keep one is not automatically safe; verify dataset/model provenance.
2280,d85e820127530f28b4842ab546b22102aa1d0cf6ba159de315df7d1ebb59db2e,185213,2,185213,out/object_anchor/synthetic_cuboid_8point_pose.png,False,False,Keep one is not automatically safe; verify dataset/model provenance.
2280,d85e820127530f28b4842ab546b22102aa1d0cf6ba159de315df7d1ebb59db2e,185213,2,185213,out/object_anchor/synthetic_tissue_box_pose.png,False,False,Keep one is not automatically safe; verify dataset/model provenance.
2297,55bf7d4a1de21d130a39ca38824eb61ba061edbf8449838634246bde30fde403,181410,2,181410,.venv/Lib/site-packages/cv2/LICENSE-3RD-PARTY.txt,True,False,Keep one is not automatically safe; verify dataset/model provenance.
2297,55bf7d4a1de21d130a39ca38824eb61ba061edbf8449838634246bde30fde403,181410,2,181410,.venv/Lib/site-packages/opencv_python-4.13.0.92.dist-info/LICENSE-3RD-PARTY.txt,True,False,Keep one is not automatically safe; verify dataset/model provenance.
2305,2e06ecc05720eb8eda9520b949ac033c7f7ac6e4cc71698ca9503a66fb362b74,179911,2,179911,.venv/Lib/site-packages/pygame/docs/generated/_images/pygame_powered.png,True,False,Keep one is not automatically safe; verify dataset/model provenance.
2305,2e06ecc05720eb8eda9520b949ac033c7f7ac6e4cc71698ca9503a66fb362b74,179911,2,179911,.venv/Lib/site-packages/pygame/docs/generated/_static/pygame_powered.png,True,False,Keep one is not automatically safe; verify dataset/model provenance.
2306,f60a3958c8801387d312607dc3ecdab447d1386975214589181a4aa0bab2fb05,179911,2,179911,.venv/Lib/site-packages/pygame/docs/generated/_images/pygame_powered_lowres.png,True,False,Keep one is not automatically safe; verify dataset/model provenance.
2306,f60a3958c8801387d312607dc3ecdab447d1386975214589181a4aa0bab2fb05,179911,2,179911,.venv/Lib/site-packages/pygame/docs/generated/_static/pygame_powered_lowres.png,True,False,Keep one is not automatically safe; verify dataset/model provenance.
2347,1aa8371f4621f7065205d95de229ef5473dc0dcbfdd1094d0dfab94569c63a00,168319,2,168319,.venv/Lib/site-packages/pyorbbecsdk/config/OrbbecSDKConfig.xml,True,False,Keep one is not automatically safe; verify dataset/model provenance.
2347,1aa8371f4621f7065205d95de229ef5473dc0dcbfdd1094d0dfab94569c63a00,168319,2,168319,.venv/Lib/site-packages/pyorbbecsdk/OrbbecSDKConfig.xml,True,False,Keep one is not automatically safe; verify dataset/model provenance.
2359,ea21c486aa3f1e75d17e642ff72ae260c737757f10d93c066d218341110590de,165586,2,165586,.venv/Lib/site-packages/pygame/docs/generated/_images/introduction-Battleship.png,True,False,Keep one is not automatically safe; verify dataset/model provenance.
2359,ea21c486aa3f1e75d17e642ff72ae260c737757f10d93c066d218341110590de,165586,2,165586,.venv/Lib/site-packages/pygame/docs/generated/_images/introduction-Battleship1.png,True,False,Keep one is not automatically safe; verify dataset/model provenance.
2479,aecc8b00cff8c866a0ee656eca5ae68a864ab7885973ce4c3bf9b8ad7576b511,138689,2,138689,out/object_anchor_full99/training/train_batch0.jpg,False,False,Keep one is not automatically safe; verify dataset/model provenance.
2479,aecc8b00cff8c866a0ee656eca5ae68a864ab7885973ce4c3bf9b8ad7576b511,138689,2,138689,runs/object_anchor_pose/tissue_box_01_front_only_orbbec_full99/train_batch0.jpg,False,False,Keep one is not automatically safe; verify dataset/model provenance.
2501,3388a864cca34769fba50229f14846455e26d95feb717242ba8e6553757bc86c,136031,2,136031,.venv/Lib/site-packages/pygame/docs/generated/_images/introduction-TPS.png,True,False,Keep one is not automatically safe; verify dataset/model provenance.
2501,3388a864cca34769fba50229f14846455e26d95feb717242ba8e6553757bc86c,136031,2,136031,.venv/Lib/site-packages/pygame/docs/generated/_images/introduction-TPS1.png,True,False,Keep one is not automatically safe; verify dataset/model provenance.
2510,4011020546a5247444c5785fee7b7e429b1572ef4b4374520185554b4e005f73,134242,2,134242,.venv/Lib/site-packages/pygame/docs/generated/_images/pygame_lofi.png,True,False,Keep one is not automatically safe; verify dataset/model provenance.
2510,4011020546a5247444c5785fee7b7e429b1572ef4b4374520185554b4e005f73,134242,2,134242,.venv/Lib/site-packages/pygame/docs/generated/_static/pygame_lofi.png,True,False,Keep one is not automatically safe; verify dataset/model provenance.
2516,9eb67a1517ade1dc25bc0ef139179808fd90c3219e6e4d2254969215bb693a13,133088,2,133088,.venv/Lib/site-packages/pygame/examples/data/sans.ttf,True,False,Keep one is not automatically safe; verify dataset/model provenance.
2516,9eb67a1517ade1dc25bc0ef139179808fd90c3219e6e4d2254969215bb693a13,133088,2,133088,.venv/Lib/site-packages/pygame/tests/fixtures/fonts/test_sans.ttf,True,False,Keep one is not automatically safe; verify dataset/model provenance.
2519,49736d3bac22f814db68ff04171e3b3260079fba37a56dbe671429423d12f4bc,132772,2,132772,out/object_anchor_full99/training/train_batch1.jpg,False,False,Keep one is not automatically safe; verify dataset/model provenance.
2519,49736d3bac22f814db68ff04171e3b3260079fba37a56dbe671429423d12f4bc,132772,2,132772,runs/object_anchor_pose/tissue_box_01_front_only_orbbec_full99/train_batch1.jpg,False,False,Keep one is not automatically safe; verify dataset/model provenance.
2520,25cd4bcf8ee96379878c414dcd05d5f60c7ea255146021ae158aeeb6771a4d71,132068,2,132068,.venv/Lib/site-packages/pygame/docs/generated/_images/pygame_logo.png,True,False,Keep one is not automatically safe; verify dataset/model provenance.
2520,25cd4bcf8ee96379878c414dcd05d5f60c7ea255146021ae158aeeb6771a4d71,132068,2,132068,.venv/Lib/site-packages/pygame/docs/generated/_static/pygame_logo.png,True,False,Keep one is not automatically safe; verify dataset/model provenance.
2558,db721d1479162d519b2ea03d931e0797311445ca5f3a0076625c2977b0ed0a7a,126255,2,126255,out/object_anchor_full99/training/labels.jpg,False,False,Keep one is not automatically safe; verify dataset/model provenance.
2558,db721d1479162d519b2ea03d931e0797311445ca5f3a0076625c2977b0ed0a7a,126255,2,126255,runs/object_anchor_pose/tissue_box_01_front_only_orbbec_full99/labels.jpg,False,False,Keep one is not automatically safe; verify dataset/model provenance.
2561,b4cd37450f1a721d72e1f60ce24baea64ace0289c56b46d7160b884220518653,125952,2,125952,out/object_anchor_full99/training/train_batch2.jpg,False,False,Keep one is not automatically safe; verify dataset/model provenance.
2561,b4cd37450f1a721d72e1f60ce24baea64ace0289c56b46d7160b884220518653,125952,2,125952,runs/object_anchor_pose/tissue_box_01_front_only_orbbec_full99/train_batch2.jpg,False,False,Keep one is not automatically safe; verify dataset/model provenance.
2707,80edb09c76c4fe6ba453d5bc504e48523277b13f9faa8000876c5be2da3fec12,108891,2,108891,data/datasets/tissue_box_front_orbbec_full99/split_manifest.csv,True,False,Keep one is not automatically safe; verify dataset/model provenance.
2707,80edb09c76c4fe6ba453d5bc504e48523277b13f9faa8000876c5be2da3fec12,108891,2,108891,out/object_anchor_full99/split_manifest.csv,True,False,Keep one is not automatically safe; verify dataset/model provenance.
2711,4ac2f59916654ab2721221378685b699654a3cbc8831790dbcff74c519aeef04,108406,3,216812,.venv/Scripts/pip.exe,True,False,Keep one is not automatically safe; verify dataset/model provenance.
2711,4ac2f59916654ab2721221378685b699654a3cbc8831790dbcff74c519aeef04,108406,3,216812,.venv/Scripts/pip3.12.exe,True,False,Keep one is not automatically safe; verify dataset/model provenance.
2711,4ac2f59916654ab2721221378685b699654a3cbc8831790dbcff74c519aeef04,108406,3,216812,.venv/Scripts/pip3.exe,True,False,Keep one is not automatically safe; verify dataset/model provenance.
2714,90d9c41824642c8c2d0d098609d4ce0fc202d70a5cf52bb0d688e66c3774c49e,108359,2,108359,.venv/Scripts/ultralytics.exe,True,False,Keep one is not automatically safe; verify dataset/model provenance.
2714,90d9c41824642c8c2d0d098609d4ce0fc202d70a5cf52bb0d688e66c3774c49e,108359,2,108359,.venv/Scripts/yolo.exe,True,False,Keep one is not automatically safe; verify dataset/model provenance.
2715,349fba9580951a4ead7d8f10fec66b647888ed23f4aae62ed2a72e7ea5f674ff,108354,2,108354,.venv/Scripts/py.test.exe,True,False,Keep one is not automatically safe; verify dataset/model provenance.
2715,349fba9580951a4ead7d8f10fec66b647888ed23f4aae62ed2a72e7ea5f674ff,108354,2,108354,.venv/Scripts/pytest.exe,True,False,Keep one is not automatically safe; verify dataset/model provenance.
2745,ef8529c99286ea0b855369c2d8038e08389d3e769f24218a311caf717179206e,106324,2,106324,runs/object_anchor_pose/tissue_box_01_front_only_orbbec_pilot/BoxF1_curve.png,False,False,Keep one is not automatically safe; verify dataset/model provenance.
2745,ef8529c99286ea0b855369c2d8038e08389d3e769f24218a311caf717179206e,106324,2,106324,runs/object_anchor_pose/tissue_box_01_front_only_orbbec_pilot/PoseF1_curve.png,False,False,Keep one is not automatically safe; verify dataset/model provenance.
2880,475daef0878b2a9ad0380456f3418187f1f92378fd4d86982921acd49617df4d,95913,2,95913,runs/object_anchor_pose/tissue_box_01_front_only_pilot/BoxF1_curve.png,False,False,Keep one is not automatically safe; verify dataset/model provenance.
2880,475daef0878b2a9ad0380456f3418187f1f92378fd4d86982921acd49617df4d,95913,2,95913,runs/object_anchor_pose/tissue_box_01_front_only_pilot/PoseF1_curve.png,False,False,Keep one is not automatically safe; verify dataset/model provenance.
2921,acca182387dc3f49069e3fec52df3775f1f739b5a84d25d23fff4dd29c757d2e,92288,2,92288,out/object_anchor_full99/training/confusion_matrix.png,False,False,Keep one is not automatically safe; verify dataset/model provenance.
2921,acca182387dc3f49069e3fec52df3775f1f739b5a84d25d23fff4dd29c757d2e,92288,2,92288,runs/object_anchor_pose/tissue_box_01_front_only_orbbec_full99/confusion_matrix.png,False,False,Keep one is not automatically safe; verify dataset/model provenance.
2924,42b71c747ca9c8f4a3d76bd62231f7fc2e4e00a22ba3a41ee97348d9420d3a29,92079,2,92079,out/object_anchor_full99/training/confusion_matrix_normalized.png,False,False,Keep one is not automatically safe; verify dataset/model provenance.
2924,42b71c747ca9c8f4a3d76bd62231f7fc2e4e00a22ba3a41ee97348d9420d3a29,92079,2,92079,runs/object_anchor_pose/tissue_box_01_front_only_orbbec_full99/confusion_matrix_normalized.png,False,False,Keep one is not automatically safe; verify dataset/model provenance.
2930,bbe0edb2cc9ffe8a85f9d3f19aa09cfcdf681dd8697d74182612ae4f9286872c,91923,2,91923,runs/object_anchor_pose/tissue_box_01_front_only_orbbec_pilot/confusion_matrix_normalized.png,False,False,Keep one is not automatically safe; verify dataset/model provenance.
2930,bbe0edb2cc9ffe8a85f9d3f19aa09cfcdf681dd8697d74182612ae4f9286872c,91923,2,91923,runs/object_anchor_pose/tissue_box_01_front_only_pilot/confusion_matrix_normalized.png,False,False,Keep one is not automatically safe; verify dataset/model provenance.
2967,4a4c911d338b2b6fc2611b3f20f4a42332bb14bad8720922ffbf42b6df4bac24,89134,2,89134,runs/object_anchor_pose/tissue_box_01_front_only_orbbec_pilot/BoxR_curve.png,False,False,Keep one is not automatically safe; verify dataset/model provenance.
2967,4a4c911d338b2b6fc2611b3f20f4a42332bb14bad8720922ffbf42b6df4bac24,89134,2,89134,runs/object_anchor_pose/tissue_box_01_front_only_orbbec_pilot/PoseR_curve.png,False,False,Keep one is not automatically safe; verify dataset/model provenance.
2973,380f87b647f75322020c2a020c8fd0a474e99e12e44d64f42431dc28ac7febe8,88867,4,266601,out/object_anchor_full99/training/BoxF1_curve.png,False,False,Keep one is not automatically safe; verify dataset/model provenance.
2973,380f87b647f75322020c2a020c8fd0a474e99e12e44d64f42431dc28ac7febe8,88867,4,266601,out/object_anchor_full99/training/PoseF1_curve.png,False,False,Keep one is not automatically safe; verify dataset/model provenance.
2973,380f87b647f75322020c2a020c8fd0a474e99e12e44d64f42431dc28ac7febe8,88867,4,266601,runs/object_anchor_pose/tissue_box_01_front_only_orbbec_full99/BoxF1_curve.png,False,False,Keep one is not automatically safe; verify dataset/model provenance.
2973,380f87b647f75322020c2a020c8fd0a474e99e12e44d64f42431dc28ac7febe8,88867,4,266601,runs/object_anchor_pose/tissue_box_01_front_only_orbbec_full99/PoseF1_curve.png,False,False,Keep one is not automatically safe; verify dataset/model provenance.
2975,351dea54e84f82d69108bad6133cbe3f84007fb9cccbb19b1d35909062dafc2e,88768,2,88768,runs/object_anchor_pose/tissue_box_01_front_only_pilot/BoxR_curve.png,False,False,Keep one is not automatically safe; verify dataset/model provenance.
2975,351dea54e84f82d69108bad6133cbe3f84007fb9cccbb19b1d35909062dafc2e,88768,2,88768,runs/object_anchor_pose/tissue_box_01_front_only_pilot/PoseR_curve.png,False,False,Keep one is not automatically safe; verify dataset/model provenance.
2980,7eff5367595327fcc2faf3cfd83453a8fa18234166568a3db1539481e6192627,88332,2,88332,runs/object_anchor_pose/tissue_box_01_front_only_orbbec_pilot/BoxP_curve.png,False,False,Keep one is not automatically safe; verify dataset/model provenance.
2980,7eff5367595327fcc2faf3cfd83453a8fa18234166568a3db1539481e6192627,88332,2,88332,runs/object_anchor_pose/tissue_box_01_front_only_orbbec_pilot/PoseP_curve.png,False,False,Keep one is not automatically safe; verify dataset/model provenance.
3012,fa0749cbb9dee7d997cea38ddd82687b56b74335c9ff02af6b0ba31bb67deee6,86837,4,260511,out/object_anchor_full99/training/BoxR_curve.png,False,False,Keep one is not automatically safe; verify dataset/model provenance.
3012,fa0749cbb9dee7d997cea38ddd82687b56b74335c9ff02af6b0ba31bb67deee6,86837,4,260511,out/object_anchor_full99/training/PoseR_curve.png,False,False,Keep one is not automatically safe; verify dataset/model provenance.
3012,fa0749cbb9dee7d997cea38ddd82687b56b74335c9ff02af6b0ba31bb67deee6,86837,4,260511,runs/object_anchor_pose/tissue_box_01_front_only_orbbec_full99/BoxR_curve.png,False,False,Keep one is not automatically safe; verify dataset/model provenance.
3012,fa0749cbb9dee7d997cea38ddd82687b56b74335c9ff02af6b0ba31bb67deee6,86837,4,260511,runs/object_anchor_pose/tissue_box_01_front_only_orbbec_full99/PoseR_curve.png,False,False,Keep one is not automatically safe; verify dataset/model provenance.
3033,2f93cb7fdbdce170529e187e3ab92860dde272ba18e538a768ec0f70f48ad4cc,85364,2,85364,runs/object_anchor_pose/tissue_box_01_front_only_pilot/BoxP_curve.png,False,False,Keep one is not automatically safe; verify dataset/model provenance.
3033,2f93cb7fdbdce170529e187e3ab92860dde272ba18e538a768ec0f70f48ad4cc,85364,2,85364,runs/object_anchor_pose/tissue_box_01_front_only_pilot/PoseP_curve.png,False,False,Keep one is not automatically safe; verify dataset/model provenance.
3196,dc5d9cdc09eb6af1a0b1133168d5e569e932aab84c976730632489c618fb2f40,77061,2,77061,.venv/Lib/site-packages/pygame/docs/generated/_images/Bagic-INPUT-sourcecode.png,True,False,Keep one is not automatically safe; verify dataset/model provenance.
3196,dc5d9cdc09eb6af1a0b1133168d5e569e932aab84c976730632489c618fb2f40,77061,2,77061,.venv/Lib/site-packages/pygame/docs/generated/_images/Bagic-INPUT-sourcecode1.png,True,False,Keep one is not automatically safe; verify dataset/model provenance.
3308,d94303c1e22045e7f31c54c970981b0ec5a0cbe4a5c8e61ac3600a0fa34ac263,72233,2,72233,.venv/Lib/site-packages/pygame/docs/generated/_images/AdvancedInputOutput2.gif,True,False,Keep one is not automatically safe; verify dataset/model provenance.
3308,d94303c1e22045e7f31c54c970981b0ec5a0cbe4a5c8e61ac3600a0fa34ac263,72233,2,72233,.venv/Lib/site-packages/pygame/docs/generated/_images/AdvancedInputOutput21.gif,True,False,Keep one is not automatically safe; verify dataset/model provenance.
3316,f44d9800850b58766c0042dfa8b7f981da8befeb84f846e0e2ea8a81b4b25589,71819,2,71819,.venv/Lib/site-packages/pygame/docs/generated/_images/AdvancedOutputAlpha2.gif,True,False,Keep one is not automatically safe; verify dataset/model provenance.
3316,f44d9800850b58766c0042dfa8b7f981da8befeb84f846e0e2ea8a81b4b25589,71819,2,71819,.venv/Lib/site-packages/pygame/docs/generated/_images/AdvancedOutputAlpha21.gif,True,False,Keep one is not automatically safe; verify dataset/model provenance.
3333,2909f9c317077ddee92305c510a88e76fdef53278ff4df0c46fa01447829c1d5,71128,2,71128,runs/object_anchor_pose/tissue_box_01_front_only_pilot/BoxPR_curve.png,False,False,Keep one is not automatically safe; verify dataset/model provenance.
3333,2909f9c317077ddee92305c510a88e76fdef53278ff4df0c46fa01447829c1d5,71128,2,71128,runs/object_anchor_pose/tissue_box_01_front_only_pilot/PosePR_curve.png,False,False,Keep one is not automatically safe; verify dataset/model provenance.
3339,a791f031909e60eb18fe1550d4b2b48697dc355e14b1ddf2cddfadc05cab9b8c,70920,4,212760,out/object_anchor_full99/training/BoxP_curve.png,False,False,Keep one is not automatically safe; verify dataset/model provenance.
3339,a791f031909e60eb18fe1550d4b2b48697dc355e14b1ddf2cddfadc05cab9b8c,70920,4,212760,out/object_anchor_full99/training/PoseP_curve.png,False,False,Keep one is not automatically safe; verify dataset/model provenance.
3339,a791f031909e60eb18fe1550d4b2b48697dc355e14b1ddf2cddfadc05cab9b8c,70920,4,212760,runs/object_anchor_pose/tissue_box_01_front_only_orbbec_full99/BoxP_curve.png,False,False,Keep one is not automatically safe; verify dataset/model provenance.
3339,a791f031909e60eb18fe1550d4b2b48697dc355e14b1ddf2cddfadc05cab9b8c,70920,4,212760,runs/object_anchor_pose/tissue_box_01_front_only_orbbec_full99/PoseP_curve.png,False,False,Keep one is not automatically safe; verify dataset/model provenance.
3372,fc9de1428dfa67bc77859b6f4e0ac55eebfc586455edd2a7d2b21fc4b5d984cf,69591,6,347955,out/object_anchor_full99/training/BoxPR_curve.png,False,False,Keep one is not automatically safe; verify dataset/model provenance.
3372,fc9de1428dfa67bc77859b6f4e0ac55eebfc586455edd2a7d2b21fc4b5d984cf,69591,6,347955,out/object_anchor_full99/training/PosePR_curve.png,False,False,Keep one is not automatically safe; verify dataset/model provenance.
3372,fc9de1428dfa67bc77859b6f4e0ac55eebfc586455edd2a7d2b21fc4b5d984cf,69591,6,347955,runs/object_anchor_pose/tissue_box_01_front_only_orbbec_full99/BoxPR_curve.png,False,False,Keep one is not automatically safe; verify dataset/model provenance.
3372,fc9de1428dfa67bc77859b6f4e0ac55eebfc586455edd2a7d2b21fc4b5d984cf,69591,6,347955,runs/object_anchor_pose/tissue_box_01_front_only_orbbec_full99/PosePR_curve.png,False,False,Keep one is not automatically safe; verify dataset/model provenance.
3372,fc9de1428dfa67bc77859b6f4e0ac55eebfc586455edd2a7d2b21fc4b5d984cf,69591,6,347955,runs/object_anchor_pose/tissue_box_01_front_only_orbbec_pilot/BoxPR_curve.png,False,False,Keep one is not automatically safe; verify dataset/model provenance.
3372,fc9de1428dfa67bc77859b6f4e0ac55eebfc586455edd2a7d2b21fc4b5d984cf,69591,6,347955,runs/object_anchor_pose/tissue_box_01_front_only_orbbec_pilot/PosePR_curve.png,False,False,Keep one is not automatically safe; verify dataset/model provenance.
3475,be3d03eb0ad714d8c81ca991159ae5b591f89c7e75cc6e984b2f78203d9f5a8b,66070,2,66070,.venv/Lib/site-packages/pygame/docs/generated/_images/Bagic-PROCESS-sourcecode.png,True,False,Keep one is not automatically safe; verify dataset/model provenance.
3475,be3d03eb0ad714d8c81ca991159ae5b591f89c7e75cc6e984b2f78203d9f5a8b,66070,2,66070,.venv/Lib/site-packages/pygame/docs/generated/_images/Bagic-PROCESS-sourcecode1.png,True,False,Keep one is not automatically safe; verify dataset/model provenance.
3790,07a3958ef3ad036670884c09c9890ad7eb6c1b2375df2f0ef6496cd4e62fcd3a,57466,2,57466,.venv/Lib/site-packages/pygame/docs/generated/_images/Basic-ouput-sourcecode.png,True,False,Keep one is not automatically safe; verify dataset/model provenance.
3790,07a3958ef3ad036670884c09c9890ad7eb6c1b2375df2f0ef6496cd4e62fcd3a,57466,2,57466,.venv/Lib/site-packages/pygame/docs/generated/_images/Basic-ouput-sourcecode1.png,True,False,Keep one is not automatically safe; verify dataset/model provenance.
4066,596ec35e2ca0ebcba9fd8343ff0a51625af548786257815f24b41f7e08613314,51122,3,102244,.venv/Lib/site-packages/packaging/licenses/_spdx.py,True,False,Keep one is not automatically safe; verify dataset/model provenance.
4066,596ec35e2ca0ebcba9fd8343ff0a51625af548786257815f24b41f7e08613314,51122,3,102244,.venv/Lib/site-packages/pip/_vendor/packaging/licenses/_spdx.py,True,False,Keep one is not automatically safe; verify dataset/model provenance.
4066,596ec35e2ca0ebcba9fd8343ff0a51625af548786257815f24b41f7e08613314,51122,3,102244,.venv/Lib/site-packages/setuptools/_vendor/packaging/licenses/_spdx.py,True,False,Keep one is not automatically safe; verify dataset/model provenance.
4843,72b021d04dc654656a3e5bba11d445b1a1be63a518ce74d4aa3b8629118fbfa7,38770,2,38770,.venv/Lib/site-packages/packaging/metadata.py,True,False,Keep one is not automatically safe; verify dataset/model provenance.
4843,72b021d04dc654656a3e5bba11d445b1a1be63a518ce74d4aa3b8629118fbfa7,38770,2,38770,.venv/Lib/site-packages/pip/_vendor/packaging/metadata.py,True,False,Keep one is not automatically safe; verify dataset/model provenance.
4956,0ba37877f243e1034c8cbc0f7483423855ae7f20f8bccedbe4ba51d8668731c6,37349,2,37349,.venv/Lib/site-packages/pygame/docs/generated/_images/AdvancedInputOutput5.gif,True,False,Keep one is not automatically safe; verify dataset/model provenance.
4956,0ba37877f243e1034c8cbc0f7483423855ae7f20f8bccedbe4ba51d8668731c6,37349,2,37349,.venv/Lib/site-packages/pygame/docs/generated/_images/AdvancedInputOutput51.gif,True,False,Keep one is not automatically safe; verify dataset/model provenance.
5245,9f357f334268038683c86c297bc956a1415de5cd4f2be5b1508fa517c5b37d04,34058,2,34058,.venv/Lib/site-packages/pygame/docs/generated/_images/AdvancedOutputProcess6.gif,True,False,Keep one is not automatically safe; verify dataset/model provenance.
5245,9f357f334268038683c86c297bc956a1415de5cd4f2be5b1508fa517c5b37d04,34058,2,34058,.venv/Lib/site-packages/pygame/docs/generated/_images/AdvancedOutputProcess61.gif,True,False,Keep one is not automatically safe; verify dataset/model provenance.
5265,1bfd609dc4e60db44b6358e8e150c8f54c3e6f9204ae1fd0f55fc16d5253983f,33890,2,33890,.venv/Lib/site-packages/packaging/pylock.py,True,False,Keep one is not automatically safe; verify dataset/model provenance.
5265,1bfd609dc4e60db44b6358e8e150c8f54c3e6f9204ae1fd0f55fc16d5253983f,33890,2,33890,.venv/Lib/site-packages/pip/_vendor/packaging/pylock.py,True,False,Keep one is not automatically safe; verify dataset/model provenance.
5537,384323152cd073cbc92d0af251d929ee52770e1230ff2128e7ee679b6bc17ebb,31388,2,31388,.venv/Lib/site-packages/pygame/docs/generated/_images/introduction-PuyoPuyo.png,True,False,Keep one is not automatically safe; verify dataset/model provenance.
5537,384323152cd073cbc92d0af251d929ee52770e1230ff2128e7ee679b6bc17ebb,31388,2,31388,.venv/Lib/site-packages/pygame/docs/generated/_images/introduction-PuyoPuyo1.png,True,False,Keep one is not automatically safe; verify dataset/model provenance.
5671,ee01dd6e148a694a725e0382ec64aeb1374dee8250be318563fa3c0d0359d857,30380,2,30380,.venv/Lib/site-packages/pygame/docs/generated/_images/AdvancedOutputAlpha3.gif,True,False,Keep one is not automatically safe; verify dataset/model provenance.
5671,ee01dd6e148a694a725e0382ec64aeb1374dee8250be318563fa3c0d0359d857,30380,2,30380,.venv/Lib/site-packages/pygame/docs/generated/_images/AdvancedOutputAlpha31.gif,True,False,Keep one is not automatically safe; verify dataset/model provenance.
5809,dbeacaf5c1a782b82924b5b8d38a08de51b83509e84fe50dc33037529e3c6087,29185,2,29185,.venv/Lib/site-packages/pygame/docs/generated/_images/AdvancedInputOutput4.gif,True,False,Keep one is not automatically safe; verify dataset/model provenance.
5809,dbeacaf5c1a782b82924b5b8d38a08de51b83509e84fe50dc33037529e3c6087,29185,2,29185,.venv/Lib/site-packages/pygame/docs/generated/_images/AdvancedInputOutput41.gif,True,False,Keep one is not automatically safe; verify dataset/model provenance.
6629,e7171dfbebe217165dda7072d1a2bbdddb49f53b21d7261953f4945f09f089b9,23520,2,23520,.venv/Lib/site-packages/pip/_vendor/urllib3/contrib/emscripten/fetch.py,True,False,Keep one is not automatically safe; verify dataset/model provenance.
6629,e7171dfbebe217165dda7072d1a2bbdddb49f53b21d7261953f4945f09f089b9,23520,2,23520,.venv/Lib/site-packages/urllib3/contrib/emscripten/fetch.py,True,False,Keep one is not automatically safe; verify dataset/model provenance.
8131,1828bd2865088504c583e1cb127a7618482b9d097cff629fb52dcdfd492e107f,16896,2,16896,.venv/Lib/site-packages/pygame/docs/generated/_images/AdvancedOutputProcess5.gif,True,False,Keep one is not automatically safe; verify dataset/model provenance.
8131,1828bd2865088504c583e1cb127a7618482b9d097cff629fb52dcdfd492e107f,16896,2,16896,.venv/Lib/site-packages/pygame/docs/generated/_images/AdvancedOutputProcess51.gif,True,False,Keep one is not automatically safe; verify dataset/model provenance.
8383,4228532374e1c6d1273e3434a99698178aca8f91b14b00df1607d49858ef70ec,15951,2,15951,.venv/Lib/site-packages/pygame/docs/generated/_images/AdvancedOutputProcess1.gif,True,False,Keep one is not automatically safe; verify dataset/model provenance.
8383,4228532374e1c6d1273e3434a99698178aca8f91b14b00df1607d49858ef70ec,15951,2,15951,.venv/Lib/site-packages/pygame/docs/generated/_images/AdvancedOutputProcess11.gif,True,False,Keep one is not automatically safe; verify dataset/model provenance.
8604,0573e4dce91259d4a4aa3324090d43b795a3c597dbe338f87368abf54f7f63b4,15310,2,15310,.venv/Lib/site-packages/pygame/docs/generated/_images/pygame_tiny.png,True,False,Keep one is not automatically safe; verify dataset/model provenance.
8604,0573e4dce91259d4a4aa3324090d43b795a3c597dbe338f87368abf54f7f63b4,15310,2,15310,.venv/Lib/site-packages/pygame/docs/generated/_static/pygame_tiny.png,True,False,Keep one is not automatically safe; verify dataset/model provenance.
8750,307dc298aeb9f16a4dfeee7a18bf4257860c164cbd18b68a874080722c6432b0,14915,2,14915,.venv/Lib/site-packages/pygame/docs/generated/_images/AdvancedOutputAlpha1.gif,True,False,Keep one is not automatically safe; verify dataset/model provenance.
8750,307dc298aeb9f16a4dfeee7a18bf4257860c164cbd18b68a874080722c6432b0,14915,2,14915,.venv/Lib/site-packages/pygame/docs/generated/_images/AdvancedOutputAlpha11.gif,True,False,Keep one is not automatically safe; verify dataset/model provenance.
8883,808e10c8a6ab8deb149ff9b3fb19f447a808094606d712a9ca57fead3552599d,14531,2,14531,.venv/Lib/site-packages/pip-26.1.2.dist-info/licenses/src/pip/_vendor/distlib/LICENSE.txt,True,False,Keep one is not automatically safe; verify dataset/model provenance.
8883,808e10c8a6ab8deb149ff9b3fb19f447a808094606d712a9ca57fead3552599d,14531,2,14531,.venv/Lib/site-packages/pip/_vendor/distlib/LICENSE.txt,True,False,Keep one is not automatically safe; verify dataset/model provenance.
8894,9be81424d3a7e80b974fb169285e87451f00eb2b56a2b63d634ecddae65a4884,14500,2,14500,.venv/Lib/site-packages/pygame/docs/generated/_images/AdvancedOutputProcess4.gif,True,False,Keep one is not automatically safe; verify dataset/model provenance.
8894,9be81424d3a7e80b974fb169285e87451f00eb2b56a2b63d634ecddae65a4884,14500,2,14500,.venv/Lib/site-packages/pygame/docs/generated/_images/AdvancedOutputProcess41.gif,True,False,Keep one is not automatically safe; verify dataset/model provenance.
9673,6c7307e9f36f6adc173eb2aaadc9fbe32037a5459ca8f0e9a672b52dc2826cff,12578,2,12578,.venv/Lib/site-packages/pip/_vendor/urllib3/http2/connection.py,True,False,Keep one is not automatically safe; verify dataset/model provenance.
9673,6c7307e9f36f6adc173eb2aaadc9fbe32037a5459ca8f0e9a672b52dc2826cff,12578,2,12578,.venv/Lib/site-packages/urllib3/http2/connection.py,True,False,Keep one is not automatically safe; verify dataset/model provenance.
10066,32acc1bc543116cbe2cff10cb867772df2f254ff2634c870aef0b46c4b696fdb,11776,2,11776,.venv/Lib/site-packages/setuptools/cli-32.exe,True,False,Keep one is not automatically safe; verify dataset/model provenance.
10066,32acc1bc543116cbe2cff10cb867772df2f254ff2634c870aef0b46c4b696fdb,11776,2,11776,.venv/Lib/site-packages/setuptools/cli.exe,True,False,Keep one is not automatically safe; verify dataset/model provenance.
10068,85dae1e95d77845f2cb59bcac3d4afe74bbe4c91a9bcc5bf4a71cd43104dbe7c,11776,2,11776,.venv/Lib/site-packages/setuptools/gui-32.exe,True,False,Keep one is not automatically safe; verify dataset/model provenance.
10068,85dae1e95d77845f2cb59bcac3d4afe74bbe4c91a9bcc5bf4a71cd43104dbe7c,11776,2,11776,.venv/Lib/site-packages/setuptools/gui.exe,True,False,Keep one is not automatically safe; verify dataset/model provenance.
10096,29fda7b03c38739e17f36a58f1b6b8174d81bdee8eca018c0232fe05e82a71ec,11698,2,11698,.venv/Lib/site-packages/packaging/_parser.py,True,False,Keep one is not automatically safe; verify dataset/model provenance.
10096,29fda7b03c38739e17f36a58f1b6b8174d81bdee8eca018c0232fe05e82a71ec,11698,2,11698,.venv/Lib/site-packages/pip/_vendor/packaging/_parser.py,True,False,Keep one is not automatically safe; verify dataset/model provenance.
10134,0c741dea6c649be3788f777a71f1995d30bbd7c976a105f6ec16cccdcc4c59e8,11635,2,11635,out/object_anchor_full99/training/results.csv,False,False,Keep one is not automatically safe; verify dataset/model provenance.
10134,0c741dea6c649be3788f777a71f1995d30bbd7c976a105f6ec16cccdcc4c59e8,11635,2,11635,runs/object_anchor_pose/tissue_box_01_front_only_orbbec_full99/results.csv,False,False,Keep one is not automatically safe; verify dataset/model provenance.
10266,cb5e8e7e5f4a3988e1063c142c60dc2df75605f4c46515e776e3aca6df976e14,11325,2,11325,.venv/Lib/site-packages/pip-26.1.2.dist-info/licenses/src/pip/_vendor/distro/LICENSE,True,False,Keep one is not automatically safe; verify dataset/model provenance.
10266,cb5e8e7e5f4a3988e1063c142c60dc2df75605f4c46515e776e3aca6df976e14,11325,2,11325,.venv/Lib/site-packages/pip/_vendor/distro/LICENSE,True,False,Keep one is not automatically safe; verify dataset/model provenance.
10448,98a6fa8c49a957047d8ce7b8c896e736c34b55d15593c0c5854d5b532eaaaac9,10922,2,10922,.venv/Lib/site-packages/pyorbbecsdk/config/OrbbecSDKConfig.md,True,False,Keep one is not automatically safe; verify dataset/model provenance.
10448,98a6fa8c49a957047d8ce7b8c896e736c34b55d15593c0c5854d5b532eaaaac9,10922,2,10922,.venv/Lib/site-packages/pyorbbecsdk/OrbbecSDKConfig.md,True,False,Keep one is not automatically safe; verify dataset/model provenance.
10450,78a99b0e23cfd6c2d5e0c8ff902499aaa927ac8c953bd4abec9a45f0a0a3a785,10917,2,10917,.venv/Lib/site-packages/packaging/direct_url.py,True,False,Keep one is not automatically safe; verify dataset/model provenance.
10450,78a99b0e23cfd6c2d5e0c8ff902499aaa927ac8c953bd4abec9a45f0a0a3a785,10917,2,10917,.venv/Lib/site-packages/pip/_vendor/packaging/direct_url.py,True,False,Keep one is not automatically safe; verify dataset/model provenance.
10672,5999a4500fbe2f724d4469b3df6b37e587e80f789c6bac4a20f74257f1e12dcb,10458,2,10458,.venv/Lib/site-packages/pip/_vendor/platformdirs/unix.py,True,False,Keep one is not automatically safe; verify dataset/model provenance.
10672,5999a4500fbe2f724d4469b3df6b37e587e80f789c6bac4a20f74257f1e12dcb,10458,2,10458,.venv/Lib/site-packages/setuptools/_vendor/platformdirs/unix.py,True,False,Keep one is not automatically safe; verify dataset/model provenance.
10794,5d92005452bdb871b84421a9ae6267dd522751631eb3185afe4cad26e30ef5e6,10218,2,10218,.venv/Lib/site-packages/packaging/dependency_groups.py,True,False,Keep one is not automatically safe; verify dataset/model provenance.
10794,5d92005452bdb871b84421a9ae6267dd522751631eb3185afe4cad26e30ef5e6,10218,2,10218,.venv/Lib/site-packages/pip/_vendor/packaging/dependency_groups.py,True,False,Keep one is not automatically safe; verify dataset/model provenance.
10815,0d542e0c8804e39aa7f37eb00da5a762149dc682d7829451287e11b938e94594,10174,4,30522,.venv/Lib/site-packages/packaging-26.2.dist-info/licenses/LICENSE.APACHE,True,False,Keep one is not automatically safe; verify dataset/model provenance.
10815,0d542e0c8804e39aa7f37eb00da5a762149dc682d7829451287e11b938e94594,10174,4,30522,.venv/Lib/site-packages/pip-26.1.2.dist-info/licenses/src/pip/_vendor/packaging/LICENSE.APACHE,True,False,Keep one is not automatically safe; verify dataset/model provenance.
10815,0d542e0c8804e39aa7f37eb00da5a762149dc682d7829451287e11b938e94594,10174,4,30522,.venv/Lib/site-packages/pip/_vendor/packaging/LICENSE.APACHE,True,False,Keep one is not automatically safe; verify dataset/model provenance.
10815,0d542e0c8804e39aa7f37eb00da5a762149dc682d7829451287e11b938e94594,10174,4,30522,.venv/Lib/site-packages/setuptools/_vendor/packaging-26.0.dist-info/licenses/LICENSE.APACHE,True,False,Keep one is not automatically safe; verify dataset/model provenance.
10828,09e8a9bcec8067104652c168685ab0931e7868f9c8284b66f5ae6edae5f1130b,10142,3,20284,.venv/Lib/site-packages/pip-26.1.2.dist-info/licenses/src/pip/_vendor/requests/LICENSE,True,False,Keep one is not automatically safe; verify dataset/model provenance.
10828,09e8a9bcec8067104652c168685ab0931e7868f9c8284b66f5ae6edae5f1130b,10142,3,20284,.venv/Lib/site-packages/pip/_vendor/requests/LICENSE,True,False,Keep one is not automatically safe; verify dataset/model provenance.
10828,09e8a9bcec8067104652c168685ab0931e7868f9c8284b66f5ae6edae5f1130b,10142,3,20284,.venv/Lib/site-packages/requests-2.34.2.dist-info/licenses/LICENSE,True,False,Keep one is not automatically safe; verify dataset/model provenance.
10929,802785f3948efd45385a83f0607228cffb70f9e33f1153a42c5a7c385b02ec30,9931,2,9931,.venv/Lib/site-packages/pip/_vendor/urllib3/_request_methods.py,True,False,Keep one is not automatically safe; verify dataset/model provenance.
10929,802785f3948efd45385a83f0607228cffb70f9e33f1153a42c5a7c385b02ec30,9931,2,9931,.venv/Lib/site-packages/urllib3/_request_methods.py,True,False,Keep one is not automatically safe; verify dataset/model provenance.
10967,33bf8930a89cdac3f562d57ff1a5bb795181fb1dc00ee282892aec55e09dd94a,9848,2,9848,.venv/Lib/site-packages/packaging/utils.py,True,False,Keep one is not automatically safe; verify dataset/model provenance.
10967,33bf8930a89cdac3f562d57ff1a5bb795181fb1dc00ee282892aec55e09dd94a,9848,2,9848,.venv/Lib/site-packages/pip/_vendor/packaging/utils.py,True,False,Keep one is not automatically safe; verify dataset/model provenance.
11123,1dfea707470eadac84b3debea77a085c08069c5aaebf6d033b997ea36fd79efd,9559,3,19118,.venv/Lib/site-packages/packaging/_manylinux.py,True,False,Keep one is not automatically safe; verify dataset/model provenance.
11123,1dfea707470eadac84b3debea77a085c08069c5aaebf6d033b997ea36fd79efd,9559,3,19118,.venv/Lib/site-packages/pip/_vendor/packaging/_manylinux.py,True,False,Keep one is not automatically safe; verify dataset/model provenance.
11123,1dfea707470eadac84b3debea77a085c08069c5aaebf6d033b997ea36fd79efd,9559,3,19118,.venv/Lib/site-packages/setuptools/_vendor/packaging/_manylinux.py,True,False,Keep one is not automatically safe; verify dataset/model provenance.
11291,c0f1ce9703ac7f3da8a9067a03615c0aee641008fe2689ddce834e1d8150d21f,9281,2,9281,.venv/Lib/site-packages/pip/_vendor/platformdirs/api.py,True,False,Keep one is not automatically safe; verify dataset/model provenance.
11291,c0f1ce9703ac7f3da8a9067a03615c0aee641008fe2689ddce834e1d8150d21f,9281,2,9281,.venv/Lib/site-packages/setuptools/_vendor/platformdirs/api.py,True,False,Keep one is not automatically safe; verify dataset/model provenance.
11437,af40ec85505ff913b58d72465fc0b84e297b1755d6b7e6e47563209af1226988,9013,2,9013,.venv/Lib/site-packages/pip/_vendor/platformdirs/android.py,True,False,Keep one is not automatically safe; verify dataset/model provenance.
11437,af40ec85505ff913b58d72465fc0b84e297b1755d6b7e6e47563209af1226988,9013,2,9013,.venv/Lib/site-packages/setuptools/_vendor/platformdirs/android.py,True,False,Keep one is not automatically safe; verify dataset/model provenance.
11475,822125b01a14b0a55445b6736fc182ac99aa5b6dd79ef8f668dc90545e36b258,8960,2,8960,.venv/Lib/site-packages/pip/_vendor/urllib3/contrib/emscripten/connection.py,True,False,Keep one is not automatically safe; verify dataset/model provenance.
11475,822125b01a14b0a55445b6736fc182ac99aa5b6dd79ef8f668dc90545e36b258,8960,2,8960,.venv/Lib/site-packages/urllib3/contrib/emscripten/connection.py,True,False,Keep one is not automatically safe; verify dataset/model provenance.
11540,133e0ef2947fbd3f1d6a7fc5bea0584ba7600df05710c7d57ebcdc754a167e2e,8847,2,8847,.venv/Lib/site-packages/pip/_vendor/urllib3/util/ssltransport.py,True,False,Keep one is not automatically safe; verify dataset/model provenance.
11540,133e0ef2947fbd3f1d6a7fc5bea0584ba7600df05710c7d57ebcdc754a167e2e,8847,2,8847,.venv/Lib/site-packages/urllib3/util/ssltransport.py,True,False,Keep one is not automatically safe; verify dataset/model provenance.
12651,fc9c745d1883ff9f296a5b169f22eb2ee879f59a4608f20f5cb29d668f4e26f4,7293,2,7293,.venv/Lib/site-packages/packaging/licenses/__init__.py,True,False,Keep one is not automatically safe; verify dataset/model provenance.
12651,fc9c745d1883ff9f296a5b169f22eb2ee879f59a4608f20f5cb29d668f4e26f4,7293,2,7293,.venv/Lib/site-packages/pip/_vendor/packaging/licenses/__init__.py,True,False,Keep one is not automatically safe; verify dataset/model provenance.
12885,24ca35b60d67215d40789daf10d0bf4f17e5d1ee61e86ce5f43195935ad645ba,6979,2,6979,.venv/Lib/site-packages/pip/_vendor/urllib3/__init__.py,True,False,Keep one is not automatically safe; verify dataset/model provenance.
12885,24ca35b60d67215d40789daf10d0bf4f17e5d1ee61e86ce5f43195935ad645ba,6979,2,6979,.venv/Lib/site-packages/urllib3/__init__.py,True,False,Keep one is not automatically safe; verify dataset/model provenance.
13441,d17a0e8229f534aed0922ee2b240fea12f312b1c3a6d782828481daa90910054,6322,2,6322,.venv/Lib/site-packages/pip/_vendor/platformdirs/macos.py,True,False,Keep one is not automatically safe; verify dataset/model provenance.
13441,d17a0e8229f534aed0922ee2b240fea12f312b1c3a6d782828481daa90910054,6322,2,6322,.venv/Lib/site-packages/setuptools/_vendor/platformdirs/macos.py,True,False,Keep one is not automatically safe; verify dataset/model provenance.
13463,7b3e18ed8cb42ec347e943d8c9b7c67242e6ceeb5c2e1ed5222b1a8e015ae0ef,6294,2,6294,.venv/Lib/site-packages/pygame/docs/generated/_images/AdvancedInputOutput3.gif,True,False,Keep one is not automatically safe; verify dataset/model provenance.
13463,7b3e18ed8cb42ec347e943d8c9b7c67242e6ceeb5c2e1ed5222b1a8e015ae0ef,6294,2,6294,.venv/Lib/site-packages/pygame/docs/generated/_images/AdvancedInputOutput31.gif,True,False,Keep one is not automatically safe; verify dataset/model provenance.
13758,44365bc6d57214c25775903cc28b92c892635dfd8c4365984c1cd5a2db031fcf,5973,2,5973,.venv/Lib/site-packages/pygame/docs/generated/_images/Bagic-INPUT-resultscreen.png,True,False,Keep one is not automatically safe; verify dataset/model provenance.
13758,44365bc6d57214c25775903cc28b92c892635dfd8c4365984c1cd5a2db031fcf,5973,2,5973,.venv/Lib/site-packages/pygame/docs/generated/_images/Bagic-INPUT-resultscreen1.png,True,False,Keep one is not automatically safe; verify dataset/model provenance.
14067,b920b15b9745b4eecf610ca82609562537bf6916057ce6afe438e73e4281cca8,5649,2,5649,.venv/Lib/site-packages/pygame/docs/generated/_images/AdvancedInputOutput1.gif,True,False,Keep one is not automatically safe; verify dataset/model provenance.
14067,b920b15b9745b4eecf610ca82609562537bf6916057ce6afe438e73e4281cca8,5649,2,5649,.venv/Lib/site-packages/pygame/docs/generated/_images/AdvancedInputOutput11.gif,True,False,Keep one is not automatically safe; verify dataset/model provenance.
14310,b455365abf996497406e45cb109a3ba9440325a2247dfb7d0ea6a27e210d0fb0,5391,2,5391,.venv/Lib/site-packages/packaging/_tokenizer.py,True,False,Keep one is not automatically safe; verify dataset/model provenance.
14310,b455365abf996497406e45cb109a3ba9440325a2247dfb7d0ea6a27e210d0fb0,5391,2,5391,.venv/Lib/site-packages/pip/_vendor/packaging/_tokenizer.py,True,False,Keep one is not automatically safe; verify dataset/model provenance.
14359,850d66e92d71857a5c69fd20e74551a0e6a09ac89966951e381c7b4201bb2eab,5348,2,5348,.venv/Lib/site-packages/pygame/docs/generated/_images/Bagic-PROCESS-resultscreen.png,True,False,Keep one is not automatically safe; verify dataset/model provenance.
14359,850d66e92d71857a5c69fd20e74551a0e6a09ac89966951e381c7b4201bb2eab,5348,2,5348,.venv/Lib/site-packages/pygame/docs/generated/_images/Bagic-PROCESS-resultscreen1.png,True,False,Keep one is not automatically safe; verify dataset/model provenance.
14889,220d6f29ccccfa5d1e6ed7636041ddc1c26eaadf08a325222be4403440b4eb99,4819,2,4819,.venv/Lib/site-packages/pygame/docs/generated/_images/Bagic-ouput-result-screen.png,True,False,Keep one is not automatically safe; verify dataset/model provenance.
14889,220d6f29ccccfa5d1e6ed7636041ddc1c26eaadf08a325222be4403440b4eb99,4819,2,4819,.venv/Lib/site-packages/pygame/docs/generated/_images/Bagic-ouput-result-screen1.png,True,False,Keep one is not automatically safe; verify dataset/model provenance.
14963,5b1129dbbab7ece64491da3d5c8cbeaa1d6baf1005781de38ee0327a52000d57,4756,2,4756,out/object_anchor_full99/mvp_branch_mapping_diagnostics/20260726_173332/registration_branch_prototypes.json,False,False,Keep one is not automatically safe; verify dataset/model provenance.
14963,5b1129dbbab7ece64491da3d5c8cbeaa1d6baf1005781de38ee0327a52000d57,4756,2,4756,out/object_anchor_full99/mvp_final_comparison/20260726_172325/registration/branch_prototypes.json,False,False,Keep one is not automatically safe; verify dataset/model provenance.
15340,2633bbdb69731e5ccb5cf4e4afd65605d86c7979cc5633126f50c92d5ad74a74,4444,2,4444,.venv/Lib/site-packages/pip/_vendor/urllib3/util/connection.py,True,False,Keep one is not automatically safe; verify dataset/model provenance.
15340,2633bbdb69731e5ccb5cf4e4afd65605d86c7979cc5633126f50c92d5ad74a74,4444,2,4444,.venv/Lib/site-packages/urllib3/util/connection.py,True,False,Keep one is not automatically safe; verify dataset/model provenance.
15375,fe987c22b511deca8faa2d0ea29420254947e30ce419e3390a2c80ed7186b662,4423,2,4423,.venv/Lib/site-packages/pip/_vendor/urllib3/util/wait.py,True,False,Keep one is not automatically safe; verify dataset/model provenance.
15375,fe987c22b511deca8faa2d0ea29420254947e30ce419e3390a2c80ed7186b662,4423,2,4423,.venv/Lib/site-packages/urllib3/util/wait.py,True,False,Keep one is not automatically safe; verify dataset/model provenance.
15432,93adf4ad7a5aee8b2913a6985574274a44f1d766a10b91e7bcd373bd037e0576,4377,3,8754,out/snapshots/20260710_180655/right/0001_f00140.png,False,False,Keep one is not automatically safe; verify dataset/model provenance.
15432,93adf4ad7a5aee8b2913a6985574274a44f1d766a10b91e7bcd373bd037e0576,4377,3,8754,out/snapshots/20260710_180835/right/0001_f00171.png,False,False,Keep one is not automatically safe; verify dataset/model provenance.
15432,93adf4ad7a5aee8b2913a6985574274a44f1d766a10b91e7bcd373bd037e0576,4377,3,8754,out/snapshots/20260710_180835/right/0002_f00189.png,False,False,Keep one is not automatically safe; verify dataset/model provenance.
15689,d42c37ec5b9094d69c9f144a9ad94f5f89f22e85fdfedb64a39670b1c354659e,4176,2,4176,.venv/Lib/site-packages/pip/_vendor/pygments/formatters/_mapping.py,True,False,Keep one is not automatically safe; verify dataset/model provenance.
15689,d42c37ec5b9094d69c9f144a9ad94f5f89f22e85fdfedb64a39670b1c354659e,4176,2,4176,.venv/Lib/site-packages/pygments/formatters/_mapping.py,True,False,Keep one is not automatically safe; verify dataset/model provenance.
16362,cf5937cd9e3f84329ddfeb4def0cf3f0b1e31c2da9c4dfeebbc07793d0fd0377,3677,2,3677,.venv/Lib/site-packages/pip/_vendor/urllib3/contrib/emscripten/emscripten_fetch_worker.js,True,False,Keep one is not automatically safe; verify dataset/model provenance.
16362,cf5937cd9e3f84329ddfeb4def0cf3f0b1e31c2da9c4dfeebbc07793d0fd0377,3677,2,3677,.venv/Lib/site-packages/urllib3/contrib/emscripten/emscripten_fetch_worker.js,True,False,Keep one is not automatically safe; verify dataset/model provenance.
16504,b4bc2f4fa1c95778f1ed3dd8f14706bece399475b978f9f34b5d3cd72521b48a,3582,2,3582,.venv/Lib/site-packages/numpy-2.4.4.dist-info/licenses/numpy/random/LICENSE.md,True,False,Keep one is not automatically safe; verify dataset/model provenance.
16504,b4bc2f4fa1c95778f1ed3dd8f14706bece399475b978f9f34b5d3cd72521b48a,3582,2,3582,.venv/Lib/site-packages/numpy/random/LICENSE.md,True,False,Keep one is not automatically safe; verify dataset/model provenance.
16835,bd013adfdba81218f5be98c4771bb994d22124249466477ba6a965508d0164e0,3374,2,3374,.venv/Lib/site-packages/pip/_vendor/urllib3/util/response.py,True,False,Keep one is not automatically safe; verify dataset/model provenance.
16835,bd013adfdba81218f5be98c4771bb994d22124249466477ba6a965508d0164e0,3374,2,3374,.venv/Lib/site-packages/urllib3/util/response.py,True,False,Keep one is not automatically safe; verify dataset/model provenance.
16940,ea5a2f154136f6dcfa12c5775d8638860a3327bab524bedc7cedd43a58274bcc,3312,2,3312,.venv/Lib/site-packages/pip/_vendor/pygments/styles/_mapping.py,True,False,Keep one is not automatically safe; verify dataset/model provenance.
16940,ea5a2f154136f6dcfa12c5775d8638860a3327bab524bedc7cedd43a58274bcc,3312,2,3312,.venv/Lib/site-packages/pygments/styles/_mapping.py,True,False,Keep one is not automatically safe; verify dataset/model provenance.
17137,fac2a4a6d62acd8c36fb1dd007225ae66078adf3d6bb5a719191d1c755801426,3211,3,6422,.venv/Lib/site-packages/packaging/_elffile.py,True,False,Keep one is not automatically safe; verify dataset/model provenance.
17137,fac2a4a6d62acd8c36fb1dd007225ae66078adf3d6bb5a719191d1c755801426,3211,3,6422,.venv/Lib/site-packages/pip/_vendor/packaging/_elffile.py,True,False,Keep one is not automatically safe; verify dataset/model provenance.
17137,fac2a4a6d62acd8c36fb1dd007225ae66078adf3d6bb5a719191d1c755801426,3211,3,6422,.venv/Lib/site-packages/setuptools/_vendor/packaging/_elffile.py,True,False,Keep one is not automatically safe; verify dataset/model provenance.
17485,9e7024a9b8406a43a217be6bcfb5b4b9d677f047a1fee0fc7e357be0def71442,3014,2,3014,.venv/Lib/site-packages/pip/_vendor/urllib3/http2/probe.py,True,False,Keep one is not automatically safe; verify dataset/model provenance.
17485,9e7024a9b8406a43a217be6bcfb5b4b9d677f047a1fee0fc7e357be0def71442,3014,2,3014,.venv/Lib/site-packages/urllib3/http2/probe.py,True,False,Keep one is not automatically safe; verify dataset/model provenance.
18097,67ab308c7dcc03b5d2dea5e798c37b40f86a3f77e7a18234790d7c7bdf878001,2707,3,5414,.venv/Lib/site-packages/packaging/_musllinux.py,True,False,Keep one is not automatically safe; verify dataset/model provenance.
18097,67ab308c7dcc03b5d2dea5e798c37b40f86a3f77e7a18234790d7c7bdf878001,2707,3,5414,.venv/Lib/site-packages/pip/_vendor/packaging/_musllinux.py,True,False,Keep one is not automatically safe; verify dataset/model provenance.
18097,67ab308c7dcc03b5d2dea5e798c37b40f86a3f77e7a18234790d7c7bdf878001,2707,3,5414,.venv/Lib/site-packages/setuptools/_vendor/packaging/_musllinux.py,True,False,Keep one is not automatically safe; verify dataset/model provenance.
18163,ea17c461701ff2ffc817ae7e94569d24e30889e04fdb120ab721178c6d67188b,2680,2,2680,.venv/Lib/site-packages/packaging/errors.py,True,False,Keep one is not automatically safe; verify dataset/model provenance.
18163,ea17c461701ff2ffc817ae7e94569d24e30889e04fdb120ab721178c6d67188b,2680,2,2680,.venv/Lib/site-packages/pip/_vendor/packaging/errors.py,True,False,Keep one is not automatically safe; verify dataset/model provenance.
18525,fee6a62e78d0db48b04ae29b77c26f4d7505691ab8db4e8cae9156bed12bafc2,2529,2,2529,.venv/Lib/site-packages/matplotlib/mpl-data/images/move-symbolic.svg,True,False,Keep one is not automatically safe; verify dataset/model provenance.
18525,fee6a62e78d0db48b04ae29b77c26f4d7505691ab8db4e8cae9156bed12bafc2,2529,2,2529,.venv/Lib/site-packages/matplotlib/mpl-data/images/move.svg,True,False,Keep one is not automatically safe; verify dataset/model provenance.
18923,53c78d67e9a928a1e1ae56c7104893c7180ad7a21e8e111aeeecf8db2a80fdd2,2388,2,2388,.venv/Lib/site-packages/pip/_vendor/urllib3/filepost.py,True,False,Keep one is not automatically safe; verify dataset/model provenance.
18923,53c78d67e9a928a1e1ae56c7104893c7180ad7a21e8e111aeeecf8db2a80fdd2,2388,2,2388,.venv/Lib/site-packages/urllib3/filepost.py,True,False,Keep one is not automatically safe; verify dataset/model provenance.
19680,1aae1f0d24bdf51bf9adb47cfe77a757a8dc63956c28f01159e1fe059064f425,2150,2,2150,.venv/Lib/site-packages/matplotlib/mpl-data/images/subplots-symbolic.svg,True,False,Keep one is not automatically safe; verify dataset/model provenance.
19680,1aae1f0d24bdf51bf9adb47cfe77a757a8dc63956c28f01159e1fe059064f425,2150,2,2150,.venv/Lib/site-packages/matplotlib/mpl-data/images/subplots.svg,True,False,Keep one is not automatically safe; verify dataset/model provenance.
20012,74c197bcb48e1cfbb8e24896819c7e07f332fed2d668fe89e8683125f2f8156d,2049,2,2049,.venv/Lib/site-packages/matplotlib/mpl-data/images/filesave-symbolic.svg,True,False,Keep one is not automatically safe; verify dataset/model provenance.
20012,74c197bcb48e1cfbb8e24896819c7e07f332fed2d668fe89e8683125f2f8156d,2049,2,2049,.venv/Lib/site-packages/matplotlib/mpl-data/images/filesave.svg,True,False,Keep one is not automatically safe; verify dataset/model provenance.
20424,84ec915427cc2d86e8a201d08dc8e73164075d973fe69c703d68b913e6ff2383,1940,2,1940,out/object_anchor_full99/training/args.yaml,False,False,Keep one is not automatically safe; verify dataset/model provenance.
20424,84ec915427cc2d86e8a201d08dc8e73164075d973fe69c703d68b913e6ff2383,1940,2,1940,runs/object_anchor_pose/tissue_box_01_front_only_orbbec_full99/args.yaml,False,False,Keep one is not automatically safe; verify dataset/model provenance.
20518,e1686805b1217a2cd47597ecfe91440461809bd6a87adc37b4986070d8152326,1912,2,1912,.venv/Lib/site-packages/pygame/docs/generated/_images/AdvancedOutputProcess3.gif,True,False,Keep one is not automatically safe; verify dataset/model provenance.
20518,e1686805b1217a2cd47597ecfe91440461809bd6a87adc37b4986070d8152326,1912,2,1912,.venv/Lib/site-packages/pygame/docs/generated/_images/AdvancedOutputProcess31.gif,True,False,Keep one is not automatically safe; verify dataset/model provenance.
20524,a6daeeb3c8793d94e2f5a8587e76b3fae67c3001c2afbd9a3de316e3c4c147d4,1911,2,1911,.venv/Lib/site-packages/matplotlib/mpl-data/images/home-symbolic.svg,True,False,Keep one is not automatically safe; verify dataset/model provenance.
20524,a6daeeb3c8793d94e2f5a8587e76b3fae67c3001c2afbd9a3de316e3c4c147d4,1911,2,1911,.venv/Lib/site-packages/matplotlib/mpl-data/images/home.svg,True,False,Keep one is not automatically safe; verify dataset/model provenance.
20612,5d570572ecdc2f7490dcb8df49bb5d2d80e3a01e585248f68e4d8693cbda645f,1890,2,1890,.venv/Lib/site-packages/matplotlib/mpl-data/images/help-symbolic.svg,True,False,Keep one is not automatically safe; verify dataset/model provenance.
20612,5d570572ecdc2f7490dcb8df49bb5d2d80e3a01e585248f68e4d8693cbda645f,1890,2,1890,.venv/Lib/site-packages/matplotlib/mpl-data/images/help.svg,True,False,Keep one is not automatically safe; verify dataset/model provenance.
20716,a8fd3d25ed315b0493d42a00b3d042cbbfefaba381ebda299daf247a34e59f9d,1868,2,1868,.venv/Lib/site-packages/pygame/docs/generated/_images/AdvancedOutputProcess2.gif,True,False,Keep one is not automatically safe; verify dataset/model provenance.
20716,a8fd3d25ed315b0493d42a00b3d042cbbfefaba381ebda299daf247a34e59f9d,1868,2,1868,.venv/Lib/site-packages/pygame/docs/generated/_images/AdvancedOutputProcess21.gif,True,False,Keep one is not automatically safe; verify dataset/model provenance.
21220,c73ac0487ed1e4035190f24ea2de651a70133aadca2aec97cc8e36adc9f09aab,1741,2,1741,.venv/Lib/site-packages/pip/_vendor/urllib3/http2/__init__.py,True,False,Keep one is not automatically safe; verify dataset/model provenance.
21220,c73ac0487ed1e4035190f24ea2de651a70133aadca2aec97cc8e36adc9f09aab,1741,2,1741,.venv/Lib/site-packages/urllib3/http2/__init__.py,True,False,Keep one is not automatically safe; verify dataset/model provenance.
21832,d78dbb208b80d92b4d333e41a4baae50d12444f46e53199fa7726a91de6e2da7,1616,2,1616,.venv/Lib/site-packages/numpy-2.4.4.dist-info/licenses/numpy/ma/LICENSE,True,False,Keep one is not automatically safe; verify dataset/model provenance.
21832,d78dbb208b80d92b4d333e41a4baae50d12444f46e53199fa7726a91de6e2da7,1616,2,1616,.venv/Lib/site-packages/numpy/ma/LICENSE,True,False,Keep one is not automatically safe; verify dataset/model provenance.
22122,90e88aab76b89a278c44b542c1005d38c4d1ad61b634e5ffe7eadb0051e97664,1551,2,1551,.venv/Lib/site-packages/matplotlib/mpl-data/images/forward-symbolic.svg,True,False,Keep one is not automatically safe; verify dataset/model provenance.
22122,90e88aab76b89a278c44b542c1005d38c4d1ad61b634e5ffe7eadb0051e97664,1551,2,1551,.venv/Lib/site-packages/matplotlib/mpl-data/images/forward.svg,True,False,Keep one is not automatically safe; verify dataset/model provenance.
22188,b7a336abf3b04e180ec065cdd16e705d079e1cc7a14f910aa6e9187f36b9cd87,1541,2,1541,.venv/Lib/site-packages/pip-26.1.2.dist-info/licenses/src/pip/_vendor/idna/LICENSE.md,True,False,Keep one is not automatically safe; verify dataset/model provenance.
22188,b7a336abf3b04e180ec065cdd16e705d079e1cc7a14f910aa6e9187f36b9cd87,1541,2,1541,.venv/Lib/site-packages/pip/_vendor/idna/LICENSE.md,True,False,Keep one is not automatically safe; verify dataset/model provenance.
22232,3a48ffadeb2c6647dee84c2ffe8ec6179b68739a9609e164436707436e417551,1532,2,1532,.venv/Lib/site-packages/matplotlib/mpl-data/images/back-symbolic.svg,True,False,Keep one is not automatically safe; verify dataset/model provenance.
22232,3a48ffadeb2c6647dee84c2ffe8ec6179b68739a9609e164436707436e417551,1532,2,1532,.venv/Lib/site-packages/matplotlib/mpl-data/images/back.svg,True,False,Keep one is not automatically safe; verify dataset/model provenance.
22433,b8c99d1a43b8dd91e57b392989e477fcc8aa944739bd139f7d10ce858e2cc66e,1499,2,1499,.venv/Lib/site-packages/matplotlib/mpl-data/images/zoom_to_rect-symbolic.svg,True,False,Keep one is not automatically safe; verify dataset/model provenance.
22433,b8c99d1a43b8dd91e57b392989e477fcc8aa944739bd139f7d10ce858e2cc66e,1499,2,1499,.venv/Lib/site-packages/matplotlib/mpl-data/images/zoom_to_rect.svg,True,False,Keep one is not automatically safe; verify dataset/model provenance.
22484,aaba2b13631f75f01d17826a74a0fe68b808a37b111026a586996313c01c731b,1492,2,1492,.venv/Lib/site-packages/scipy/_external/packaging_version/_structures.py,True,False,Keep one is not automatically safe; verify dataset/model provenance.
22484,aaba2b13631f75f01d17826a74a0fe68b808a37b111026a586996313c01c731b,1492,2,1492,.venv/Lib/site-packages/torch/_vendor/packaging/_structures.py,True,False,Keep one is not automatically safe; verify dataset/model provenance.
23531,b70e7e9b742f1cc6f948b34c16aa39ffece94196364bc88ff0d2180f0028fac5,1344,4,4032,.venv/Lib/site-packages/packaging-26.2.dist-info/licenses/LICENSE.BSD,True,False,Keep one is not automatically safe; verify dataset/model provenance.
23531,b70e7e9b742f1cc6f948b34c16aa39ffece94196364bc88ff0d2180f0028fac5,1344,4,4032,.venv/Lib/site-packages/pip-26.1.2.dist-info/licenses/src/pip/_vendor/packaging/LICENSE.BSD,True,False,Keep one is not automatically safe; verify dataset/model provenance.
23531,b70e7e9b742f1cc6f948b34c16aa39ffece94196364bc88ff0d2180f0028fac5,1344,4,4032,.venv/Lib/site-packages/pip/_vendor/packaging/LICENSE.BSD,True,False,Keep one is not automatically safe; verify dataset/model provenance.
23531,b70e7e9b742f1cc6f948b34c16aa39ffece94196364bc88ff0d2180f0028fac5,1344,4,4032,.venv/Lib/site-packages/setuptools/_vendor/packaging-26.0.dist-info/licenses/LICENSE.BSD,True,False,Keep one is not automatically safe; verify dataset/model provenance.
23637,a9d66f1d526df02e29dce73436d34e56e8632f46c275bbdffc70569e882f9f17,1331,3,2662,.venv/Lib/site-packages/pip-26.1.2.dist-info/licenses/src/pip/_vendor/pygments/LICENSE,True,False,Keep one is not automatically safe; verify dataset/model provenance.
23637,a9d66f1d526df02e29dce73436d34e56e8632f46c275bbdffc70569e882f9f17,1331,3,2662,.venv/Lib/site-packages/pip/_vendor/pygments/LICENSE,True,False,Keep one is not automatically safe; verify dataset/model provenance.
23637,a9d66f1d526df02e29dce73436d34e56e8632f46c275bbdffc70569e882f9f17,1331,3,2662,.venv/Lib/site-packages/pygments-2.20.0.dist-info/licenses/LICENSE,True,False,Keep one is not automatically safe; verify dataset/model provenance.
25399,b1e3fcf90e41e9b07474cb703e3f98719650df4bc7b8ba91bbeb48d096767f3b,1148,2,1148,.venv/Lib/site-packages/pip/_vendor/urllib3/util/proxy.py,True,False,Keep one is not automatically safe; verify dataset/model provenance.
25399,b1e3fcf90e41e9b07474cb703e3f98719650df4bc7b8ba91bbeb48d096767f3b,1148,2,1148,.venv/Lib/site-packages/urllib3/util/proxy.py,True,False,Keep one is not automatically safe; verify dataset/model provenance.
25413,8f795b64ad633f28b00f7e13f08809cdd5846554fee04fb4bd82098bd52378d0,1146,2,1146,.venv/Lib/site-packages/pip/_vendor/urllib3/util/util.py,True,False,Keep one is not automatically safe; verify dataset/model provenance.
25413,8f795b64ad633f28b00f7e13f08809cdd5846554fee04fb4bd82098bd52378d0,1146,2,1146,.venv/Lib/site-packages/urllib3/util/util.py,True,False,Keep one is not automatically safe; verify dataset/model provenance.
25760,eb48d16c5efca7ccf930a9cd77a700a6b80e69d0891d5d03966526441a8565cb,1109,2,1109,.venv/Lib/site-packages/packaging/_structures.py,True,False,Keep one is not automatically safe; verify dataset/model provenance.
25760,eb48d16c5efca7ccf930a9cd77a700a6b80e69d0891d5d03966526441a8565cb,1109,2,1109,.venv/Lib/site-packages/pip/_vendor/packaging/_structures.py,True,False,Keep one is not automatically safe; verify dataset/model provenance.
25898,130e3a64d5fdd5d096a752694634a7d9df284469de86e5732100268041e3d686,1093,3,2186,.venv/Lib/site-packages/pip-26.1.2.dist-info/licenses/src/pip/_vendor/urllib3/LICENSE.txt,True,False,Keep one is not automatically safe; verify dataset/model provenance.
25898,130e3a64d5fdd5d096a752694634a7d9df284469de86e5732100268041e3d686,1093,3,2186,.venv/Lib/site-packages/pip/_vendor/urllib3/LICENSE.txt,True,False,Keep one is not automatically safe; verify dataset/model provenance.
25898,130e3a64d5fdd5d096a752694634a7d9df284469de86e5732100268041e3d686,1093,3,2186,.venv/Lib/site-packages/urllib3-2.7.0.dist-info/licenses/LICENSE.txt,True,False,Keep one is not automatically safe; verify dataset/model provenance.
25938,edef0fac1eb08d29d34563f724742e078da2513e196133a12c6ad9ff01e26107,1090,2,1090,.venv/Lib/site-packages/cv2/LICENSE.txt,True,False,Keep one is not automatically safe; verify dataset/model provenance.
25938,edef0fac1eb08d29d34563f724742e078da2513e196133a12c6ad9ff01e26107,1090,2,1090,.venv/Lib/site-packages/opencv_python-4.13.0.92.dist-info/LICENSE.txt,True,False,Keep one is not automatically safe; verify dataset/model provenance.
25939,29e0fd62e929850e86eb28c3fdccf0cefdf4fa94879011cffb3d0d4bed6d4db6,1089,3,2178,.venv/Lib/site-packages/pip-26.1.2.dist-info/licenses/src/pip/_vendor/platformdirs/LICENSE,True,False,Keep one is not automatically safe; verify dataset/model provenance.
25939,29e0fd62e929850e86eb28c3fdccf0cefdf4fa94879011cffb3d0d4bed6d4db6,1089,3,2178,.venv/Lib/site-packages/pip/_vendor/platformdirs/LICENSE,True,False,Keep one is not automatically safe; verify dataset/model provenance.
25939,29e0fd62e929850e86eb28c3fdccf0cefdf4fa94879011cffb3d0d4bed6d4db6,1089,3,2178,.venv/Lib/site-packages/setuptools/_vendor/platformdirs-4.4.0.dist-info/licenses/LICENSE,True,False,Keep one is not automatically safe; verify dataset/model provenance.
25975,33be7b7e8fa4fd19b1760e1a8ed8a668bdab852c91b692dd41424bcb725a9fca,1086,2,1086,.venv/Lib/site-packages/pip-26.1.2.dist-info/licenses/src/pip/_vendor/truststore/LICENSE,True,False,Keep one is not automatically safe; verify dataset/model provenance.
25975,33be7b7e8fa4fd19b1760e1a8ed8a668bdab852c91b692dd41424bcb725a9fca,1086,2,1086,.venv/Lib/site-packages/pip/_vendor/truststore/LICENSE,True,False,Keep one is not automatically safe; verify dataset/model provenance.
26034,1b22b049b5267d6dfc23a67bf4a84d8ec04b9fdfb1a51d360e42b4342c8b4154,1081,2,1081,.venv/Lib/site-packages/pip-26.1.2.dist-info/licenses/src/pip/_vendor/pyproject_hooks/LICENSE,True,False,Keep one is not automatically safe; verify dataset/model provenance.
26034,1b22b049b5267d6dfc23a67bf4a84d8ec04b9fdfb1a51d360e42b4342c8b4154,1081,2,1081,.venv/Lib/site-packages/pip/_vendor/pyproject_hooks/LICENSE,True,False,Keep one is not automatically safe; verify dataset/model provenance.
26108,5a57cb4db85e2a2dd88c290628908add57e3451449e0a9a71fdfb38776fd759d,1076,2,1076,.venv/Lib/site-packages/setuptools/_vendor/jaraco_functools-4.4.0.dist-info/licenses/LICENSE,True,False,Keep one is not automatically safe; verify dataset/model provenance.
26108,5a57cb4db85e2a2dd88c290628908add57e3451449e0a9a71fdfb38776fd759d,1076,2,1076,.venv/Lib/site-packages/setuptools/_vendor/zipp-3.23.0.dist-info/licenses/LICENSE,True,False,Keep one is not automatically safe; verify dataset/model provenance.
26212,b80816b0d530b8accb4c2211783790984a6e3b61922c2b5ee92f3372ab2742fe,1072,5,4288,.venv/Lib/site-packages/pip-26.1.2.dist-info/licenses/src/pip/_vendor/tomli/LICENSE,True,False,Keep one is not automatically safe; verify dataset/model provenance.
26212,b80816b0d530b8accb4c2211783790984a6e3b61922c2b5ee92f3372ab2742fe,1072,5,4288,.venv/Lib/site-packages/pip-26.1.2.dist-info/licenses/src/pip/_vendor/tomli_w/LICENSE,True,False,Keep one is not automatically safe; verify dataset/model provenance.
26212,b80816b0d530b8accb4c2211783790984a6e3b61922c2b5ee92f3372ab2742fe,1072,5,4288,.venv/Lib/site-packages/pip/_vendor/tomli/LICENSE,True,False,Keep one is not automatically safe; verify dataset/model provenance.
26212,b80816b0d530b8accb4c2211783790984a6e3b61922c2b5ee92f3372ab2742fe,1072,5,4288,.venv/Lib/site-packages/pip/_vendor/tomli_w/LICENSE,True,False,Keep one is not automatically safe; verify dataset/model provenance.
26212,b80816b0d530b8accb4c2211783790984a6e3b61922c2b5ee92f3372ab2742fe,1072,5,4288,.venv/Lib/site-packages/setuptools/_vendor/tomli-2.4.0.dist-info/licenses/LICENSE,True,False,Keep one is not automatically safe; verify dataset/model provenance.
26378,deed7c17a4318158190a3ea239cc879a5a50271cebb98ae7025f48fbe58dca15,1056,2,1056,.venv/Lib/site-packages/pip-26.1.2.dist-info/licenses/src/pip/_vendor/rich/LICENSE,True,False,Keep one is not automatically safe; verify dataset/model provenance.
26378,deed7c17a4318158190a3ea239cc879a5a50271cebb98ae7025f48fbe58dca15,1056,2,1056,.venv/Lib/site-packages/pip/_vendor/rich/LICENSE,True,False,Keep one is not automatically safe; verify dataset/model provenance.
26547,d544761558b510866c21f7e8a2d5716fca76e0b98117e3b6b86314db7244d150,1039,2,1039,.venv/Lib/site-packages/numpy-2.4.4.dist-info/licenses/numpy/_core/include/numpy/libdivide/LICENSE.txt,True,False,Keep one is not automatically safe; verify dataset/model provenance.
26547,d544761558b510866c21f7e8a2d5716fca76e0b98117e3b6b86314db7244d150,1039,2,1039,.venv/Lib/site-packages/numpy/_core/include/numpy/random/LICENSE.txt,True,False,Keep one is not automatically safe; verify dataset/model provenance.
26653,86da0f01aeae46348a3c3d465195dc1ceccde79f79e87769a64b8da04b2a4741,1023,5,4092,.venv/Lib/site-packages/pip-26.1.2.dist-info/licenses/src/pip/_vendor/pkg_resources/LICENSE,True,False,Keep one is not automatically safe; verify dataset/model provenance.
26653,86da0f01aeae46348a3c3d465195dc1ceccde79f79e87769a64b8da04b2a4741,1023,5,4092,.venv/Lib/site-packages/pip/_vendor/pkg_resources/LICENSE,True,False,Keep one is not automatically safe; verify dataset/model provenance.
26653,86da0f01aeae46348a3c3d465195dc1ceccde79f79e87769a64b8da04b2a4741,1023,5,4092,.venv/Lib/site-packages/setuptools-81.0.0.dist-info/licenses/LICENSE,True,False,Keep one is not automatically safe; verify dataset/model provenance.
26653,86da0f01aeae46348a3c3d465195dc1ceccde79f79e87769a64b8da04b2a4741,1023,5,4092,.venv/Lib/site-packages/setuptools/_vendor/backports.tarfile-1.2.0.dist-info/LICENSE,True,False,Keep one is not automatically safe; verify dataset/model provenance.
26653,86da0f01aeae46348a3c3d465195dc1ceccde79f79e87769a64b8da04b2a4741,1023,5,4092,.venv/Lib/site-packages/setuptools/_vendor/jaraco.text-4.0.0.dist-info/LICENSE,True,False,Keep one is not automatically safe; verify dataset/model provenance.
26805,faa792d1071e8af6b3bc110a0cd142008fba00271d0ce1384ccbe8ed22cd9404,1001,2,1001,.venv/Lib/site-packages/pip/_vendor/urllib3/util/__init__.py,True,False,Keep one is not automatically safe; verify dataset/model provenance.
26805,faa792d1071e8af6b3bc110a0cd142008fba00271d0ce1384ccbe8ed22cd9404,1001,2,1001,.venv/Lib/site-packages/urllib3/util/__init__.py,True,False,Keep one is not automatically safe; verify dataset/model provenance.
26868,e93716da6b9c0d5a4a1df60fe695b370f0695603d21f6f83f053e42cfc10caf7,989,3,1978,.venv/Lib/site-packages/certifi-2026.6.17.dist-info/licenses/LICENSE,True,False,Keep one is not automatically safe; verify dataset/model provenance.
26868,e93716da6b9c0d5a4a1df60fe695b370f0695603d21f6f83f053e42cfc10caf7,989,3,1978,.venv/Lib/site-packages/pip-26.1.2.dist-info/licenses/src/pip/_vendor/certifi/LICENSE,True,False,Keep one is not automatically safe; verify dataset/model provenance.
26868,e93716da6b9c0d5a4a1df60fe695b370f0695603d21f6f83f053e42cfc10caf7,989,3,1978,.venv/Lib/site-packages/pip/_vendor/certifi/LICENSE,True,False,Keep one is not automatically safe; verify dataset/model provenance.
27088,c56a48554a737af4ace1b55ecdee3c43d8e4673b2ce2ccddc3a78c3ab267655f,949,3,1898,.venv/Lib/site-packages/pygame/tests/run_tests__tests/failures1/fake_4_test.py,True,False,Keep one is not automatically safe; verify dataset/model provenance.
27088,c56a48554a737af4ace1b55ecdee3c43d8e4673b2ce2ccddc3a78c3ab267655f,949,3,1898,.venv/Lib/site-packages/pygame/tests/run_tests__tests/print_stderr/fake_4_test.py,True,False,Keep one is not automatically safe; verify dataset/model provenance.
27088,c56a48554a737af4ace1b55ecdee3c43d8e4673b2ce2ccddc3a78c3ab267655f,949,3,1898,.venv/Lib/site-packages/pygame/tests/run_tests__tests/print_stdout/fake_4_test.py,True,False,Keep one is not automatically safe; verify dataset/model provenance.
27367,ef59b2799b457ab618dab07e8fad25e4bb73dc58910ae391e1ebc55ed2470b7e,909,2,909,.venv/Lib/site-packages/pygame/tests/run_tests__tests/everything/incomplete_todo_test.py,True,False,Keep one is not automatically safe; verify dataset/model provenance.
27367,ef59b2799b457ab618dab07e8fad25e4bb73dc58910ae391e1ebc55ed2470b7e,909,2,909,.venv/Lib/site-packages/pygame/tests/run_tests__tests/incomplete_todo/fake_2_test.py,True,False,Keep one is not automatically safe; verify dataset/model provenance.
27436,cc550db032e61fd3efa68f98129bdf5b6ada43203a10bfc15b70ae3f5d1820a5,899,15,12586,.venv/Lib/site-packages/pygame/tests/run_tests__tests/all_ok/fake_2_test.py,True,False,Keep one is not automatically safe; verify dataset/model provenance.
27436,cc550db032e61fd3efa68f98129bdf5b6ada43203a10bfc15b70ae3f5d1820a5,899,15,12586,.venv/Lib/site-packages/pygame/tests/run_tests__tests/all_ok/fake_3_test.py,True,False,Keep one is not automatically safe; verify dataset/model provenance.
27436,cc550db032e61fd3efa68f98129bdf5b6ada43203a10bfc15b70ae3f5d1820a5,899,15,12586,.venv/Lib/site-packages/pygame/tests/run_tests__tests/all_ok/fake_4_test.py,True,False,Keep one is not automatically safe; verify dataset/model provenance.
27436,cc550db032e61fd3efa68f98129bdf5b6ada43203a10bfc15b70ae3f5d1820a5,899,15,12586,.venv/Lib/site-packages/pygame/tests/run_tests__tests/all_ok/fake_5_test.py,True,False,Keep one is not automatically safe; verify dataset/model provenance.
27436,cc550db032e61fd3efa68f98129bdf5b6ada43203a10bfc15b70ae3f5d1820a5,899,15,12586,.venv/Lib/site-packages/pygame/tests/run_tests__tests/all_ok/fake_6_test.py,True,False,Keep one is not automatically safe; verify dataset/model provenance.
27436,cc550db032e61fd3efa68f98129bdf5b6ada43203a10bfc15b70ae3f5d1820a5,899,15,12586,.venv/Lib/site-packages/pygame/tests/run_tests__tests/everything/fake_2_test.py,True,False,Keep one is not automatically safe; verify dataset/model provenance.
27436,cc550db032e61fd3efa68f98129bdf5b6ada43203a10bfc15b70ae3f5d1820a5,899,15,12586,.venv/Lib/site-packages/pygame/tests/run_tests__tests/exclude/fake_2_test.py,True,False,Keep one is not automatically safe; verify dataset/model provenance.
27436,cc550db032e61fd3efa68f98129bdf5b6ada43203a10bfc15b70ae3f5d1820a5,899,15,12586,.venv/Lib/site-packages/pygame/tests/run_tests__tests/failures1/fake_2_test.py,True,False,Keep one is not automatically safe; verify dataset/model provenance.
27436,cc550db032e61fd3efa68f98129bdf5b6ada43203a10bfc15b70ae3f5d1820a5,899,15,12586,.venv/Lib/site-packages/pygame/tests/run_tests__tests/failures1/fake_3_test.py,True,False,Keep one is not automatically safe; verify dataset/model provenance.
27436,cc550db032e61fd3efa68f98129bdf5b6ada43203a10bfc15b70ae3f5d1820a5,899,15,12586,.venv/Lib/site-packages/pygame/tests/run_tests__tests/incomplete/fake_3_test.py,True,False,Keep one is not automatically safe; verify dataset/model provenance.
27436,cc550db032e61fd3efa68f98129bdf5b6ada43203a10bfc15b70ae3f5d1820a5,899,15,12586,.venv/Lib/site-packages/pygame/tests/run_tests__tests/incomplete_todo/fake_3_test.py,True,False,Keep one is not automatically safe; verify dataset/model provenance.
27436,cc550db032e61fd3efa68f98129bdf5b6ada43203a10bfc15b70ae3f5d1820a5,899,15,12586,.venv/Lib/site-packages/pygame/tests/run_tests__tests/infinite_loop/fake_2_test.py,True,False,Keep one is not automatically safe; verify dataset/model provenance.
27436,cc550db032e61fd3efa68f98129bdf5b6ada43203a10bfc15b70ae3f5d1820a5,899,15,12586,.venv/Lib/site-packages/pygame/tests/run_tests__tests/print_stderr/fake_2_test.py,True,False,Keep one is not automatically safe; verify dataset/model provenance.
27436,cc550db032e61fd3efa68f98129bdf5b6ada43203a10bfc15b70ae3f5d1820a5,899,15,12586,.venv/Lib/site-packages/pygame/tests/run_tests__tests/print_stdout/fake_2_test.py,True,False,Keep one is not automatically safe; verify dataset/model provenance.
27436,cc550db032e61fd3efa68f98129bdf5b6ada43203a10bfc15b70ae3f5d1820a5,899,15,12586,.venv/Lib/site-packages/pygame/tests/run_tests__tests/timeout/fake_2_test.py,True,False,Keep one is not automatically safe; verify dataset/model provenance.
27700,30fa8d0cb65b5ea19a35d5f1005862a853ca1105e3bb68cd42109ecbafb97893,868,2,868,.venv/Lib/site-packages/idna/__init__.py,True,False,Keep one is not automatically safe; verify dataset/model provenance.
27700,30fa8d0cb65b5ea19a35d5f1005862a853ca1105e3bb68cd42109ecbafb97893,868,2,868,.venv/Lib/site-packages/pip/_vendor/idna/__init__.py,True,False,Keep one is not automatically safe; verify dataset/model provenance.
27749,4a320a07feda2df19d8a1f1ca2d437e26d4a6d210823fd70190501c2b59e2326,859,2,859,.venv/Lib/site-packages/pygame/tests/run_tests__tests/everything/magic_tag_test.py,True,False,Keep one is not automatically safe; verify dataset/model provenance.
27749,4a320a07feda2df19d8a1f1ca2d437e26d4a6d210823fd70190501c2b59e2326,859,2,859,.venv/Lib/site-packages/pygame/tests/run_tests__tests/exclude/magic_tag_test.py,True,False,Keep one is not automatically safe; verify dataset/model provenance.
28480,f388fd38cad13112c1dc0f669bbe80e7f84541edbafb72f3030d2ca7642c3c9d,751,2,751,.venv/Lib/site-packages/pip-26.1.2.dist-info/licenses/src/pip/_vendor/resolvelib/LICENSE,True,False,Keep one is not automatically safe; verify dataset/model provenance.
28480,f388fd38cad13112c1dc0f669bbe80e7f84541edbafb72f3030d2ca7642c3c9d,751,2,751,.venv/Lib/site-packages/pip/_vendor/resolvelib/LICENSE,True,False,Keep one is not automatically safe; verify dataset/model provenance.
28675,617ece9df35bfec1f4b2139e84ae4889c52c980faaa907203ec579977995c667,701,11,7010,.venv/Lib/site-packages/torch/include/ATen/ops/_nested_from_padded_tensor_native.h,True,False,Keep one is not automatically safe; verify dataset/model provenance.
28675,617ece9df35bfec1f4b2139e84ae4889c52c980faaa907203ec579977995c667,701,11,7010,.venv/Lib/site-packages/torch/include/ATen/ops/_nested_get_jagged_dummy_native.h,True,False,Keep one is not automatically safe; verify dataset/model provenance.
28675,617ece9df35bfec1f4b2139e84ae4889c52c980faaa907203ec579977995c667,701,11,7010,.venv/Lib/site-packages/torch/include/ATen/ops/_nested_get_lengths_native.h,True,False,Keep one is not automatically safe; verify dataset/model provenance.
28675,617ece9df35bfec1f4b2139e84ae4889c52c980faaa907203ec579977995c667,701,11,7010,.venv/Lib/site-packages/torch/include/ATen/ops/_nested_get_max_seqlen_native.h,True,False,Keep one is not automatically safe; verify dataset/model provenance.
28675,617ece9df35bfec1f4b2139e84ae4889c52c980faaa907203ec579977995c667,701,11,7010,.venv/Lib/site-packages/torch/include/ATen/ops/_nested_get_min_seqlen_native.h,True,False,Keep one is not automatically safe; verify dataset/model provenance.
28675,617ece9df35bfec1f4b2139e84ae4889c52c980faaa907203ec579977995c667,701,11,7010,.venv/Lib/site-packages/torch/include/ATen/ops/_nested_get_offsets_native.h,True,False,Keep one is not automatically safe; verify dataset/model provenance.
28675,617ece9df35bfec1f4b2139e84ae4889c52c980faaa907203ec579977995c667,701,11,7010,.venv/Lib/site-packages/torch/include/ATen/ops/_nested_get_ragged_idx_native.h,True,False,Keep one is not automatically safe; verify dataset/model provenance.
28675,617ece9df35bfec1f4b2139e84ae4889c52c980faaa907203ec579977995c667,701,11,7010,.venv/Lib/site-packages/torch/include/ATen/ops/_nested_get_values_native.h,True,False,Keep one is not automatically safe; verify dataset/model provenance.
28675,617ece9df35bfec1f4b2139e84ae4889c52c980faaa907203ec579977995c667,701,11,7010,.venv/Lib/site-packages/torch/include/ATen/ops/_nested_view_from_jagged_native.h,True,False,Keep one is not automatically safe; verify dataset/model provenance.
28675,617ece9df35bfec1f4b2139e84ae4889c52c980faaa907203ec579977995c667,701,11,7010,.venv/Lib/site-packages/torch/include/ATen/ops/_scaled_dot_product_attention_math_for_mps_native.h,True,False,Keep one is not automatically safe; verify dataset/model provenance.
28675,617ece9df35bfec1f4b2139e84ae4889c52c980faaa907203ec579977995c667,701,11,7010,.venv/Lib/site-packages/torch/include/ATen/ops/_weight_int4pack_mm_with_scales_and_zeros_native.h,True,False,Keep one is not automatically safe; verify dataset/model provenance.
29029,492dedba85da5872f78e6091bcd1fea474d660d35acb4dee964b8aab3f007427,614,2,614,.venv/Lib/site-packages/pip-26.1.2.dist-info/licenses/src/pip/_vendor/msgpack/COPYING,True,False,Keep one is not automatically safe; verify dataset/model provenance.
29029,492dedba85da5872f78e6091bcd1fea474d660d35acb4dee964b8aab3f007427,614,2,614,.venv/Lib/site-packages/pip/_vendor/msgpack/COPYING,True,False,Keep one is not automatically safe; verify dataset/model provenance.
29217,98bdbcb33cb52af137349856a2be633666aba7c830a650d4fbb8301996398344,566,2,566,.venv/Lib/site-packages/pip/_vendor/urllib3/contrib/emscripten/request.py,True,False,Keep one is not automatically safe; verify dataset/model provenance.
29217,98bdbcb33cb52af137349856a2be633666aba7c830a650d4fbb8301996398344,566,2,566,.venv/Lib/site-packages/urllib3/contrib/emscripten/request.py,True,False,Keep one is not automatically safe; verify dataset/model provenance.
29246,86eeee87be2a43f3ff1f56496f451f69243926f025fedbb033666c304c4c161b,558,2,558,.venv/Lib/site-packages/pip-26.1.2.dist-info/licenses/src/pip/_vendor/cachecontrol/LICENSE.txt,True,False,Keep one is not automatically safe; verify dataset/model provenance.
29246,86eeee87be2a43f3ff1f56496f451f69243926f025fedbb033666c304c4c161b,558,2,558,.venv/Lib/site-packages/pip/_vendor/cachecontrol/LICENSE.txt,True,False,Keep one is not automatically safe; verify dataset/model provenance.
29514,42130474fbb65e882b2735774b42964bab7b97423d93c11e0d1265e1f9f0f3bb,494,2,494,.venv/Lib/site-packages/packaging/__init__.py,True,False,Keep one is not automatically safe; verify dataset/model provenance.
29514,42130474fbb65e882b2735774b42964bab7b97423d93c11e0d1265e1f9f0f3bb,494,2,494,.venv/Lib/site-packages/pip/_vendor/packaging/__init__.py,True,False,Keep one is not automatically safe; verify dataset/model provenance.
29750,174e05c12590cdc63a91eb1abcaa444f414d9807c51aa796871f3b6d2e9b0a36,444,2,444,.venv/Lib/site-packages/polars/io/cloud/__init__.py,True,False,Keep one is not automatically safe; verify dataset/model provenance.
29750,174e05c12590cdc63a91eb1abcaa444f414d9807c51aa796871f3b6d2e9b0a36,444,2,444,.venv/Lib/site-packages/polars/io/cloud/credential_provider/__init__.py,True,False,Keep one is not automatically safe; verify dataset/model provenance.
30068,4e543ace01731170f2457df46b0806a6d48d19a3ef85d0628bf00c52d57c571c,375,2,375,.venv/Lib/site-packages/torch/distributed/_shard/sharded_tensor/logging_handlers.py,True,False,Keep one is not automatically safe; verify dataset/model provenance.
30068,4e543ace01731170f2457df46b0806a6d48d19a3ef85d0628bf00c52d57c571c,375,2,375,.venv/Lib/site-packages/torch/distributed/logging_handlers.py,True,False,Keep one is not automatically safe; verify dataset/model provenance.
30106,b0a2f12fd8c42415fb7a1e4eba6b5748e9d3ae23eb25492e8d31c5b6725516b3,365,3,730,.venv/Lib/site-packages/mpl_toolkits/axes_grid1/tests/__init__.py,True,False,Keep one is not automatically safe; verify dataset/model provenance.
30106,b0a2f12fd8c42415fb7a1e4eba6b5748e9d3ae23eb25492e8d31c5b6725516b3,365,3,730,.venv/Lib/site-packages/mpl_toolkits/axisartist/tests/__init__.py,True,False,Keep one is not automatically safe; verify dataset/model provenance.
30106,b0a2f12fd8c42415fb7a1e4eba6b5748e9d3ae23eb25492e8d31c5b6725516b3,365,3,730,.venv/Lib/site-packages/mpl_toolkits/mplot3d/tests/__init__.py,True,False,Keep one is not automatically safe; verify dataset/model provenance.
30221,977f1ba3b769a77bb595530f12b95cb7fe6e04b2a3df9cee4bfaf7e5eedcd7d7,345,2,345,.venv/Lib/site-packages/numpy/_pyinstaller/tests/__init__.py,True,False,Keep one is not automatically safe; verify dataset/model provenance.
30221,977f1ba3b769a77bb595530f12b95cb7fe6e04b2a3df9cee4bfaf7e5eedcd7d7,345,2,345,.venv/Lib/site-packages/numpy/f2py/tests/__init__.py,True,False,Keep one is not automatically safe; verify dataset/model provenance.
30337,bdcea3e0028fcb928e09b37de37f3080bd89443d9f40585c69ac2db6b9d40627,319,2,319,.venv/Lib/site-packages/torch/include/c10/util/python_stub.h,True,False,Keep one is not automatically safe; verify dataset/model provenance.
30337,bdcea3e0028fcb928e09b37de37f3080bd89443d9f40585c69ac2db6b9d40627,319,2,319,.venv/Lib/site-packages/torch/include/torch/csrc/utils/python_stub.h,True,False,Keep one is not automatically safe; verify dataset/model provenance.
30373,32e6890335d73ec67de6e51c239ca910903297cfbf2e63dfe6f75f9145ed48a1,311,2,311,.venv/Lib/site-packages/torch/include/c10/util/Float8_e4m3fnuz-inl.h,True,False,Keep one is not automatically safe; verify dataset/model provenance.
30373,32e6890335d73ec67de6e51c239ca910903297cfbf2e63dfe6f75f9145ed48a1,311,2,311,.venv/Lib/site-packages/torch/include/c10/util/Float8_e4m3fnuz.h,True,False,Keep one is not automatically safe; verify dataset/model provenance.
30376,bfff504bac5dce48522e8ee4ccf06ccb112fd75957216d7e7fd073d90127a967,311,2,311,.venv/Lib/site-packages/torch/include/c10/util/Float8_e5m2fnuz-inl.h,True,False,Keep one is not automatically safe; verify dataset/model provenance.
30376,bfff504bac5dce48522e8ee4ccf06ccb112fd75957216d7e7fd073d90127a967,311,2,311,.venv/Lib/site-packages/torch/include/c10/util/Float8_e5m2fnuz.h,True,False,Keep one is not automatically safe; verify dataset/model provenance.
30381,ce06eaa34afb89f4f34605b219f2408135f2676121dfa6ff3621bd36a5c840c8,310,2,310,.venv/Lib/site-packages/torch/include/c10/util/Float8_e8m0fnu-inl.h,True,False,Keep one is not automatically safe; verify dataset/model provenance.
30381,ce06eaa34afb89f4f34605b219f2408135f2676121dfa6ff3621bd36a5c840c8,310,2,310,.venv/Lib/site-packages/torch/include/c10/util/Float8_e8m0fnu.h,True,False,Keep one is not automatically safe; verify dataset/model provenance.
30383,1b67896ac0e36724164688c54a242c50f11fd6cbb49f8e89695a5b3e1b1f07a3,309,2,309,.venv/Lib/site-packages/torch/include/c10/util/Float8_e4m3fn-inl.h,True,False,Keep one is not automatically safe; verify dataset/model provenance.
30383,1b67896ac0e36724164688c54a242c50f11fd6cbb49f8e89695a5b3e1b1f07a3,309,2,309,.venv/Lib/site-packages/torch/include/c10/util/Float8_e4m3fn.h,True,False,Keep one is not automatically safe; verify dataset/model provenance.
30395,0351aa03ad3344e73feb848cc08cb84a80627cb66528f013afa1f7e8055ce617,307,2,307,.venv/Lib/site-packages/torch/include/c10/util/Float8_e5m2-inl.h,True,False,Keep one is not automatically safe; verify dataset/model provenance.
30395,0351aa03ad3344e73feb848cc08cb84a80627cb66528f013afa1f7e8055ce617,307,2,307,.venv/Lib/site-packages/torch/include/c10/util/Float8_e5m2.h,True,False,Keep one is not automatically safe; verify dataset/model provenance.
30431,f8e119e31448b4f85f25b678fbf68d2e63e074a44dc6f96f2c4b8c107f83653c,304,2,304,.venv/Lib/site-packages/torch/include/c10/util/BFloat16-inl.h,True,False,Keep one is not automatically safe; verify dataset/model provenance.
30431,f8e119e31448b4f85f25b678fbf68d2e63e074a44dc6f96f2c4b8c107f83653c,304,2,304,.venv/Lib/site-packages/torch/include/c10/util/BFloat16.h,True,False,Keep one is not automatically safe; verify dataset/model provenance.
30630,f864c6d9552a929c7032ace654ee05ef26ca75d21b027b801d77e65907138b74,254,2,254,.venv/Lib/site-packages/pip/_vendor/tomli/_types.py,True,False,Keep one is not automatically safe; verify dataset/model provenance.
30630,f864c6d9552a929c7032ace654ee05ef26ca75d21b027b801d77e65907138b74,254,2,254,.venv/Lib/site-packages/setuptools/_vendor/tomli/_types.py,True,False,Keep one is not automatically safe; verify dataset/model provenance.
30781,6a5ac427092d99755c0a9854f21d84009657d1874a7dccf8b4910e746d815c1f,217,2,217,.venv/Lib/site-packages/torchvision/models/mobilenet.py,True,False,Keep one is not automatically safe; verify dataset/model provenance.
30781,6a5ac427092d99755c0a9854f21d84009657d1874a7dccf8b4910e746d815c1f,217,2,217,.venv/Lib/site-packages/torchvision/models/quantization/mobilenet.py,True,False,Keep one is not automatically safe; verify dataset/model provenance.
30806,2503152d1a0508aa3adbd290ff5beee22d74466930c3c1163326670cb1065da8,211,5,844,.venv/Lib/site-packages/torch/_export/db/__init__.py,True,False,Keep one is not automatically safe; verify dataset/model provenance.
30806,2503152d1a0508aa3adbd290ff5beee22d74466930c3c1163326670cb1065da8,211,5,844,.venv/Lib/site-packages/torch/_functorch/__init__.py,True,False,Keep one is not automatically safe; verify dataset/model provenance.
30806,2503152d1a0508aa3adbd290ff5beee22d74466930c3c1163326670cb1065da8,211,5,844,.venv/Lib/site-packages/torch/_functorch/_activation_checkpointing/__init__.py,True,False,Keep one is not automatically safe; verify dataset/model provenance.
30806,2503152d1a0508aa3adbd290ff5beee22d74466930c3c1163326670cb1065da8,211,5,844,.venv/Lib/site-packages/torch/_functorch/_activation_offloading/__init__.py,True,False,Keep one is not automatically safe; verify dataset/model provenance.
30806,2503152d1a0508aa3adbd290ff5beee22d74466930c3c1163326670cb1065da8,211,5,844,.venv/Lib/site-packages/torch/_functorch/_aot_autograd/__init__.py,True,False,Keep one is not automatically safe; verify dataset/model provenance.
30899,cad1ef5bd340d73e074ba614d26f7deaca5c7940c3d8c34852e65c4909686c48,197,4,591,.venv/Lib/site-packages/packaging-26.2.dist-info/licenses/LICENSE,True,False,Keep one is not automatically safe; verify dataset/model provenance.
30899,cad1ef5bd340d73e074ba614d26f7deaca5c7940c3d8c34852e65c4909686c48,197,4,591,.venv/Lib/site-packages/pip-26.1.2.dist-info/licenses/src/pip/_vendor/packaging/LICENSE,True,False,Keep one is not automatically safe; verify dataset/model provenance.
30899,cad1ef5bd340d73e074ba614d26f7deaca5c7940c3d8c34852e65c4909686c48,197,4,591,.venv/Lib/site-packages/pip/_vendor/packaging/LICENSE,True,False,Keep one is not automatically safe; verify dataset/model provenance.
30899,cad1ef5bd340d73e074ba614d26f7deaca5c7940c3d8c34852e65c4909686c48,197,4,591,.venv/Lib/site-packages/setuptools/_vendor/packaging-26.0.dist-info/licenses/LICENSE,True,False,Keep one is not automatically safe; verify dataset/model provenance.
31278,6f9b7304078d21a61d1398d6623d4e7cfb0f9375874e379e9fe9a2f342b15429,164,4,492,out/object_anchor_preview/20260728_112845/README.md,False,False,Keep one is not automatically safe; verify dataset/model provenance.
31278,6f9b7304078d21a61d1398d6623d4e7cfb0f9375874e379e9fe9a2f342b15429,164,4,492,out/object_anchor_preview/20260728_113229/README.md,False,False,Keep one is not automatically safe; verify dataset/model provenance.
31278,6f9b7304078d21a61d1398d6623d4e7cfb0f9375874e379e9fe9a2f342b15429,164,4,492,out/object_anchor_preview/20260728_120922/README.md,False,False,Keep one is not automatically safe; verify dataset/model provenance.
31278,6f9b7304078d21a61d1398d6623d4e7cfb0f9375874e379e9fe9a2f342b15429,164,4,492,out/object_anchor_preview/20260729_123354/README.md,False,False,Keep one is not automatically safe; verify dataset/model provenance.
31389,8884603656d807173d274e381da165957d9e17fbacaff2b9e8d47094b9747f1e,128,3,256,.venv/Lib/site-packages/mpl_toolkits/axes_grid1/tests/conftest.py,True,False,Keep one is not automatically safe; verify dataset/model provenance.
31389,8884603656d807173d274e381da165957d9e17fbacaff2b9e8d47094b9747f1e,128,3,256,.venv/Lib/site-packages/mpl_toolkits/axisartist/tests/conftest.py,True,False,Keep one is not automatically safe; verify dataset/model provenance.
31389,8884603656d807173d274e381da165957d9e17fbacaff2b9e8d47094b9747f1e,128,3,256,.venv/Lib/site-packages/mpl_toolkits/mplot3d/tests/conftest.py,True,False,Keep one is not automatically safe; verify dataset/model provenance.
31415,19efaf7d44e74f1930304921cb6dcef56754720a756abee97980e6546902ea6f,119,4,357,data/datasets/tissue_box_front_orbbec_full99/labels/train/tissue_F_003.txt,True,False,Keep one is not automatically safe; verify dataset/model provenance.
31415,19efaf7d44e74f1930304921cb6dcef56754720a756abee97980e6546902ea6f,119,4,357,data/datasets/tissue_box_front_orbbec_pilot/labels/train/tissue_F_003.txt,True,False,Keep one is not automatically safe; verify dataset/model provenance.
31415,19efaf7d44e74f1930304921cb6dcef56754720a756abee97980e6546902ea6f,119,4,357,data/tissue_box_front_only_pose/labels/train/tissue_F_003.txt,True,False,Keep one is not automatically safe; verify dataset/model provenance.
31415,19efaf7d44e74f1930304921cb6dcef56754720a756abee97980e6546902ea6f,119,4,357,out/tissue_box_front_24_sanitized/dataset/labels/train/tissue_F_003.txt,True,False,Keep one is not automatically safe; verify dataset/model provenance.
31416,1bdc7f7bfff0141a2260dac43d1fde38a380c362858b653ba067e3bde98f1265,119,4,357,data/datasets/tissue_box_front_orbbec_full99/labels/train/tissue_FTR_001.txt,True,False,Keep one is not automatically safe; verify dataset/model provenance.
31416,1bdc7f7bfff0141a2260dac43d1fde38a380c362858b653ba067e3bde98f1265,119,4,357,data/datasets/tissue_box_front_orbbec_pilot/labels/train/tissue_FTR_001.txt,True,False,Keep one is not automatically safe; verify dataset/model provenance.
31416,1bdc7f7bfff0141a2260dac43d1fde38a380c362858b653ba067e3bde98f1265,119,4,357,data/tissue_box_front_only_pose/labels/train/tissue_FTR_001.txt,True,False,Keep one is not automatically safe; verify dataset/model provenance.
31416,1bdc7f7bfff0141a2260dac43d1fde38a380c362858b653ba067e3bde98f1265,119,4,357,out/tissue_box_front_24_sanitized/dataset/labels/train/tissue_FTR_001.txt,True,False,Keep one is not automatically safe; verify dataset/model provenance.
31418,25f01536bbc28e79c51ec3e43792aad49e69dbc6075c33c16e227b2ebf5ec3e7,119,4,357,data/datasets/tissue_box_front_orbbec_full99/labels/legacy_test/tissue_F_001.txt,True,False,Keep one is not automatically safe; verify dataset/model provenance.
31418,25f01536bbc28e79c51ec3e43792aad49e69dbc6075c33c16e227b2ebf5ec3e7,119,4,357,data/datasets/tissue_box_front_orbbec_pilot/labels/test/tissue_F_001.txt,True,False,Keep one is not automatically safe; verify dataset/model provenance.
31418,25f01536bbc28e79c51ec3e43792aad49e69dbc6075c33c16e227b2ebf5ec3e7,119,4,357,data/tissue_box_front_only_pose/labels/val/tissue_F_001.txt,True,False,Keep one is not automatically safe; verify dataset/model provenance.
31418,25f01536bbc28e79c51ec3e43792aad49e69dbc6075c33c16e227b2ebf5ec3e7,119,4,357,out/tissue_box_front_24_sanitized/dataset/labels/train/tissue_F_001.txt,True,False,Keep one is not automatically safe; verify dataset/model provenance.
31419,2a2eb98c1f2374129e5b4403cda44bec2af7fda018f23d8ba0d60cea3e217f9a,119,4,357,data/datasets/tissue_box_front_orbbec_full99/labels/train/tissue_F_002.txt,True,False,Keep one is not automatically safe; verify dataset/model provenance.
31419,2a2eb98c1f2374129e5b4403cda44bec2af7fda018f23d8ba0d60cea3e217f9a,119,4,357,data/datasets/tissue_box_front_orbbec_pilot/labels/train/tissue_F_002.txt,True,False,Keep one is not automatically safe; verify dataset/model provenance.
31419,2a2eb98c1f2374129e5b4403cda44bec2af7fda018f23d8ba0d60cea3e217f9a,119,4,357,data/tissue_box_front_only_pose/labels/train/tissue_F_002.txt,True,False,Keep one is not automatically safe; verify dataset/model provenance.
31419,2a2eb98c1f2374129e5b4403cda44bec2af7fda018f23d8ba0d60cea3e217f9a,119,4,357,out/tissue_box_front_24_sanitized/dataset/labels/train/tissue_F_002.txt,True,False,Keep one is not automatically safe; verify dataset/model provenance.
31420,3a2c289211c32bb1f04707ae2f702b20dec4c41d8b67b2369f9c1f8b7562fc8b,119,4,357,data/datasets/tissue_box_front_orbbec_full99/labels/train/tissue_FTL_003.txt,True,False,Keep one is not automatically safe; verify dataset/model provenance.
31420,3a2c289211c32bb1f04707ae2f702b20dec4c41d8b67b2369f9c1f8b7562fc8b,119,4,357,data/datasets/tissue_box_front_orbbec_pilot/labels/train/tissue_FTL_003.txt,True,False,Keep one is not automatically safe; verify dataset/model provenance.
31420,3a2c289211c32bb1f04707ae2f702b20dec4c41d8b67b2369f9c1f8b7562fc8b,119,4,357,data/tissue_box_front_only_pose/labels/train/tissue_FTL_003.txt,True,False,Keep one is not automatically safe; verify dataset/model provenance.
31420,3a2c289211c32bb1f04707ae2f702b20dec4c41d8b67b2369f9c1f8b7562fc8b,119,4,357,out/tissue_box_front_24_sanitized/dataset/labels/train/tissue_FTL_003.txt,True,False,Keep one is not automatically safe; verify dataset/model provenance.
31421,3d22a32d610ca71ce508ea236359941ef56a0b78db5ea619422e851e4dfec712,119,4,357,data/datasets/tissue_box_front_orbbec_full99/labels/legacy_test/tissue_FDR_005.txt,True,False,Keep one is not automatically safe; verify dataset/model provenance.
31421,3d22a32d610ca71ce508ea236359941ef56a0b78db5ea619422e851e4dfec712,119,4,357,data/datasets/tissue_box_front_orbbec_pilot/labels/test/tissue_FDR_005.txt,True,False,Keep one is not automatically safe; verify dataset/model provenance.
31421,3d22a32d610ca71ce508ea236359941ef56a0b78db5ea619422e851e4dfec712,119,4,357,data/tissue_box_front_only_pose/labels/val/tissue_FDR_005.txt,True,False,Keep one is not automatically safe; verify dataset/model provenance.
31421,3d22a32d610ca71ce508ea236359941ef56a0b78db5ea619422e851e4dfec712,119,4,357,out/tissue_box_front_24_sanitized/dataset/labels/train/tissue_FDR_005.txt,True,False,Keep one is not automatically safe; verify dataset/model provenance.
31422,3e9e5414f17edb85e61694037e1d94bfa3af710f6e0679bf835b41430ec217b2,119,4,357,data/datasets/tissue_box_front_orbbec_full99/labels/train/tissue_FTR_003.txt,True,False,Keep one is not automatically safe; verify dataset/model provenance.
31422,3e9e5414f17edb85e61694037e1d94bfa3af710f6e0679bf835b41430ec217b2,119,4,357,data/datasets/tissue_box_front_orbbec_pilot/labels/train/tissue_FTR_003.txt,True,False,Keep one is not automatically safe; verify dataset/model provenance.
31422,3e9e5414f17edb85e61694037e1d94bfa3af710f6e0679bf835b41430ec217b2,119,4,357,data/tissue_box_front_only_pose/labels/train/tissue_FTR_003.txt,True,False,Keep one is not automatically safe; verify dataset/model provenance.
31422,3e9e5414f17edb85e61694037e1d94bfa3af710f6e0679bf835b41430ec217b2,119,4,357,out/tissue_box_front_24_sanitized/dataset/labels/train/tissue_FTR_003.txt,True,False,Keep one is not automatically safe; verify dataset/model provenance.
31423,3f07a8311c131d4355ccb830ec03e842f44a5474a83a138618a9705d13343a45,119,4,357,data/datasets/tissue_box_front_orbbec_full99/labels/train/tissue_FDL_001.txt,True,False,Keep one is not automatically safe; verify dataset/model provenance.
31423,3f07a8311c131d4355ccb830ec03e842f44a5474a83a138618a9705d13343a45,119,4,357,data/datasets/tissue_box_front_orbbec_pilot/labels/train/tissue_FDL_001.txt,True,False,Keep one is not automatically safe; verify dataset/model provenance.
31423,3f07a8311c131d4355ccb830ec03e842f44a5474a83a138618a9705d13343a45,119,4,357,data/tissue_box_front_only_pose/labels/train/tissue_FDL_001.txt,True,False,Keep one is not automatically safe; verify dataset/model provenance.
31423,3f07a8311c131d4355ccb830ec03e842f44a5474a83a138618a9705d13343a45,119,4,357,out/tissue_box_front_24_sanitized/dataset/labels/train/tissue_FDL_001.txt,True,False,Keep one is not automatically safe; verify dataset/model provenance.
31424,415845e485c0806cba3e22fb846ea709bb96b061d34688953bb46bc05a575a93,119,4,357,data/datasets/tissue_box_front_orbbec_full99/labels/train/tissue_FDR_003.txt,True,False,Keep one is not automatically safe; verify dataset/model provenance.
31424,415845e485c0806cba3e22fb846ea709bb96b061d34688953bb46bc05a575a93,119,4,357,data/datasets/tissue_box_front_orbbec_pilot/labels/train/tissue_FDR_003.txt,True,False,Keep one is not automatically safe; verify dataset/model provenance.
31424,415845e485c0806cba3e22fb846ea709bb96b061d34688953bb46bc05a575a93,119,4,357,data/tissue_box_front_only_pose/labels/train/tissue_FDR_003.txt,True,False,Keep one is not automatically safe; verify dataset/model provenance.
31424,415845e485c0806cba3e22fb846ea709bb96b061d34688953bb46bc05a575a93,119,4,357,out/tissue_box_front_24_sanitized/dataset/labels/train/tissue_FDR_003.txt,True,False,Keep one is not automatically safe; verify dataset/model provenance.
31425,4d35cc516a782292450fd90b7b8eca78a74a511fee4b93afacf35c7e37094c1d,119,4,357,data/datasets/tissue_box_front_orbbec_full99/labels/train/tissue_FDR_001.txt,True,False,Keep one is not automatically safe; verify dataset/model provenance.
31425,4d35cc516a782292450fd90b7b8eca78a74a511fee4b93afacf35c7e37094c1d,119,4,357,data/datasets/tissue_box_front_orbbec_pilot/labels/train/tissue_FDR_001.txt,True,False,Keep one is not automatically safe; verify dataset/model provenance.
31425,4d35cc516a782292450fd90b7b8eca78a74a511fee4b93afacf35c7e37094c1d,119,4,357,data/tissue_box_front_only_pose/labels/train/tissue_FDR_001.txt,True,False,Keep one is not automatically safe; verify dataset/model provenance.
31425,4d35cc516a782292450fd90b7b8eca78a74a511fee4b93afacf35c7e37094c1d,119,4,357,out/tissue_box_front_24_sanitized/dataset/labels/train/tissue_FDR_001.txt,True,False,Keep one is not automatically safe; verify dataset/model provenance.
31426,6f57fae4c5e5c064424372569abefb1ec2f17e565bcb99d89f4fae033bec80e8,119,4,357,data/datasets/tissue_box_front_orbbec_full99/labels/train/tissue_FTL_002.txt,True,False,Keep one is not automatically safe; verify dataset/model provenance.
31426,6f57fae4c5e5c064424372569abefb1ec2f17e565bcb99d89f4fae033bec80e8,119,4,357,data/datasets/tissue_box_front_orbbec_pilot/labels/train/tissue_FTL_002.txt,True,False,Keep one is not automatically safe; verify dataset/model provenance.
31426,6f57fae4c5e5c064424372569abefb1ec2f17e565bcb99d89f4fae033bec80e8,119,4,357,data/tissue_box_front_only_pose/labels/train/tissue_FTL_002.txt,True,False,Keep one is not automatically safe; verify dataset/model provenance.
31426,6f57fae4c5e5c064424372569abefb1ec2f17e565bcb99d89f4fae033bec80e8,119,4,357,out/tissue_box_front_24_sanitized/dataset/labels/train/tissue_FTL_002.txt,True,False,Keep one is not automatically safe; verify dataset/model provenance.
31427,70c3a311fc36d4002bb0c6331ed76e188c521362ded433e6020a668b55cd9e0a,119,4,357,data/datasets/tissue_box_front_orbbec_full99/labels/train/tissue_FTL_001.txt,True,False,Keep one is not automatically safe; verify dataset/model provenance.
31427,70c3a311fc36d4002bb0c6331ed76e188c521362ded433e6020a668b55cd9e0a,119,4,357,data/datasets/tissue_box_front_orbbec_pilot/labels/train/tissue_FTL_001.txt,True,False,Keep one is not automatically safe; verify dataset/model provenance.
31427,70c3a311fc36d4002bb0c6331ed76e188c521362ded433e6020a668b55cd9e0a,119,4,357,data/tissue_box_front_only_pose/labels/train/tissue_FTL_001.txt,True,False,Keep one is not automatically safe; verify dataset/model provenance.
31427,70c3a311fc36d4002bb0c6331ed76e188c521362ded433e6020a668b55cd9e0a,119,4,357,out/tissue_box_front_24_sanitized/dataset/labels/train/tissue_FTL_001.txt,True,False,Keep one is not automatically safe; verify dataset/model provenance.
31428,7794b07a4d2df9d9b4cbf32c4db82e55dd256409179127463b17f3590270a867,119,4,357,data/datasets/tissue_box_front_orbbec_full99/labels/legacy_test/tissue_F_005.txt,True,False,Keep one is not automatically safe; verify dataset/model provenance.
31428,7794b07a4d2df9d9b4cbf32c4db82e55dd256409179127463b17f3590270a867,119,4,357,data/datasets/tissue_box_front_orbbec_pilot/labels/test/tissue_F_005.txt,True,False,Keep one is not automatically safe; verify dataset/model provenance.
31428,7794b07a4d2df9d9b4cbf32c4db82e55dd256409179127463b17f3590270a867,119,4,357,data/tissue_box_front_only_pose/labels/val/tissue_F_005.txt,True,False,Keep one is not automatically safe; verify dataset/model provenance.
31428,7794b07a4d2df9d9b4cbf32c4db82e55dd256409179127463b17f3590270a867,119,4,357,out/tissue_box_front_24_sanitized/dataset/labels/train/tissue_F_005.txt,True,False,Keep one is not automatically safe; verify dataset/model provenance.
31429,b018a5006ebcf42b5178e41efd875d2b323cc1f7744d59de4ffb98d9b756e2c9,119,4,357,data/datasets/tissue_box_front_orbbec_full99/labels/train/tissue_FTL_004.txt,True,False,Keep one is not automatically safe; verify dataset/model provenance.
31429,b018a5006ebcf42b5178e41efd875d2b323cc1f7744d59de4ffb98d9b756e2c9,119,4,357,data/datasets/tissue_box_front_orbbec_pilot/labels/train/tissue_FTL_004.txt,True,False,Keep one is not automatically safe; verify dataset/model provenance.
31429,b018a5006ebcf42b5178e41efd875d2b323cc1f7744d59de4ffb98d9b756e2c9,119,4,357,data/tissue_box_front_only_pose/labels/train/tissue_FTL_004.txt,True,False,Keep one is not automatically safe; verify dataset/model provenance.
31429,b018a5006ebcf42b5178e41efd875d2b323cc1f7744d59de4ffb98d9b756e2c9,119,4,357,out/tissue_box_front_24_sanitized/dataset/labels/train/tissue_FTL_004.txt,True,False,Keep one is not automatically safe; verify dataset/model provenance.
31430,bb9201f4255355a6176171fb34c2bfebd19fe364e29af60fe50881774b757d5a,119,4,357,data/datasets/tissue_box_front_orbbec_full99/labels/train/tissue_FDL_003.txt,True,False,Keep one is not automatically safe; verify dataset/model provenance.
31430,bb9201f4255355a6176171fb34c2bfebd19fe364e29af60fe50881774b757d5a,119,4,357,data/datasets/tissue_box_front_orbbec_pilot/labels/train/tissue_FDL_003.txt,True,False,Keep one is not automatically safe; verify dataset/model provenance.
31430,bb9201f4255355a6176171fb34c2bfebd19fe364e29af60fe50881774b757d5a,119,4,357,data/tissue_box_front_only_pose/labels/train/tissue_FDL_003.txt,True,False,Keep one is not automatically safe; verify dataset/model provenance.
31430,bb9201f4255355a6176171fb34c2bfebd19fe364e29af60fe50881774b757d5a,119,4,357,out/tissue_box_front_24_sanitized/dataset/labels/train/tissue_FDL_003.txt,True,False,Keep one is not automatically safe; verify dataset/model provenance.
31431,bd080a5ea77d289348a3f6f2dc70d85f88ac870a44dcccfea0b7f65f702d9955,119,4,357,data/datasets/tissue_box_front_orbbec_full99/labels/train/tissue_FTR_002.txt,True,False,Keep one is not automatically safe; verify dataset/model provenance.
31431,bd080a5ea77d289348a3f6f2dc70d85f88ac870a44dcccfea0b7f65f702d9955,119,4,357,data/datasets/tissue_box_front_orbbec_pilot/labels/train/tissue_FTR_002.txt,True,False,Keep one is not automatically safe; verify dataset/model provenance.
31431,bd080a5ea77d289348a3f6f2dc70d85f88ac870a44dcccfea0b7f65f702d9955,119,4,357,data/tissue_box_front_only_pose/labels/train/tissue_FTR_002.txt,True,False,Keep one is not automatically safe; verify dataset/model provenance.
31431,bd080a5ea77d289348a3f6f2dc70d85f88ac870a44dcccfea0b7f65f702d9955,119,4,357,out/tissue_box_front_24_sanitized/dataset/labels/train/tissue_FTR_002.txt,True,False,Keep one is not automatically safe; verify dataset/model provenance.
31432,c0c80a12501e419466d1d148e2fff33e4920b7921eb89e720a6fc4673a7d7c4c,119,4,357,data/datasets/tissue_box_front_orbbec_full99/labels/train/tissue_FDR_002.txt,True,False,Keep one is not automatically safe; verify dataset/model provenance.
31432,c0c80a12501e419466d1d148e2fff33e4920b7921eb89e720a6fc4673a7d7c4c,119,4,357,data/datasets/tissue_box_front_orbbec_pilot/labels/train/tissue_FDR_002.txt,True,False,Keep one is not automatically safe; verify dataset/model provenance.
31432,c0c80a12501e419466d1d148e2fff33e4920b7921eb89e720a6fc4673a7d7c4c,119,4,357,data/tissue_box_front_only_pose/labels/train/tissue_FDR_002.txt,True,False,Keep one is not automatically safe; verify dataset/model provenance.
31432,c0c80a12501e419466d1d148e2fff33e4920b7921eb89e720a6fc4673a7d7c4c,119,4,357,out/tissue_box_front_24_sanitized/dataset/labels/train/tissue_FDR_002.txt,True,False,Keep one is not automatically safe; verify dataset/model provenance.
31433,c930cc502aaeca61bacb93d90095fd406ccea425dbe3a5e6aed8934652e4af07,119,4,357,data/datasets/tissue_box_front_orbbec_full99/labels/legacy_test/tissue_FTR_005.txt,True,False,Keep one is not automatically safe; verify dataset/model provenance.
31433,c930cc502aaeca61bacb93d90095fd406ccea425dbe3a5e6aed8934652e4af07,119,4,357,data/datasets/tissue_box_front_orbbec_pilot/labels/test/tissue_FTR_005.txt,True,False,Keep one is not automatically safe; verify dataset/model provenance.
31433,c930cc502aaeca61bacb93d90095fd406ccea425dbe3a5e6aed8934652e4af07,119,4,357,data/tissue_box_front_only_pose/labels/val/tissue_FTR_005.txt,True,False,Keep one is not automatically safe; verify dataset/model provenance.
31433,c930cc502aaeca61bacb93d90095fd406ccea425dbe3a5e6aed8934652e4af07,119,4,357,out/tissue_box_front_24_sanitized/dataset/labels/train/tissue_FTR_005.txt,True,False,Keep one is not automatically safe; verify dataset/model provenance.
31434,ca1082a4c6dc56829cf8edc8870a196bb12c51883fd28815dd1c084b11f0f166,119,4,357,data/datasets/tissue_box_front_orbbec_full99/labels/legacy_test/tissue_FDL_004.txt,True,False,Keep one is not automatically safe; verify dataset/model provenance.
31434,ca1082a4c6dc56829cf8edc8870a196bb12c51883fd28815dd1c084b11f0f166,119,4,357,data/datasets/tissue_box_front_orbbec_pilot/labels/test/tissue_FDL_004.txt,True,False,Keep one is not automatically safe; verify dataset/model provenance.
31434,ca1082a4c6dc56829cf8edc8870a196bb12c51883fd28815dd1c084b11f0f166,119,4,357,data/tissue_box_front_only_pose/labels/val/tissue_FDL_004.txt,True,False,Keep one is not automatically safe; verify dataset/model provenance.
31434,ca1082a4c6dc56829cf8edc8870a196bb12c51883fd28815dd1c084b11f0f166,119,4,357,out/tissue_box_front_24_sanitized/dataset/labels/train/tissue_FDL_004.txt,True,False,Keep one is not automatically safe; verify dataset/model provenance.
31435,cbe4d6e9953b6dc4c2c360822a32b70ecb68111854ef817acfe7c883f56102e4,119,4,357,data/datasets/tissue_box_front_orbbec_full99/labels/train/tissue_FTR_004.txt,True,False,Keep one is not automatically safe; verify dataset/model provenance.
31435,cbe4d6e9953b6dc4c2c360822a32b70ecb68111854ef817acfe7c883f56102e4,119,4,357,data/datasets/tissue_box_front_orbbec_pilot/labels/train/tissue_FTR_004.txt,True,False,Keep one is not automatically safe; verify dataset/model provenance.
31435,cbe4d6e9953b6dc4c2c360822a32b70ecb68111854ef817acfe7c883f56102e4,119,4,357,data/tissue_box_front_only_pose/labels/train/tissue_FTR_004.txt,True,False,Keep one is not automatically safe; verify dataset/model provenance.
31435,cbe4d6e9953b6dc4c2c360822a32b70ecb68111854ef817acfe7c883f56102e4,119,4,357,out/tissue_box_front_24_sanitized/dataset/labels/train/tissue_FTR_004.txt,True,False,Keep one is not automatically safe; verify dataset/model provenance.
31436,ccd6b1e5ab0adf7f21ef4b2c5d589f4163da80bcbe8d8c7d28ebba907471cf95,119,4,357,data/datasets/tissue_box_front_orbbec_full99/labels/train/tissue_FDL_002.txt,True,False,Keep one is not automatically safe; verify dataset/model provenance.
31436,ccd6b1e5ab0adf7f21ef4b2c5d589f4163da80bcbe8d8c7d28ebba907471cf95,119,4,357,data/datasets/tissue_box_front_orbbec_pilot/labels/train/tissue_FDL_002.txt,True,False,Keep one is not automatically safe; verify dataset/model provenance.
31436,ccd6b1e5ab0adf7f21ef4b2c5d589f4163da80bcbe8d8c7d28ebba907471cf95,119,4,357,data/tissue_box_front_only_pose/labels/train/tissue_FDL_002.txt,True,False,Keep one is not automatically safe; verify dataset/model provenance.
31436,ccd6b1e5ab0adf7f21ef4b2c5d589f4163da80bcbe8d8c7d28ebba907471cf95,119,4,357,out/tissue_box_front_24_sanitized/dataset/labels/train/tissue_FDL_002.txt,True,False,Keep one is not automatically safe; verify dataset/model provenance.
31437,d7e09f251baa566bf6448fd5b4dc7d479b5d67f929b755f9cf79331c24f0d400,119,4,357,data/datasets/tissue_box_front_orbbec_full99/labels/train/tissue_F_004.txt,True,False,Keep one is not automatically safe; verify dataset/model provenance.
31437,d7e09f251baa566bf6448fd5b4dc7d479b5d67f929b755f9cf79331c24f0d400,119,4,357,data/datasets/tissue_box_front_orbbec_pilot/labels/train/tissue_F_004.txt,True,False,Keep one is not automatically safe; verify dataset/model provenance.
31437,d7e09f251baa566bf6448fd5b4dc7d479b5d67f929b755f9cf79331c24f0d400,119,4,357,data/tissue_box_front_only_pose/labels/train/tissue_F_004.txt,True,False,Keep one is not automatically safe; verify dataset/model provenance.
31437,d7e09f251baa566bf6448fd5b4dc7d479b5d67f929b755f9cf79331c24f0d400,119,4,357,out/tissue_box_front_24_sanitized/dataset/labels/train/tissue_F_004.txt,True,False,Keep one is not automatically safe; verify dataset/model provenance.
31438,d9b99c9437cd99185a2039d4e614e57221cbe8a1e13f8ec3102ea7ee8c513f1b,119,4,357,data/datasets/tissue_box_front_orbbec_full99/labels/train/tissue_FDR_004.txt,True,False,Keep one is not automatically safe; verify dataset/model provenance.
31438,d9b99c9437cd99185a2039d4e614e57221cbe8a1e13f8ec3102ea7ee8c513f1b,119,4,357,data/datasets/tissue_box_front_orbbec_pilot/labels/train/tissue_FDR_004.txt,True,False,Keep one is not automatically safe; verify dataset/model provenance.
31438,d9b99c9437cd99185a2039d4e614e57221cbe8a1e13f8ec3102ea7ee8c513f1b,119,4,357,data/tissue_box_front_only_pose/labels/train/tissue_FDR_004.txt,True,False,Keep one is not automatically safe; verify dataset/model provenance.
31438,d9b99c9437cd99185a2039d4e614e57221cbe8a1e13f8ec3102ea7ee8c513f1b,119,4,357,out/tissue_box_front_24_sanitized/dataset/labels/train/tissue_FDR_004.txt,True,False,Keep one is not automatically safe; verify dataset/model provenance.
31439,dfc180893389c6ebe99dc0e7958e8075fb37764561c214ea6e83837937adb075,119,4,357,data/datasets/tissue_box_front_orbbec_full99/labels/legacy_test/tissue_FTL_005.txt,True,False,Keep one is not automatically safe; verify dataset/model provenance.
31439,dfc180893389c6ebe99dc0e7958e8075fb37764561c214ea6e83837937adb075,119,4,357,data/datasets/tissue_box_front_orbbec_pilot/labels/test/tissue_FTL_005.txt,True,False,Keep one is not automatically safe; verify dataset/model provenance.
31439,dfc180893389c6ebe99dc0e7958e8075fb37764561c214ea6e83837937adb075,119,4,357,data/tissue_box_front_only_pose/labels/val/tissue_FTL_005.txt,True,False,Keep one is not automatically safe; verify dataset/model provenance.
31439,dfc180893389c6ebe99dc0e7958e8075fb37764561c214ea6e83837937adb075,119,4,357,out/tissue_box_front_24_sanitized/dataset/labels/train/tissue_FTL_005.txt,True,False,Keep one is not automatically safe; verify dataset/model provenance.
31440,003eee033bbb2045efeef4b7d9183befa9caf43372f4f1d910ea83732092216a,118,3,236,data/cvat_exports/tissue_box_front_positive_v3_dataset/labels/train/tissue_positive_20260724_131652_063.txt,True,False,Keep one is not automatically safe; verify dataset/model provenance.
31440,003eee033bbb2045efeef4b7d9183befa9caf43372f4f1d910ea83732092216a,118,3,236,data/datasets/tissue_box_front_orbbec_full99/labels/train/tissue_positive_20260724_131652_063.txt,True,False,Keep one is not automatically safe; verify dataset/model provenance.
31440,003eee033bbb2045efeef4b7d9183befa9caf43372f4f1d910ea83732092216a,118,3,236,data/datasets/tissue_box_front_orbbec_valid99_source/labels/all/tissue_positive_20260724_131652_063.txt,True,False,Keep one is not automatically safe; verify dataset/model provenance.
31441,027b1a80fd5c0b0b71587a49ba942b2648550857ab8fe5238b61200e9986f8ca,118,4,354,data/cvat_exports/tissue_box_front_positive_v2_dataset/labels/train/tissue_positive_20260724_131652_031.txt,True,False,Keep one is not automatically safe; verify dataset/model provenance.
31441,027b1a80fd5c0b0b71587a49ba942b2648550857ab8fe5238b61200e9986f8ca,118,4,354,data/datasets/tissue_box_front_orbbec_full99/labels/train/tissue_positive_20260724_131652_031.txt,True,False,Keep one is not automatically safe; verify dataset/model provenance.
31441,027b1a80fd5c0b0b71587a49ba942b2648550857ab8fe5238b61200e9986f8ca,118,4,354,data/datasets/tissue_box_front_orbbec_pilot/labels/val/tissue_positive_20260724_131652_031.txt,True,False,Keep one is not automatically safe; verify dataset/model provenance.
31441,027b1a80fd5c0b0b71587a49ba942b2648550857ab8fe5238b61200e9986f8ca,118,4,354,data/datasets/tissue_box_front_orbbec_valid99_source/labels/all/tissue_positive_20260724_131652_031.txt,True,False,Keep one is not automatically safe; verify dataset/model provenance.
31442,055893f685e3c8b6e175077de78a524e16fdbc437da3eb89a359df70145b4693,118,3,236,data/cvat_exports/tissue_box_front_positive_v3_dataset/labels/train/tissue_positive_20260724_131652_053.txt,True,False,Keep one is not automatically safe; verify dataset/model provenance.
31442,055893f685e3c8b6e175077de78a524e16fdbc437da3eb89a359df70145b4693,118,3,236,data/datasets/tissue_box_front_orbbec_full99/labels/train/tissue_positive_20260724_131652_053.txt,True,False,Keep one is not automatically safe; verify dataset/model provenance.
31442,055893f685e3c8b6e175077de78a524e16fdbc437da3eb89a359df70145b4693,118,3,236,data/datasets/tissue_box_front_orbbec_valid99_source/labels/all/tissue_positive_20260724_131652_053.txt,True,False,Keep one is not automatically safe; verify dataset/model provenance.
31443,08a834960eb62468bf860021e0e33bf629977b1cbcde3293212a8369354e9acc,118,3,236,data/cvat_exports/tissue_box_front_positive_v3_dataset/labels/train/tissue_positive_20260724_131652_028.txt,True,False,Keep one is not automatically safe; verify dataset/model provenance.
31443,08a834960eb62468bf860021e0e33bf629977b1cbcde3293212a8369354e9acc,118,3,236,data/datasets/tissue_box_front_orbbec_full99/labels/val/tissue_positive_20260724_131652_028.txt,True,False,Keep one is not automatically safe; verify dataset/model provenance.
31443,08a834960eb62468bf860021e0e33bf629977b1cbcde3293212a8369354e9acc,118,3,236,data/datasets/tissue_box_front_orbbec_valid99_source/labels/all/tissue_positive_20260724_131652_028.txt,True,False,Keep one is not automatically safe; verify dataset/model provenance.
31444,0ac7995e135282334be2ec2a3222e3bfc6a25f2222bdfd591d2de36715007d85,118,3,236,data/cvat_exports/tissue_box_front_positive_v3_dataset/labels/train/tissue_positive_20260724_131652_064.txt,True,False,Keep one is not automatically safe; verify dataset/model provenance.
31444,0ac7995e135282334be2ec2a3222e3bfc6a25f2222bdfd591d2de36715007d85,118,3,236,data/datasets/tissue_box_front_orbbec_full99/labels/train/tissue_positive_20260724_131652_064.txt,True,False,Keep one is not automatically safe; verify dataset/model provenance.
31444,0ac7995e135282334be2ec2a3222e3bfc6a25f2222bdfd591d2de36715007d85,118,3,236,data/datasets/tissue_box_front_orbbec_valid99_source/labels/all/tissue_positive_20260724_131652_064.txt,True,False,Keep one is not automatically safe; verify dataset/model provenance.
31445,0b1ceed0db447d74a0271756d198529692dfe4a98d8d17af187db52c0dae3043,118,3,236,data/cvat_exports/tissue_box_front_positive_v3_dataset/labels/train/tissue_positive_20260724_131652_012.txt,True,False,Keep one is not automatically safe; verify dataset/model provenance.
31445,0b1ceed0db447d74a0271756d198529692dfe4a98d8d17af187db52c0dae3043,118,3,236,data/datasets/tissue_box_front_orbbec_full99/labels/train/tissue_positive_20260724_131652_012.txt,True,False,Keep one is not automatically safe; verify dataset/model provenance.
31445,0b1ceed0db447d74a0271756d198529692dfe4a98d8d17af187db52c0dae3043,118,3,236,data/datasets/tissue_box_front_orbbec_valid99_source/labels/all/tissue_positive_20260724_131652_012.txt,True,False,Keep one is not automatically safe; verify dataset/model provenance.
31446,0bf43074fd361a898b90005d15365a980a6e2ba345af1dccd70fbd5249d2f569,118,3,236,data/cvat_exports/tissue_box_front_positive_v3_dataset/labels/train/tissue_positive_20260724_131652_035.txt,True,False,Keep one is not automatically safe; verify dataset/model provenance.
31446,0bf43074fd361a898b90005d15365a980a6e2ba345af1dccd70fbd5249d2f569,118,3,236,data/datasets/tissue_box_front_orbbec_full99/labels/train/tissue_positive_20260724_131652_035.txt,True,False,Keep one is not automatically safe; verify dataset/model provenance.
31446,0bf43074fd361a898b90005d15365a980a6e2ba345af1dccd70fbd5249d2f569,118,3,236,data/datasets/tissue_box_front_orbbec_valid99_source/labels/all/tissue_positive_20260724_131652_035.txt,True,False,Keep one is not automatically safe; verify dataset/model provenance.
31447,10d217bc21fc30ee4cba09eb77591d30fd5e340d0c161597aefab820e0419ff0,118,3,236,data/cvat_exports/tissue_box_front_positive_v3_dataset/labels/train/tissue_positive_20260724_131652_072.txt,True,False,Keep one is not automatically safe; verify dataset/model provenance.
31447,10d217bc21fc30ee4cba09eb77591d30fd5e340d0c161597aefab820e0419ff0,118,3,236,data/datasets/tissue_box_front_orbbec_full99/labels/train/tissue_positive_20260724_131652_072.txt,True,False,Keep one is not automatically safe; verify dataset/model provenance.
31447,10d217bc21fc30ee4cba09eb77591d30fd5e340d0c161597aefab820e0419ff0,118,3,236,data/datasets/tissue_box_front_orbbec_valid99_source/labels/all/tissue_positive_20260724_131652_072.txt,True,False,Keep one is not automatically safe; verify dataset/model provenance.
31448,131511e161726d96b569ae42c16f391ba990c73aba01f0189cd2c2c6fc01f6d2,118,3,236,data/cvat_exports/tissue_box_front_positive_v3_dataset/labels/train/tissue_positive_20260724_131652_074.txt,True,False,Keep one is not automatically safe; verify dataset/model provenance.
31448,131511e161726d96b569ae42c16f391ba990c73aba01f0189cd2c2c6fc01f6d2,118,3,236,data/datasets/tissue_box_front_orbbec_full99/labels/train/tissue_positive_20260724_131652_074.txt,True,False,Keep one is not automatically safe; verify dataset/model provenance.
31448,131511e161726d96b569ae42c16f391ba990c73aba01f0189cd2c2c6fc01f6d2,118,3,236,data/datasets/tissue_box_front_orbbec_valid99_source/labels/all/tissue_positive_20260724_131652_074.txt,True,False,Keep one is not automatically safe; verify dataset/model provenance.
31449,140e8c6140f73ec557618d9dbef27fd9302e04f468e32da58e6de393b771f6c9,118,3,236,data/cvat_exports/tissue_box_front_positive_v3_dataset/labels/train/tissue_positive_20260724_131652_050.txt,True,False,Keep one is not automatically safe; verify dataset/model provenance.
31449,140e8c6140f73ec557618d9dbef27fd9302e04f468e32da58e6de393b771f6c9,118,3,236,data/datasets/tissue_box_front_orbbec_full99/labels/train/tissue_positive_20260724_131652_050.txt,True,False,Keep one is not automatically safe; verify dataset/model provenance.
31449,140e8c6140f73ec557618d9dbef27fd9302e04f468e32da58e6de393b771f6c9,118,3,236,data/datasets/tissue_box_front_orbbec_valid99_source/labels/all/tissue_positive_20260724_131652_050.txt,True,False,Keep one is not automatically safe; verify dataset/model provenance.
31450,158a4b77d03d1e94b65c08d7e377435f3f0b71c822082234a55bb91b34f9e442,118,3,236,data/cvat_exports/tissue_box_front_positive_v3_dataset/labels/train/tissue_positive_20260724_131652_079.txt,True,False,Keep one is not automatically safe; verify dataset/model provenance.
31450,158a4b77d03d1e94b65c08d7e377435f3f0b71c822082234a55bb91b34f9e442,118,3,236,data/datasets/tissue_box_front_orbbec_full99/labels/train/tissue_positive_20260724_131652_079.txt,True,False,Keep one is not automatically safe; verify dataset/model provenance.
31450,158a4b77d03d1e94b65c08d7e377435f3f0b71c822082234a55bb91b34f9e442,118,3,236,data/datasets/tissue_box_front_orbbec_valid99_source/labels/all/tissue_positive_20260724_131652_079.txt,True,False,Keep one is not automatically safe; verify dataset/model provenance.
31451,167b77b646282c3ef9b6333683fd8686132391b70385d1b5df00137fa0827df9,118,4,354,data/cvat_exports/tissue_box_front_positive_v2_dataset/labels/train/tissue_positive_20260724_131652_041.txt,True,False,Keep one is not automatically safe; verify dataset/model provenance.
31451,167b77b646282c3ef9b6333683fd8686132391b70385d1b5df00137fa0827df9,118,4,354,data/datasets/tissue_box_front_orbbec_full99/labels/train/tissue_positive_20260724_131652_041.txt,True,False,Keep one is not automatically safe; verify dataset/model provenance.
31451,167b77b646282c3ef9b6333683fd8686132391b70385d1b5df00137fa0827df9,118,4,354,data/datasets/tissue_box_front_orbbec_pilot/labels/train/tissue_positive_20260724_131652_041.txt,True,False,Keep one is not automatically safe; verify dataset/model provenance.
31451,167b77b646282c3ef9b6333683fd8686132391b70385d1b5df00137fa0827df9,118,4,354,data/datasets/tissue_box_front_orbbec_valid99_source/labels/all/tissue_positive_20260724_131652_041.txt,True,False,Keep one is not automatically safe; verify dataset/model provenance.
31452,175a006210cdcfef7ab0163f76e2b644cbe034126a355179fbde854c106bd374,118,3,236,data/cvat_exports/tissue_box_front_positive_v3_dataset/labels/train/tissue_positive_20260724_131652_010.txt,True,False,Keep one is not automatically safe; verify dataset/model provenance.
31452,175a006210cdcfef7ab0163f76e2b644cbe034126a355179fbde854c106bd374,118,3,236,data/datasets/tissue_box_front_orbbec_full99/labels/train/tissue_positive_20260724_131652_010.txt,True,False,Keep one is not automatically safe; verify dataset/model provenance.
31452,175a006210cdcfef7ab0163f76e2b644cbe034126a355179fbde854c106bd374,118,3,236,data/datasets/tissue_box_front_orbbec_valid99_source/labels/all/tissue_positive_20260724_131652_010.txt,True,False,Keep one is not automatically safe; verify dataset/model provenance.
31453,19476a4ca3c58b64ee9223d9ddff07ccce66629bb9b2ef4c2b6f9c2a558bb5a9,118,3,236,data/cvat_exports/tissue_box_front_positive_v3_dataset/labels/train/tissue_positive_20260724_131652_002.txt,True,False,Keep one is not automatically safe; verify dataset/model provenance.
31453,19476a4ca3c58b64ee9223d9ddff07ccce66629bb9b2ef4c2b6f9c2a558bb5a9,118,3,236,data/datasets/tissue_box_front_orbbec_full99/labels/train/tissue_positive_20260724_131652_002.txt,True,False,Keep one is not automatically safe; verify dataset/model provenance.
31453,19476a4ca3c58b64ee9223d9ddff07ccce66629bb9b2ef4c2b6f9c2a558bb5a9,118,3,236,data/datasets/tissue_box_front_orbbec_valid99_source/labels/all/tissue_positive_20260724_131652_002.txt,True,False,Keep one is not automatically safe; verify dataset/model provenance.
31454,1ac9bd064ab0fa4fec14e96342da380a6410ee68354daab173c7231263eb3585,118,4,354,data/cvat_exports/tissue_box_front_positive_v2_dataset/labels/train/tissue_positive_20260724_131652_021.txt,True,False,Keep one is not automatically safe; verify dataset/model provenance.
31454,1ac9bd064ab0fa4fec14e96342da380a6410ee68354daab173c7231263eb3585,118,4,354,data/datasets/tissue_box_front_orbbec_full99/labels/val/tissue_positive_20260724_131652_021.txt,True,False,Keep one is not automatically safe; verify dataset/model provenance.
31454,1ac9bd064ab0fa4fec14e96342da380a6410ee68354daab173c7231263eb3585,118,4,354,data/datasets/tissue_box_front_orbbec_pilot/labels/train/tissue_positive_20260724_131652_021.txt,True,False,Keep one is not automatically safe; verify dataset/model provenance.
31454,1ac9bd064ab0fa4fec14e96342da380a6410ee68354daab173c7231263eb3585,118,4,354,data/datasets/tissue_box_front_orbbec_valid99_source/labels/all/tissue_positive_20260724_131652_021.txt,True,False,Keep one is not automatically safe; verify dataset/model provenance.
31455,1ad990ab4efd02b75facfacf83d48e357fd5405c74f9f5a7c72563d4088476b8,118,4,354,data/cvat_exports/tissue_box_front_positive_v2_dataset/labels/train/tissue_positive_20260724_131652_016.txt,True,False,Keep one is not automatically safe; verify dataset/model provenance.
31455,1ad990ab4efd02b75facfacf83d48e357fd5405c74f9f5a7c72563d4088476b8,118,4,354,data/datasets/tissue_box_front_orbbec_full99/labels/train/tissue_positive_20260724_131652_016.txt,True,False,Keep one is not automatically safe; verify dataset/model provenance.
31455,1ad990ab4efd02b75facfacf83d48e357fd5405c74f9f5a7c72563d4088476b8,118,4,354,data/datasets/tissue_box_front_orbbec_pilot/labels/train/tissue_positive_20260724_131652_016.txt,True,False,Keep one is not automatically safe; verify dataset/model provenance.
31455,1ad990ab4efd02b75facfacf83d48e357fd5405c74f9f5a7c72563d4088476b8,118,4,354,data/datasets/tissue_box_front_orbbec_valid99_source/labels/all/tissue_positive_20260724_131652_016.txt,True,False,Keep one is not automatically safe; verify dataset/model provenance.
31456,1b34dff170475d9fa020ffed00f911e79892b8aae50bb07e30eeefb839f10c5f,118,3,236,data/cvat_exports/tissue_box_front_positive_v3_dataset/labels/train/tissue_positive_20260724_131652_033.txt,True,False,Keep one is not automatically safe; verify dataset/model provenance.
31456,1b34dff170475d9fa020ffed00f911e79892b8aae50bb07e30eeefb839f10c5f,118,3,236,data/datasets/tissue_box_front_orbbec_full99/labels/train/tissue_positive_20260724_131652_033.txt,True,False,Keep one is not automatically safe; verify dataset/model provenance.
31456,1b34dff170475d9fa020ffed00f911e79892b8aae50bb07e30eeefb839f10c5f,118,3,236,data/datasets/tissue_box_front_orbbec_valid99_source/labels/all/tissue_positive_20260724_131652_033.txt,True,False,Keep one is not automatically safe; verify dataset/model provenance.
31457,1b882428b72e844afd3b01f5f57932f7eee3bf19a1f2ec87957e1cab122e7774,118,3,236,data/cvat_exports/tissue_box_front_positive_v3_dataset/labels/train/tissue_positive_20260724_131652_014.txt,True,False,Keep one is not automatically safe; verify dataset/model provenance.
31457,1b882428b72e844afd3b01f5f57932f7eee3bf19a1f2ec87957e1cab122e7774,118,3,236,data/datasets/tissue_box_front_orbbec_full99/labels/train/tissue_positive_20260724_131652_014.txt,True,False,Keep one is not automatically safe; verify dataset/model provenance.
31457,1b882428b72e844afd3b01f5f57932f7eee3bf19a1f2ec87957e1cab122e7774,118,3,236,data/datasets/tissue_box_front_orbbec_valid99_source/labels/all/tissue_positive_20260724_131652_014.txt,True,False,Keep one is not automatically safe; verify dataset/model provenance.
31458,1e2c1ffc7d1ecf425127d857ec2f692eb4a37b2696ce1f0757e5d8dc964675cd,118,3,236,data/cvat_exports/tissue_box_front_positive_v3_dataset/labels/train/tissue_positive_20260724_131652_024.txt,True,False,Keep one is not automatically safe; verify dataset/model provenance.
31458,1e2c1ffc7d1ecf425127d857ec2f692eb4a37b2696ce1f0757e5d8dc964675cd,118,3,236,data/datasets/tissue_box_front_orbbec_full99/labels/val/tissue_positive_20260724_131652_024.txt,True,False,Keep one is not automatically safe; verify dataset/model provenance.
31458,1e2c1ffc7d1ecf425127d857ec2f692eb4a37b2696ce1f0757e5d8dc964675cd,118,3,236,data/datasets/tissue_box_front_orbbec_valid99_source/labels/all/tissue_positive_20260724_131652_024.txt,True,False,Keep one is not automatically safe; verify dataset/model provenance.
31460,22866855bf9e2f18f0c1c048fa8196fcbd88376d9b9624fa46c6492231a4d670,118,4,354,data/cvat_exports/tissue_box_front_positive_v2_dataset/labels/train/tissue_positive_20260724_131652_096.txt,True,False,Keep one is not automatically safe; verify dataset/model provenance.
31460,22866855bf9e2f18f0c1c048fa8196fcbd88376d9b9624fa46c6492231a4d670,118,4,354,data/datasets/tissue_box_front_orbbec_full99/labels/train/tissue_positive_20260724_131652_096.txt,True,False,Keep one is not automatically safe; verify dataset/model provenance.
31460,22866855bf9e2f18f0c1c048fa8196fcbd88376d9b9624fa46c6492231a4d670,118,4,354,data/datasets/tissue_box_front_orbbec_pilot/labels/val/tissue_positive_20260724_131652_096.txt,True,False,Keep one is not automatically safe; verify dataset/model provenance.
31460,22866855bf9e2f18f0c1c048fa8196fcbd88376d9b9624fa46c6492231a4d670,118,4,354,data/datasets/tissue_box_front_orbbec_valid99_source/labels/all/tissue_positive_20260724_131652_096.txt,True,False,Keep one is not automatically safe; verify dataset/model provenance.
31461,264acb3baf38b4913c42a8e7dcac90a6afc0b154a4f61b597d86c44c4241dd58,118,3,236,data/cvat_exports/tissue_box_front_positive_v3_dataset/labels/train/tissue_positive_20260724_131652_019.txt,True,False,Keep one is not automatically safe; verify dataset/model provenance.
31461,264acb3baf38b4913c42a8e7dcac90a6afc0b154a4f61b597d86c44c4241dd58,118,3,236,data/datasets/tissue_box_front_orbbec_full99/labels/train/tissue_positive_20260724_131652_019.txt,True,False,Keep one is not automatically safe; verify dataset/model provenance.
31461,264acb3baf38b4913c42a8e7dcac90a6afc0b154a4f61b597d86c44c4241dd58,118,3,236,data/datasets/tissue_box_front_orbbec_valid99_source/labels/all/tissue_positive_20260724_131652_019.txt,True,False,Keep one is not automatically safe; verify dataset/model provenance.
31462,27de5b6c1480045c8adf679e0215ed18a5c9d382a05db476a9580b7b7982a0aa,118,3,236,data/cvat_exports/tissue_box_front_positive_v3_dataset/labels/train/tissue_positive_20260724_131652_093.txt,True,False,Keep one is not automatically safe; verify dataset/model provenance.
31462,27de5b6c1480045c8adf679e0215ed18a5c9d382a05db476a9580b7b7982a0aa,118,3,236,data/datasets/tissue_box_front_orbbec_full99/labels/train/tissue_positive_20260724_131652_093.txt,True,False,Keep one is not automatically safe; verify dataset/model provenance.
31462,27de5b6c1480045c8adf679e0215ed18a5c9d382a05db476a9580b7b7982a0aa,118,3,236,data/datasets/tissue_box_front_orbbec_valid99_source/labels/all/tissue_positive_20260724_131652_093.txt,True,False,Keep one is not automatically safe; verify dataset/model provenance.
31463,28b00e575325d4f43a4fcfd8fb5e7deb978cf8e5d36dc3b29de63104d54df6e6,118,3,236,data/cvat_exports/tissue_box_front_positive_v3_dataset/labels/train/tissue_positive_20260724_131652_059.txt,True,False,Keep one is not automatically safe; verify dataset/model provenance.
31463,28b00e575325d4f43a4fcfd8fb5e7deb978cf8e5d36dc3b29de63104d54df6e6,118,3,236,data/datasets/tissue_box_front_orbbec_full99/labels/train/tissue_positive_20260724_131652_059.txt,True,False,Keep one is not automatically safe; verify dataset/model provenance.
31463,28b00e575325d4f43a4fcfd8fb5e7deb978cf8e5d36dc3b29de63104d54df6e6,118,3,236,data/datasets/tissue_box_front_orbbec_valid99_source/labels/all/tissue_positive_20260724_131652_059.txt,True,False,Keep one is not automatically safe; verify dataset/model provenance.
31464,2adaa8790c5a50539b79d2ca5f8f8e7ee6426aa570f59b0b23200c018cadd8d0,118,3,236,data/cvat_exports/tissue_box_front_positive_v3_dataset/labels/train/tissue_positive_20260724_131652_045.txt,True,False,Keep one is not automatically safe; verify dataset/model provenance.
31464,2adaa8790c5a50539b79d2ca5f8f8e7ee6426aa570f59b0b23200c018cadd8d0,118,3,236,data/datasets/tissue_box_front_orbbec_full99/labels/train/tissue_positive_20260724_131652_045.txt,True,False,Keep one is not automatically safe; verify dataset/model provenance.
31464,2adaa8790c5a50539b79d2ca5f8f8e7ee6426aa570f59b0b23200c018cadd8d0,118,3,236,data/datasets/tissue_box_front_orbbec_valid99_source/labels/all/tissue_positive_20260724_131652_045.txt,True,False,Keep one is not automatically safe; verify dataset/model provenance.
31465,2cefcaf2d1f1186220480d73af32c8813dea6b5ad08e1a7b4f038df83fd1c23e,118,3,236,data/cvat_exports/tissue_box_front_positive_v3_dataset/labels/train/tissue_positive_20260724_131652_089.txt,True,False,Keep one is not automatically safe; verify dataset/model provenance.
31465,2cefcaf2d1f1186220480d73af32c8813dea6b5ad08e1a7b4f038df83fd1c23e,118,3,236,data/datasets/tissue_box_front_orbbec_full99/labels/val/tissue_positive_20260724_131652_089.txt,True,False,Keep one is not automatically safe; verify dataset/model provenance.
31465,2cefcaf2d1f1186220480d73af32c8813dea6b5ad08e1a7b4f038df83fd1c23e,118,3,236,data/datasets/tissue_box_front_orbbec_valid99_source/labels/all/tissue_positive_20260724_131652_089.txt,True,False,Keep one is not automatically safe; verify dataset/model provenance.
31466,2ef80f4cdd7b68ff7843d75b85edbde51b699210b3feb25202708fe2473536dc,118,3,236,data/cvat_exports/tissue_box_front_positive_v3_dataset/labels/train/tissue_positive_20260724_131652_025.txt,True,False,Keep one is not automatically safe; verify dataset/model provenance.
31466,2ef80f4cdd7b68ff7843d75b85edbde51b699210b3feb25202708fe2473536dc,118,3,236,data/datasets/tissue_box_front_orbbec_full99/labels/val/tissue_positive_20260724_131652_025.txt,True,False,Keep one is not automatically safe; verify dataset/model provenance.
31466,2ef80f4cdd7b68ff7843d75b85edbde51b699210b3feb25202708fe2473536dc,118,3,236,data/datasets/tissue_box_front_orbbec_valid99_source/labels/all/tissue_positive_20260724_131652_025.txt,True,False,Keep one is not automatically safe; verify dataset/model provenance.
31467,2f0c8595730d3689e4982ced282346aa734b9b7c66a686d920ab72da9ced80dc,118,3,236,data/cvat_exports/tissue_box_front_positive_v3_dataset/labels/train/tissue_positive_20260724_131652_018.txt,True,False,Keep one is not automatically safe; verify dataset/model provenance.
31467,2f0c8595730d3689e4982ced282346aa734b9b7c66a686d920ab72da9ced80dc,118,3,236,data/datasets/tissue_box_front_orbbec_full99/labels/train/tissue_positive_20260724_131652_018.txt,True,False,Keep one is not automatically safe; verify dataset/model provenance.
31467,2f0c8595730d3689e4982ced282346aa734b9b7c66a686d920ab72da9ced80dc,118,3,236,data/datasets/tissue_box_front_orbbec_valid99_source/labels/all/tissue_positive_20260724_131652_018.txt,True,False,Keep one is not automatically safe; verify dataset/model provenance.
31468,33f67ef9d649e49165900aa011f03b930a334b90871486f1b66003213a9f6461,118,3,236,data/cvat_exports/tissue_box_front_positive_v3_dataset/labels/train/tissue_positive_20260724_131652_049.txt,True,False,Keep one is not automatically safe; verify dataset/model provenance.
31468,33f67ef9d649e49165900aa011f03b930a334b90871486f1b66003213a9f6461,118,3,236,data/datasets/tissue_box_front_orbbec_full99/labels/train/tissue_positive_20260724_131652_049.txt,True,False,Keep one is not automatically safe; verify dataset/model provenance.
31468,33f67ef9d649e49165900aa011f03b930a334b90871486f1b66003213a9f6461,118,3,236,data/datasets/tissue_box_front_orbbec_valid99_source/labels/all/tissue_positive_20260724_131652_049.txt,True,False,Keep one is not automatically safe; verify dataset/model provenance.
31469,35183877f52d8516e94f5095efc74c8cb92d4f78da2881fde3922b9bc94ab78c,118,3,236,data/cvat_exports/tissue_box_front_positive_v3_dataset/labels/train/tissue_positive_20260724_131652_085.txt,True,False,Keep one is not automatically safe; verify dataset/model provenance.
31469,35183877f52d8516e94f5095efc74c8cb92d4f78da2881fde3922b9bc94ab78c,118,3,236,data/datasets/tissue_box_front_orbbec_full99/labels/val/tissue_positive_20260724_131652_085.txt,True,False,Keep one is not automatically safe; verify dataset/model provenance.
31469,35183877f52d8516e94f5095efc74c8cb92d4f78da2881fde3922b9bc94ab78c,118,3,236,data/datasets/tissue_box_front_orbbec_valid99_source/labels/all/tissue_positive_20260724_131652_085.txt,True,False,Keep one is not automatically safe; verify dataset/model provenance.
31470,35912a4e4172af7b80b4c631fb9b20c566736f4c5e54c40e6ff73b402f1ce0eb,118,3,236,data/cvat_exports/tissue_box_front_positive_v3_dataset/labels/train/tissue_positive_20260724_131652_029.txt,True,False,Keep one is not automatically safe; verify dataset/model provenance.
31470,35912a4e4172af7b80b4c631fb9b20c566736f4c5e54c40e6ff73b402f1ce0eb,118,3,236,data/datasets/tissue_box_front_orbbec_full99/labels/val/tissue_positive_20260724_131652_029.txt,True,False,Keep one is not automatically safe; verify dataset/model provenance.
31470,35912a4e4172af7b80b4c631fb9b20c566736f4c5e54c40e6ff73b402f1ce0eb,118,3,236,data/datasets/tissue_box_front_orbbec_valid99_source/labels/all/tissue_positive_20260724_131652_029.txt,True,False,Keep one is not automatically safe; verify dataset/model provenance.
31471,3a05cb1a13082814e2f04d8318437251ed3910dc9ac26d7985bcaafd387f2ebb,118,4,354,data/cvat_exports/tissue_box_front_positive_v2_dataset/labels/train/tissue_positive_20260724_131652_006.txt,True,False,Keep one is not automatically safe; verify dataset/model provenance.
31471,3a05cb1a13082814e2f04d8318437251ed3910dc9ac26d7985bcaafd387f2ebb,118,4,354,data/datasets/tissue_box_front_orbbec_full99/labels/train/tissue_positive_20260724_131652_006.txt,True,False,Keep one is not automatically safe; verify dataset/model provenance.
31471,3a05cb1a13082814e2f04d8318437251ed3910dc9ac26d7985bcaafd387f2ebb,118,4,354,data/datasets/tissue_box_front_orbbec_pilot/labels/train/tissue_positive_20260724_131652_006.txt,True,False,Keep one is not automatically safe; verify dataset/model provenance.
31471,3a05cb1a13082814e2f04d8318437251ed3910dc9ac26d7985bcaafd387f2ebb,118,4,354,data/datasets/tissue_box_front_orbbec_valid99_source/labels/all/tissue_positive_20260724_131652_006.txt,True,False,Keep one is not automatically safe; verify dataset/model provenance.
31473,3d8853da27a19547963d56c2dcd6623ee2aff196d87bd58f9f081500a2722627,118,4,354,data/cvat_exports/tissue_box_front_positive_v2_dataset/labels/train/tissue_positive_20260724_131652_081.txt,True,False,Keep one is not automatically safe; verify dataset/model provenance.
31473,3d8853da27a19547963d56c2dcd6623ee2aff196d87bd58f9f081500a2722627,118,4,354,data/datasets/tissue_box_front_orbbec_full99/labels/val/tissue_positive_20260724_131652_081.txt,True,False,Keep one is not automatically safe; verify dataset/model provenance.
31473,3d8853da27a19547963d56c2dcd6623ee2aff196d87bd58f9f081500a2722627,118,4,354,data/datasets/tissue_box_front_orbbec_pilot/labels/train/tissue_positive_20260724_131652_081.txt,True,False,Keep one is not automatically safe; verify dataset/model provenance.
31473,3d8853da27a19547963d56c2dcd6623ee2aff196d87bd58f9f081500a2722627,118,4,354,data/datasets/tissue_box_front_orbbec_valid99_source/labels/all/tissue_positive_20260724_131652_081.txt,True,False,Keep one is not automatically safe; verify dataset/model provenance.
31474,3e04aa486dfff7f8d13024f708760afe90be7a65881916d88b626ef2c1eced16,118,3,236,data/cvat_exports/tissue_box_front_positive_v3_dataset/labels/train/tissue_positive_20260724_131652_084.txt,True,False,Keep one is not automatically safe; verify dataset/model provenance.
31474,3e04aa486dfff7f8d13024f708760afe90be7a65881916d88b626ef2c1eced16,118,3,236,data/datasets/tissue_box_front_orbbec_full99/labels/val/tissue_positive_20260724_131652_084.txt,True,False,Keep one is not automatically safe; verify dataset/model provenance.
31474,3e04aa486dfff7f8d13024f708760afe90be7a65881916d88b626ef2c1eced16,118,3,236,data/datasets/tissue_box_front_orbbec_valid99_source/labels/all/tissue_positive_20260724_131652_084.txt,True,False,Keep one is not automatically safe; verify dataset/model provenance.
31475,3ee1e23fb63c4085292d7c82a0674c84f796be02b397e4fb4eb1502210fdfd36,118,3,236,data/cvat_exports/tissue_box_front_positive_v3_dataset/labels/train/tissue_positive_20260724_131652_017.txt,True,False,Keep one is not automatically safe; verify dataset/model provenance.
31475,3ee1e23fb63c4085292d7c82a0674c84f796be02b397e4fb4eb1502210fdfd36,118,3,236,data/datasets/tissue_box_front_orbbec_full99/labels/train/tissue_positive_20260724_131652_017.txt,True,False,Keep one is not automatically safe; verify dataset/model provenance.
31475,3ee1e23fb63c4085292d7c82a0674c84f796be02b397e4fb4eb1502210fdfd36,118,3,236,data/datasets/tissue_box_front_orbbec_valid99_source/labels/all/tissue_positive_20260724_131652_017.txt,True,False,Keep one is not automatically safe; verify dataset/model provenance.
31476,4084951c0f6583523368f55ef3b7f7c4a5d0553ab5164cfc7bae1ce67615d989,118,3,236,data/cvat_exports/tissue_box_front_positive_v3_dataset/labels/train/tissue_positive_20260724_131652_032.txt,True,False,Keep one is not automatically safe; verify dataset/model provenance.
31476,4084951c0f6583523368f55ef3b7f7c4a5d0553ab5164cfc7bae1ce67615d989,118,3,236,data/datasets/tissue_box_front_orbbec_full99/labels/train/tissue_positive_20260724_131652_032.txt,True,False,Keep one is not automatically safe; verify dataset/model provenance.
31476,4084951c0f6583523368f55ef3b7f7c4a5d0553ab5164cfc7bae1ce67615d989,118,3,236,data/datasets/tissue_box_front_orbbec_valid99_source/labels/all/tissue_positive_20260724_131652_032.txt,True,False,Keep one is not automatically safe; verify dataset/model provenance.
31477,45a4020e3068d37ff059c6836df14dbe30855fee25d400ba6f7b97ceed5830f4,118,3,236,data/cvat_exports/tissue_box_front_positive_v3_dataset/labels/train/tissue_positive_20260724_131652_058.txt,True,False,Keep one is not automatically safe; verify dataset/model provenance.
31477,45a4020e3068d37ff059c6836df14dbe30855fee25d400ba6f7b97ceed5830f4,118,3,236,data/datasets/tissue_box_front_orbbec_full99/labels/train/tissue_positive_20260724_131652_058.txt,True,False,Keep one is not automatically safe; verify dataset/model provenance.
31477,45a4020e3068d37ff059c6836df14dbe30855fee25d400ba6f7b97ceed5830f4,118,3,236,data/datasets/tissue_box_front_orbbec_valid99_source/labels/all/tissue_positive_20260724_131652_058.txt,True,False,Keep one is not automatically safe; verify dataset/model provenance.
31478,48119d2bd36a43bc30f644e502a598a8b717c2f2dc4756901cddb2979ad4ebad,118,3,236,data/cvat_exports/tissue_box_front_positive_v3_dataset/labels/train/tissue_positive_20260724_131652_037.txt,True,False,Keep one is not automatically safe; verify dataset/model provenance.
31478,48119d2bd36a43bc30f644e502a598a8b717c2f2dc4756901cddb2979ad4ebad,118,3,236,data/datasets/tissue_box_front_orbbec_full99/labels/train/tissue_positive_20260724_131652_037.txt,True,False,Keep one is not automatically safe; verify dataset/model provenance.
31478,48119d2bd36a43bc30f644e502a598a8b717c2f2dc4756901cddb2979ad4ebad,118,3,236,data/datasets/tissue_box_front_orbbec_valid99_source/labels/all/tissue_positive_20260724_131652_037.txt,True,False,Keep one is not automatically safe; verify dataset/model provenance.
31479,50e0cd75b1620ffd134e9bd3de911e8130a4bd1d9b186731af0925a6a4e85404,118,4,354,data/cvat_exports/tissue_box_front_positive_v2_dataset/labels/train/tissue_positive_20260724_131652_091.txt,True,False,Keep one is not automatically safe; verify dataset/model provenance.
31479,50e0cd75b1620ffd134e9bd3de911e8130a4bd1d9b186731af0925a6a4e85404,118,4,354,data/datasets/tissue_box_front_orbbec_full99/labels/train/tissue_positive_20260724_131652_091.txt,True,False,Keep one is not automatically safe; verify dataset/model provenance.
31479,50e0cd75b1620ffd134e9bd3de911e8130a4bd1d9b186731af0925a6a4e85404,118,4,354,data/datasets/tissue_box_front_orbbec_pilot/labels/train/tissue_positive_20260724_131652_091.txt,True,False,Keep one is not automatically safe; verify dataset/model provenance.
31479,50e0cd75b1620ffd134e9bd3de911e8130a4bd1d9b186731af0925a6a4e85404,118,4,354,data/datasets/tissue_box_front_orbbec_valid99_source/labels/all/tissue_positive_20260724_131652_091.txt,True,False,Keep one is not automatically safe; verify dataset/model provenance.
31481,546a844686fc88fdd53a5fa3325b47f6ee190afb87b347628f95824b1afcb266,118,3,236,data/cvat_exports/tissue_box_front_positive_v3_dataset/labels/train/tissue_positive_20260724_131652_027.txt,True,False,Keep one is not automatically safe; verify dataset/model provenance.
31481,546a844686fc88fdd53a5fa3325b47f6ee190afb87b347628f95824b1afcb266,118,3,236,data/datasets/tissue_box_front_orbbec_full99/labels/val/tissue_positive_20260724_131652_027.txt,True,False,Keep one is not automatically safe; verify dataset/model provenance.
31481,546a844686fc88fdd53a5fa3325b47f6ee190afb87b347628f95824b1afcb266,118,3,236,data/datasets/tissue_box_front_orbbec_valid99_source/labels/all/tissue_positive_20260724_131652_027.txt,True,False,Keep one is not automatically safe; verify dataset/model provenance.
31482,559e4e5d44120e83c45f453d2e312dc9485bfc56e804b4cfc406bc2578785897,118,3,236,data/cvat_exports/tissue_box_front_positive_v3_dataset/labels/train/tissue_positive_20260724_131652_092.txt,True,False,Keep one is not automatically safe; verify dataset/model provenance.
31482,559e4e5d44120e83c45f453d2e312dc9485bfc56e804b4cfc406bc2578785897,118,3,236,data/datasets/tissue_box_front_orbbec_full99/labels/train/tissue_positive_20260724_131652_092.txt,True,False,Keep one is not automatically safe; verify dataset/model provenance.
31482,559e4e5d44120e83c45f453d2e312dc9485bfc56e804b4cfc406bc2578785897,118,3,236,data/datasets/tissue_box_front_orbbec_valid99_source/labels/all/tissue_positive_20260724_131652_092.txt,True,False,Keep one is not automatically safe; verify dataset/model provenance.
31483,5b97c7710487ba38056a3035f7c3f1cfc06d7d15aeb28be3caf650dcf826d9c3,118,3,236,data/cvat_exports/tissue_box_front_positive_v3_dataset/labels/train/tissue_positive_20260724_131652_030.txt,True,False,Keep one is not automatically safe; verify dataset/model provenance.
31483,5b97c7710487ba38056a3035f7c3f1cfc06d7d15aeb28be3caf650dcf826d9c3,118,3,236,data/datasets/tissue_box_front_orbbec_full99/labels/val/tissue_positive_20260724_131652_030.txt,True,False,Keep one is not automatically safe; verify dataset/model provenance.
31483,5b97c7710487ba38056a3035f7c3f1cfc06d7d15aeb28be3caf650dcf826d9c3,118,3,236,data/datasets/tissue_box_front_orbbec_valid99_source/labels/all/tissue_positive_20260724_131652_030.txt,True,False,Keep one is not automatically safe; verify dataset/model provenance.
31484,5bc80fefa8849359ffab6616fb58fe7158ba623c1cef2f18b870b7d19f32722d,118,3,236,data/cvat_exports/tissue_box_front_positive_v3_dataset/labels/train/tissue_positive_20260724_131652_054.txt,True,False,Keep one is not automatically safe; verify dataset/model provenance.
31484,5bc80fefa8849359ffab6616fb58fe7158ba623c1cef2f18b870b7d19f32722d,118,3,236,data/datasets/tissue_box_front_orbbec_full99/labels/train/tissue_positive_20260724_131652_054.txt,True,False,Keep one is not automatically safe; verify dataset/model provenance.
31484,5bc80fefa8849359ffab6616fb58fe7158ba623c1cef2f18b870b7d19f32722d,118,3,236,data/datasets/tissue_box_front_orbbec_valid99_source/labels/all/tissue_positive_20260724_131652_054.txt,True,False,Keep one is not automatically safe; verify dataset/model provenance.
31485,5cb31ef496aa402994b42b3d1bdb88409b534971120bc050a6f661e14967cb20,118,3,236,data/cvat_exports/tissue_box_front_positive_v3_dataset/labels/train/tissue_positive_20260724_131652_094.txt,True,False,Keep one is not automatically safe; verify dataset/model provenance.
31485,5cb31ef496aa402994b42b3d1bdb88409b534971120bc050a6f661e14967cb20,118,3,236,data/datasets/tissue_box_front_orbbec_full99/labels/train/tissue_positive_20260724_131652_094.txt,True,False,Keep one is not automatically safe; verify dataset/model provenance.
31485,5cb31ef496aa402994b42b3d1bdb88409b534971120bc050a6f661e14967cb20,118,3,236,data/datasets/tissue_box_front_orbbec_valid99_source/labels/all/tissue_positive_20260724_131652_094.txt,True,False,Keep one is not automatically safe; verify dataset/model provenance.
31486,5efdfdae27ffabfe06ec77fc15048f33288fbe843caa22980de62d3abddc7acf,118,3,236,data/cvat_exports/tissue_box_front_positive_v3_dataset/labels/train/tissue_positive_20260724_131652_052.txt,True,False,Keep one is not automatically safe; verify dataset/model provenance.
31486,5efdfdae27ffabfe06ec77fc15048f33288fbe843caa22980de62d3abddc7acf,118,3,236,data/datasets/tissue_box_front_orbbec_full99/labels/train/tissue_positive_20260724_131652_052.txt,True,False,Keep one is not automatically safe; verify dataset/model provenance.
31486,5efdfdae27ffabfe06ec77fc15048f33288fbe843caa22980de62d3abddc7acf,118,3,236,data/datasets/tissue_box_front_orbbec_valid99_source/labels/all/tissue_positive_20260724_131652_052.txt,True,False,Keep one is not automatically safe; verify dataset/model provenance.
31487,606d401a08f896c2cf764754768f3cbdf980a7f0461d2dac73029d4536e25b53,118,3,236,data/cvat_exports/tissue_box_front_positive_v3_dataset/labels/train/tissue_positive_20260724_131652_097.txt,True,False,Keep one is not automatically safe; verify dataset/model provenance.
31487,606d401a08f896c2cf764754768f3cbdf980a7f0461d2dac73029d4536e25b53,118,3,236,data/datasets/tissue_box_front_orbbec_full99/labels/train/tissue_positive_20260724_131652_097.txt,True,False,Keep one is not automatically safe; verify dataset/model provenance.
31487,606d401a08f896c2cf764754768f3cbdf980a7f0461d2dac73029d4536e25b53,118,3,236,data/datasets/tissue_box_front_orbbec_valid99_source/labels/all/tissue_positive_20260724_131652_097.txt,True,False,Keep one is not automatically safe; verify dataset/model provenance.
31488,66cbe63448eb8dba57a52330f7053917bec99c1b122c1c2b5cb500b22a884311,118,3,236,data/cvat_exports/tissue_box_front_positive_v3_dataset/labels/train/tissue_positive_20260724_131652_020.txt,True,False,Keep one is not automatically safe; verify dataset/model provenance.
31488,66cbe63448eb8dba57a52330f7053917bec99c1b122c1c2b5cb500b22a884311,118,3,236,data/datasets/tissue_box_front_orbbec_full99/labels/train/tissue_positive_20260724_131652_020.txt,True,False,Keep one is not automatically safe; verify dataset/model provenance.
31488,66cbe63448eb8dba57a52330f7053917bec99c1b122c1c2b5cb500b22a884311,118,3,236,data/datasets/tissue_box_front_orbbec_valid99_source/labels/all/tissue_positive_20260724_131652_020.txt,True,False,Keep one is not automatically safe; verify dataset/model provenance.
31489,67c280134c5b4c7ab97c486a68e74728abe344c4988482f4a2181d036f643fc5,118,3,236,data/cvat_exports/tissue_box_front_positive_v3_dataset/labels/train/tissue_positive_20260724_131652_100.txt,True,False,Keep one is not automatically safe; verify dataset/model provenance.
31489,67c280134c5b4c7ab97c486a68e74728abe344c4988482f4a2181d036f643fc5,118,3,236,data/datasets/tissue_box_front_orbbec_full99/labels/train/tissue_positive_20260724_131652_100.txt,True,False,Keep one is not automatically safe; verify dataset/model provenance.
31489,67c280134c5b4c7ab97c486a68e74728abe344c4988482f4a2181d036f643fc5,118,3,236,data/datasets/tissue_box_front_orbbec_valid99_source/labels/all/tissue_positive_20260724_131652_100.txt,True,False,Keep one is not automatically safe; verify dataset/model provenance.
31490,68814ccf55539be03a47df56b3d2470e88927829d472a7c0a64aa092ff45c4c9,118,4,354,data/cvat_exports/tissue_box_front_positive_v2_dataset/labels/train/tissue_positive_20260724_131652_026.txt,True,False,Keep one is not automatically safe; verify dataset/model provenance.
31490,68814ccf55539be03a47df56b3d2470e88927829d472a7c0a64aa092ff45c4c9,118,4,354,data/datasets/tissue_box_front_orbbec_full99/labels/val/tissue_positive_20260724_131652_026.txt,True,False,Keep one is not automatically safe; verify dataset/model provenance.
31490,68814ccf55539be03a47df56b3d2470e88927829d472a7c0a64aa092ff45c4c9,118,4,354,data/datasets/tissue_box_front_orbbec_pilot/labels/train/tissue_positive_20260724_131652_026.txt,True,False,Keep one is not automatically safe; verify dataset/model provenance.
31490,68814ccf55539be03a47df56b3d2470e88927829d472a7c0a64aa092ff45c4c9,118,4,354,data/datasets/tissue_box_front_orbbec_valid99_source/labels/all/tissue_positive_20260724_131652_026.txt,True,False,Keep one is not automatically safe; verify dataset/model provenance.
31491,6c3c42387daf12c127aad30efebff3de3da603e7e5678211833683c5a94ffc44,118,4,354,data/cvat_exports/tissue_box_front_positive_v2_dataset/labels/train/tissue_positive_20260724_131652_051.txt,True,False,Keep one is not automatically safe; verify dataset/model provenance.
31491,6c3c42387daf12c127aad30efebff3de3da603e7e5678211833683c5a94ffc44,118,4,354,data/datasets/tissue_box_front_orbbec_full99/labels/train/tissue_positive_20260724_131652_051.txt,True,False,Keep one is not automatically safe; verify dataset/model provenance.
31491,6c3c42387daf12c127aad30efebff3de3da603e7e5678211833683c5a94ffc44,118,4,354,data/datasets/tissue_box_front_orbbec_pilot/labels/train/tissue_positive_20260724_131652_051.txt,True,False,Keep one is not automatically safe; verify dataset/model provenance.
31491,6c3c42387daf12c127aad30efebff3de3da603e7e5678211833683c5a94ffc44,118,4,354,data/datasets/tissue_box_front_orbbec_valid99_source/labels/all/tissue_positive_20260724_131652_051.txt,True,False,Keep one is not automatically safe; verify dataset/model provenance.
31492,6dff2639e55c448067e73620b2d5c5fcd54ffa79b55155720b5408c5003f8378,118,4,354,data/cvat_exports/tissue_box_front_positive_v2_dataset/labels/train/tissue_positive_20260724_131652_011.txt,True,False,Keep one is not automatically safe; verify dataset/model provenance.
31492,6dff2639e55c448067e73620b2d5c5fcd54ffa79b55155720b5408c5003f8378,118,4,354,data/datasets/tissue_box_front_orbbec_full99/labels/train/tissue_positive_20260724_131652_011.txt,True,False,Keep one is not automatically safe; verify dataset/model provenance.
31492,6dff2639e55c448067e73620b2d5c5fcd54ffa79b55155720b5408c5003f8378,118,4,354,data/datasets/tissue_box_front_orbbec_pilot/labels/train/tissue_positive_20260724_131652_011.txt,True,False,Keep one is not automatically safe; verify dataset/model provenance.
31492,6dff2639e55c448067e73620b2d5c5fcd54ffa79b55155720b5408c5003f8378,118,4,354,data/datasets/tissue_box_front_orbbec_valid99_source/labels/all/tissue_positive_20260724_131652_011.txt,True,False,Keep one is not automatically safe; verify dataset/model provenance.
31493,744f52cc6c0dd283ad5f037579f17907c880cd570286d7819dcc15fc8d1da9a9,118,3,236,data/cvat_exports/tissue_box_front_positive_v3_dataset/labels/train/tissue_positive_20260724_131652_008.txt,True,False,Keep one is not automatically safe; verify dataset/model provenance.
31493,744f52cc6c0dd283ad5f037579f17907c880cd570286d7819dcc15fc8d1da9a9,118,3,236,data/datasets/tissue_box_front_orbbec_full99/labels/train/tissue_positive_20260724_131652_008.txt,True,False,Keep one is not automatically safe; verify dataset/model provenance.
31493,744f52cc6c0dd283ad5f037579f17907c880cd570286d7819dcc15fc8d1da9a9,118,3,236,data/datasets/tissue_box_front_orbbec_valid99_source/labels/all/tissue_positive_20260724_131652_008.txt,True,False,Keep one is not automatically safe; verify dataset/model provenance.
31494,78c1570ce8588a83d88708f94c49347e9c589fbc198b6e65fe41f29a55f2b5e8,118,3,236,data/cvat_exports/tissue_box_front_positive_v3_dataset/labels/train/tissue_positive_20260724_131652_038.txt,True,False,Keep one is not automatically safe; verify dataset/model provenance.
31494,78c1570ce8588a83d88708f94c49347e9c589fbc198b6e65fe41f29a55f2b5e8,118,3,236,data/datasets/tissue_box_front_orbbec_full99/labels/train/tissue_positive_20260724_131652_038.txt,True,False,Keep one is not automatically safe; verify dataset/model provenance.
31494,78c1570ce8588a83d88708f94c49347e9c589fbc198b6e65fe41f29a55f2b5e8,118,3,236,data/datasets/tissue_box_front_orbbec_valid99_source/labels/all/tissue_positive_20260724_131652_038.txt,True,False,Keep one is not automatically safe; verify dataset/model provenance.
31495,79cfbdf6c75f612441b0bb1229d60ff2f97aaa469b40382647af6f1ae19fee47,118,3,236,data/cvat_exports/tissue_box_front_positive_v3_dataset/labels/train/tissue_positive_20260724_131652_060.txt,True,False,Keep one is not automatically safe; verify dataset/model provenance.
31495,79cfbdf6c75f612441b0bb1229d60ff2f97aaa469b40382647af6f1ae19fee47,118,3,236,data/datasets/tissue_box_front_orbbec_full99/labels/train/tissue_positive_20260724_131652_060.txt,True,False,Keep one is not automatically safe; verify dataset/model provenance.
31495,79cfbdf6c75f612441b0bb1229d60ff2f97aaa469b40382647af6f1ae19fee47,118,3,236,data/datasets/tissue_box_front_orbbec_valid99_source/labels/all/tissue_positive_20260724_131652_060.txt,True,False,Keep one is not automatically safe; verify dataset/model provenance.
31496,79d750e746c7b1bb044c2801fe35432593464b5c691a7ef631c571ca5dcdd89e,118,3,236,data/cvat_exports/tissue_box_front_positive_v3_dataset/labels/train/tissue_positive_20260724_131652_015.txt,True,False,Keep one is not automatically safe; verify dataset/model provenance.
31496,79d750e746c7b1bb044c2801fe35432593464b5c691a7ef631c571ca5dcdd89e,118,3,236,data/datasets/tissue_box_front_orbbec_full99/labels/train/tissue_positive_20260724_131652_015.txt,True,False,Keep one is not automatically safe; verify dataset/model provenance.
31496,79d750e746c7b1bb044c2801fe35432593464b5c691a7ef631c571ca5dcdd89e,118,3,236,data/datasets/tissue_box_front_orbbec_valid99_source/labels/all/tissue_positive_20260724_131652_015.txt,True,False,Keep one is not automatically safe; verify dataset/model provenance.
31497,7a84753fcb4a2de30daf195b70f25d5671faf71f0c66d45f0dd8aea0e4c6e9a3,118,4,354,data/cvat_exports/tissue_box_front_positive_v2_dataset/labels/train/tissue_positive_20260724_131652_036.txt,True,False,Keep one is not automatically safe; verify dataset/model provenance.
31497,7a84753fcb4a2de30daf195b70f25d5671faf71f0c66d45f0dd8aea0e4c6e9a3,118,4,354,data/datasets/tissue_box_front_orbbec_full99/labels/train/tissue_positive_20260724_131652_036.txt,True,False,Keep one is not automatically safe; verify dataset/model provenance.
31497,7a84753fcb4a2de30daf195b70f25d5671faf71f0c66d45f0dd8aea0e4c6e9a3,118,4,354,data/datasets/tissue_box_front_orbbec_pilot/labels/train/tissue_positive_20260724_131652_036.txt,True,False,Keep one is not automatically safe; verify dataset/model provenance.
31497,7a84753fcb4a2de30daf195b70f25d5671faf71f0c66d45f0dd8aea0e4c6e9a3,118,4,354,data/datasets/tissue_box_front_orbbec_valid99_source/labels/all/tissue_positive_20260724_131652_036.txt,True,False,Keep one is not automatically safe; verify dataset/model provenance.
31498,807420f2c87a76b6f3b4d15521d16466caf9603abef580a4c866527016559d2a,118,4,354,data/cvat_exports/tissue_box_front_positive_v2_dataset/labels/train/tissue_positive_20260724_131652_061.txt,True,False,Keep one is not automatically safe; verify dataset/model provenance.
31498,807420f2c87a76b6f3b4d15521d16466caf9603abef580a4c866527016559d2a,118,4,354,data/datasets/tissue_box_front_orbbec_full99/labels/train/tissue_positive_20260724_131652_061.txt,True,False,Keep one is not automatically safe; verify dataset/model provenance.
31498,807420f2c87a76b6f3b4d15521d16466caf9603abef580a4c866527016559d2a,118,4,354,data/datasets/tissue_box_front_orbbec_pilot/labels/train/tissue_positive_20260724_131652_061.txt,True,False,Keep one is not automatically safe; verify dataset/model provenance.
31498,807420f2c87a76b6f3b4d15521d16466caf9603abef580a4c866527016559d2a,118,4,354,data/datasets/tissue_box_front_orbbec_valid99_source/labels/all/tissue_positive_20260724_131652_061.txt,True,False,Keep one is not automatically safe; verify dataset/model provenance.
31499,8440e124bcda3ac0fef40ed4939f20ef04294c697f82f012183f9f0880bcad3b,118,3,236,data/cvat_exports/tissue_box_front_positive_v3_dataset/labels/train/tissue_positive_20260724_131652_042.txt,True,False,Keep one is not automatically safe; verify dataset/model provenance.
31499,8440e124bcda3ac0fef40ed4939f20ef04294c697f82f012183f9f0880bcad3b,118,3,236,data/datasets/tissue_box_front_orbbec_full99/labels/train/tissue_positive_20260724_131652_042.txt,True,False,Keep one is not automatically safe; verify dataset/model provenance.
31499,8440e124bcda3ac0fef40ed4939f20ef04294c697f82f012183f9f0880bcad3b,118,3,236,data/datasets/tissue_box_front_orbbec_valid99_source/labels/all/tissue_positive_20260724_131652_042.txt,True,False,Keep one is not automatically safe; verify dataset/model provenance.
31500,89eb408d6a174356e1a873d02e6dc64b7f79f1a8748a9712451c82c6be1140b1,118,3,236,data/cvat_exports/tissue_box_front_positive_v3_dataset/labels/train/tissue_positive_20260724_131652_075.txt,True,False,Keep one is not automatically safe; verify dataset/model provenance.
31500,89eb408d6a174356e1a873d02e6dc64b7f79f1a8748a9712451c82c6be1140b1,118,3,236,data/datasets/tissue_box_front_orbbec_full99/labels/train/tissue_positive_20260724_131652_075.txt,True,False,Keep one is not automatically safe; verify dataset/model provenance.
31500,89eb408d6a174356e1a873d02e6dc64b7f79f1a8748a9712451c82c6be1140b1,118,3,236,data/datasets/tissue_box_front_orbbec_valid99_source/labels/all/tissue_positive_20260724_131652_075.txt,True,False,Keep one is not automatically safe; verify dataset/model provenance.
31501,8d653e3d02349a2efd00f9599c52c69806fd5c53871905743ebbabd1029b55ef,118,3,236,data/cvat_exports/tissue_box_front_positive_v3_dataset/labels/train/tissue_positive_20260724_131652_003.txt,True,False,Keep one is not automatically safe; verify dataset/model provenance.
31501,8d653e3d02349a2efd00f9599c52c69806fd5c53871905743ebbabd1029b55ef,118,3,236,data/datasets/tissue_box_front_orbbec_full99/labels/train/tissue_positive_20260724_131652_003.txt,True,False,Keep one is not automatically safe; verify dataset/model provenance.
31501,8d653e3d02349a2efd00f9599c52c69806fd5c53871905743ebbabd1029b55ef,118,3,236,data/datasets/tissue_box_front_orbbec_valid99_source/labels/all/tissue_positive_20260724_131652_003.txt,True,False,Keep one is not automatically safe; verify dataset/model provenance.
31502,8ddc3261ef660e5543be01cd10d10b44b39496ceed2d2e6f2064d061dbed1186,118,3,236,data/cvat_exports/tissue_box_front_positive_v3_dataset/labels/train/tissue_positive_20260724_131652_023.txt,True,False,Keep one is not automatically safe; verify dataset/model provenance.
31502,8ddc3261ef660e5543be01cd10d10b44b39496ceed2d2e6f2064d061dbed1186,118,3,236,data/datasets/tissue_box_front_orbbec_full99/labels/val/tissue_positive_20260724_131652_023.txt,True,False,Keep one is not automatically safe; verify dataset/model provenance.
31502,8ddc3261ef660e5543be01cd10d10b44b39496ceed2d2e6f2064d061dbed1186,118,3,236,data/datasets/tissue_box_front_orbbec_valid99_source/labels/all/tissue_positive_20260724_131652_023.txt,True,False,Keep one is not automatically safe; verify dataset/model provenance.
31503,90f8b947c6183a5407b3f56f86d3442e39a73fa6da07c5bcac4d55f877e35a95,118,3,236,data/cvat_exports/tissue_box_front_positive_v3_dataset/labels/train/tissue_positive_20260724_131652_065.txt,True,False,Keep one is not automatically safe; verify dataset/model provenance.
31503,90f8b947c6183a5407b3f56f86d3442e39a73fa6da07c5bcac4d55f877e35a95,118,3,236,data/datasets/tissue_box_front_orbbec_full99/labels/train/tissue_positive_20260724_131652_065.txt,True,False,Keep one is not automatically safe; verify dataset/model provenance.
31503,90f8b947c6183a5407b3f56f86d3442e39a73fa6da07c5bcac4d55f877e35a95,118,3,236,data/datasets/tissue_box_front_orbbec_valid99_source/labels/all/tissue_positive_20260724_131652_065.txt,True,False,Keep one is not automatically safe; verify dataset/model provenance.
31504,91c8b24598d89078748a83ba2e1f6d001782414af3bf389bc6d784cbed0d8b82,118,3,236,data/cvat_exports/tissue_box_front_positive_v3_dataset/labels/train/tissue_positive_20260724_131652_039.txt,True,False,Keep one is not automatically safe; verify dataset/model provenance.
31504,91c8b24598d89078748a83ba2e1f6d001782414af3bf389bc6d784cbed0d8b82,118,3,236,data/datasets/tissue_box_front_orbbec_full99/labels/train/tissue_positive_20260724_131652_039.txt,True,False,Keep one is not automatically safe; verify dataset/model provenance.
31504,91c8b24598d89078748a83ba2e1f6d001782414af3bf389bc6d784cbed0d8b82,118,3,236,data/datasets/tissue_box_front_orbbec_valid99_source/labels/all/tissue_positive_20260724_131652_039.txt,True,False,Keep one is not automatically safe; verify dataset/model provenance.
31505,9228cb4288337997d0bb9ec6644ef8f86076b36346dc09f0d304e17c2b5e1044,118,3,236,data/cvat_exports/tissue_box_front_positive_v3_dataset/labels/train/tissue_positive_20260724_131652_099.txt,True,False,Keep one is not automatically safe; verify dataset/model provenance.
31505,9228cb4288337997d0bb9ec6644ef8f86076b36346dc09f0d304e17c2b5e1044,118,3,236,data/datasets/tissue_box_front_orbbec_full99/labels/train/tissue_positive_20260724_131652_099.txt,True,False,Keep one is not automatically safe; verify dataset/model provenance.
31505,9228cb4288337997d0bb9ec6644ef8f86076b36346dc09f0d304e17c2b5e1044,118,3,236,data/datasets/tissue_box_front_orbbec_valid99_source/labels/all/tissue_positive_20260724_131652_099.txt,True,False,Keep one is not automatically safe; verify dataset/model provenance.
31506,92ab7e4af138075b40cfbd00ab4cf86d1f407bcf5dd547f4d060c6fa536fbbc3,118,4,354,data/cvat_exports/tissue_box_front_positive_v2_dataset/labels/train/tissue_positive_20260724_131652_071.txt,True,False,Keep one is not automatically safe; verify dataset/model provenance.
31506,92ab7e4af138075b40cfbd00ab4cf86d1f407bcf5dd547f4d060c6fa536fbbc3,118,4,354,data/datasets/tissue_box_front_orbbec_full99/labels/train/tissue_positive_20260724_131652_071.txt,True,False,Keep one is not automatically safe; verify dataset/model provenance.
31506,92ab7e4af138075b40cfbd00ab4cf86d1f407bcf5dd547f4d060c6fa536fbbc3,118,4,354,data/datasets/tissue_box_front_orbbec_pilot/labels/train/tissue_positive_20260724_131652_071.txt,True,False,Keep one is not automatically safe; verify dataset/model provenance.
31506,92ab7e4af138075b40cfbd00ab4cf86d1f407bcf5dd547f4d060c6fa536fbbc3,118,4,354,data/datasets/tissue_box_front_orbbec_valid99_source/labels/all/tissue_positive_20260724_131652_071.txt,True,False,Keep one is not automatically safe; verify dataset/model provenance.
31507,930d05f91ee0444b589cfe6c23b417056164650df193d92d93d340d91472ed2a,118,3,236,data/cvat_exports/tissue_box_front_positive_v3_dataset/labels/train/tissue_positive_20260724_131652_090.txt,True,False,Keep one is not automatically safe; verify dataset/model provenance.
31507,930d05f91ee0444b589cfe6c23b417056164650df193d92d93d340d91472ed2a,118,3,236,data/datasets/tissue_box_front_orbbec_full99/labels/val/tissue_positive_20260724_131652_090.txt,True,False,Keep one is not automatically safe; verify dataset/model provenance.
31507,930d05f91ee0444b589cfe6c23b417056164650df193d92d93d340d91472ed2a,118,3,236,data/datasets/tissue_box_front_orbbec_valid99_source/labels/all/tissue_positive_20260724_131652_090.txt,True,False,Keep one is not automatically safe; verify dataset/model provenance.
31509,9f4ad89873132c28872431da5db7b269e278bedb5e972bfdb1d6f6d2a73f24f4,118,3,236,data/cvat_exports/tissue_box_front_positive_v3_dataset/labels/train/tissue_positive_20260724_131652_087.txt,True,False,Keep one is not automatically safe; verify dataset/model provenance.
31509,9f4ad89873132c28872431da5db7b269e278bedb5e972bfdb1d6f6d2a73f24f4,118,3,236,data/datasets/tissue_box_front_orbbec_full99/labels/val/tissue_positive_20260724_131652_087.txt,True,False,Keep one is not automatically safe; verify dataset/model provenance.
31509,9f4ad89873132c28872431da5db7b269e278bedb5e972bfdb1d6f6d2a73f24f4,118,3,236,data/datasets/tissue_box_front_orbbec_valid99_source/labels/all/tissue_positive_20260724_131652_087.txt,True,False,Keep one is not automatically safe; verify dataset/model provenance.
31510,a3d97c59322063b6a44a1242d11f127235509376e6891f002b39a1940f6fc9f5,118,4,354,data/cvat_exports/tissue_box_front_positive_v2_dataset/labels/train/tissue_positive_20260724_131652_066.txt,True,False,Keep one is not automatically safe; verify dataset/model provenance.
31510,a3d97c59322063b6a44a1242d11f127235509376e6891f002b39a1940f6fc9f5,118,4,354,data/datasets/tissue_box_front_orbbec_full99/labels/train/tissue_positive_20260724_131652_066.txt,True,False,Keep one is not automatically safe; verify dataset/model provenance.
31510,a3d97c59322063b6a44a1242d11f127235509376e6891f002b39a1940f6fc9f5,118,4,354,data/datasets/tissue_box_front_orbbec_pilot/labels/val/tissue_positive_20260724_131652_066.txt,True,False,Keep one is not automatically safe; verify dataset/model provenance.
31510,a3d97c59322063b6a44a1242d11f127235509376e6891f002b39a1940f6fc9f5,118,4,354,data/datasets/tissue_box_front_orbbec_valid99_source/labels/all/tissue_positive_20260724_131652_066.txt,True,False,Keep one is not automatically safe; verify dataset/model provenance.
31511,a6493c6b3e20dd7b6579a703110869e0085cbc70ff518fb6304022063de8510f,118,3,236,data/cvat_exports/tissue_box_front_positive_v3_dataset/labels/train/tissue_positive_20260724_131652_043.txt,True,False,Keep one is not automatically safe; verify dataset/model provenance.
31511,a6493c6b3e20dd7b6579a703110869e0085cbc70ff518fb6304022063de8510f,118,3,236,data/datasets/tissue_box_front_orbbec_full99/labels/train/tissue_positive_20260724_131652_043.txt,True,False,Keep one is not automatically safe; verify dataset/model provenance.
31511,a6493c6b3e20dd7b6579a703110869e0085cbc70ff518fb6304022063de8510f,118,3,236,data/datasets/tissue_box_front_orbbec_valid99_source/labels/all/tissue_positive_20260724_131652_043.txt,True,False,Keep one is not automatically safe; verify dataset/model provenance.
31512,a9dd2166b0ce15ee00faa11486b956ed6e475a96a49e11d7ce44d6ab3431c8bd,118,4,354,data/cvat_exports/tissue_box_front_positive_v2_dataset/labels/train/tissue_positive_20260724_131652_046.txt,True,False,Keep one is not automatically safe; verify dataset/model provenance.
31512,a9dd2166b0ce15ee00faa11486b956ed6e475a96a49e11d7ce44d6ab3431c8bd,118,4,354,data/datasets/tissue_box_front_orbbec_full99/labels/train/tissue_positive_20260724_131652_046.txt,True,False,Keep one is not automatically safe; verify dataset/model provenance.
31512,a9dd2166b0ce15ee00faa11486b956ed6e475a96a49e11d7ce44d6ab3431c8bd,118,4,354,data/datasets/tissue_box_front_orbbec_pilot/labels/train/tissue_positive_20260724_131652_046.txt,True,False,Keep one is not automatically safe; verify dataset/model provenance.
31512,a9dd2166b0ce15ee00faa11486b956ed6e475a96a49e11d7ce44d6ab3431c8bd,118,4,354,data/datasets/tissue_box_front_orbbec_valid99_source/labels/all/tissue_positive_20260724_131652_046.txt,True,False,Keep one is not automatically safe; verify dataset/model provenance.
31513,abdc4d9c102031b4d5f08f869c4dd6548fe8f4c745d07a8f9714b0dd8fc28034,118,3,236,data/cvat_exports/tissue_box_front_positive_v3_dataset/labels/train/tissue_positive_20260724_131652_078.txt,True,False,Keep one is not automatically safe; verify dataset/model provenance.
31513,abdc4d9c102031b4d5f08f869c4dd6548fe8f4c745d07a8f9714b0dd8fc28034,118,3,236,data/datasets/tissue_box_front_orbbec_full99/labels/train/tissue_positive_20260724_131652_078.txt,True,False,Keep one is not automatically safe; verify dataset/model provenance.
31513,abdc4d9c102031b4d5f08f869c4dd6548fe8f4c745d07a8f9714b0dd8fc28034,118,3,236,data/datasets/tissue_box_front_orbbec_valid99_source/labels/all/tissue_positive_20260724_131652_078.txt,True,False,Keep one is not automatically safe; verify dataset/model provenance.
31514,b1ea1f2d3cf9fc1defd755100ba0dc25b5a12da8d1a5fe6214133f1360dc2654,118,3,236,data/cvat_exports/tissue_box_front_positive_v3_dataset/labels/train/tissue_positive_20260724_131652_005.txt,True,False,Keep one is not automatically safe; verify dataset/model provenance.
31514,b1ea1f2d3cf9fc1defd755100ba0dc25b5a12da8d1a5fe6214133f1360dc2654,118,3,236,data/datasets/tissue_box_front_orbbec_full99/labels/train/tissue_positive_20260724_131652_005.txt,True,False,Keep one is not automatically safe; verify dataset/model provenance.
31514,b1ea1f2d3cf9fc1defd755100ba0dc25b5a12da8d1a5fe6214133f1360dc2654,118,3,236,data/datasets/tissue_box_front_orbbec_valid99_source/labels/all/tissue_positive_20260724_131652_005.txt,True,False,Keep one is not automatically safe; verify dataset/model provenance.
31515,b4fa082aa8668b90918ecc1cf4f01f3794563ae1cd5a84cfca80f0491d50277a,118,3,236,data/cvat_exports/tissue_box_front_positive_v3_dataset/labels/train/tissue_positive_20260724_131652_034.txt,True,False,Keep one is not automatically safe; verify dataset/model provenance.
31515,b4fa082aa8668b90918ecc1cf4f01f3794563ae1cd5a84cfca80f0491d50277a,118,3,236,data/datasets/tissue_box_front_orbbec_full99/labels/train/tissue_positive_20260724_131652_034.txt,True,False,Keep one is not automatically safe; verify dataset/model provenance.
31515,b4fa082aa8668b90918ecc1cf4f01f3794563ae1cd5a84cfca80f0491d50277a,118,3,236,data/datasets/tissue_box_front_orbbec_valid99_source/labels/all/tissue_positive_20260724_131652_034.txt,True,False,Keep one is not automatically safe; verify dataset/model provenance.
31516,b8d0ee6be0dbf76046895871d2425ea499c34ab0f609610e9be117a5f897783b,118,3,236,data/cvat_exports/tissue_box_front_positive_v3_dataset/labels/train/tissue_positive_20260724_131652_082.txt,True,False,Keep one is not automatically safe; verify dataset/model provenance.
31516,b8d0ee6be0dbf76046895871d2425ea499c34ab0f609610e9be117a5f897783b,118,3,236,data/datasets/tissue_box_front_orbbec_full99/labels/val/tissue_positive_20260724_131652_082.txt,True,False,Keep one is not automatically safe; verify dataset/model provenance.
31516,b8d0ee6be0dbf76046895871d2425ea499c34ab0f609610e9be117a5f897783b,118,3,236,data/datasets/tissue_box_front_orbbec_valid99_source/labels/all/tissue_positive_20260724_131652_082.txt,True,False,Keep one is not automatically safe; verify dataset/model provenance.
31517,b945fde2dce4e951d8dc3bd14e736b7a94eb5b3d83424bf27f62586df508905f,118,3,236,data/cvat_exports/tissue_box_front_positive_v3_dataset/labels/train/tissue_positive_20260724_131652_057.txt,True,False,Keep one is not automatically safe; verify dataset/model provenance.
31517,b945fde2dce4e951d8dc3bd14e736b7a94eb5b3d83424bf27f62586df508905f,118,3,236,data/datasets/tissue_box_front_orbbec_full99/labels/train/tissue_positive_20260724_131652_057.txt,True,False,Keep one is not automatically safe; verify dataset/model provenance.
31517,b945fde2dce4e951d8dc3bd14e736b7a94eb5b3d83424bf27f62586df508905f,118,3,236,data/datasets/tissue_box_front_orbbec_valid99_source/labels/all/tissue_positive_20260724_131652_057.txt,True,False,Keep one is not automatically safe; verify dataset/model provenance.
31518,bebce4e206337380bdf4b3f0c561f9466e2316ade22d51bf41d24c5cfd934b67,118,3,236,data/cvat_exports/tissue_box_front_positive_v3_dataset/labels/train/tissue_positive_20260724_131652_095.txt,True,False,Keep one is not automatically safe; verify dataset/model provenance.
31518,bebce4e206337380bdf4b3f0c561f9466e2316ade22d51bf41d24c5cfd934b67,118,3,236,data/datasets/tissue_box_front_orbbec_full99/labels/train/tissue_positive_20260724_131652_095.txt,True,False,Keep one is not automatically safe; verify dataset/model provenance.
31518,bebce4e206337380bdf4b3f0c561f9466e2316ade22d51bf41d24c5cfd934b67,118,3,236,data/datasets/tissue_box_front_orbbec_valid99_source/labels/all/tissue_positive_20260724_131652_095.txt,True,False,Keep one is not automatically safe; verify dataset/model provenance.
31519,c0bfdcef7ea77b862701897b6e1777e7106879745b5cb61934099014e424eff5,118,3,236,data/cvat_exports/tissue_box_front_positive_v3_dataset/labels/train/tissue_positive_20260724_131652_068.txt,True,False,Keep one is not automatically safe; verify dataset/model provenance.
31519,c0bfdcef7ea77b862701897b6e1777e7106879745b5cb61934099014e424eff5,118,3,236,data/datasets/tissue_box_front_orbbec_full99/labels/train/tissue_positive_20260724_131652_068.txt,True,False,Keep one is not automatically safe; verify dataset/model provenance.
31519,c0bfdcef7ea77b862701897b6e1777e7106879745b5cb61934099014e424eff5,118,3,236,data/datasets/tissue_box_front_orbbec_valid99_source/labels/all/tissue_positive_20260724_131652_068.txt,True,False,Keep one is not automatically safe; verify dataset/model provenance.
31520,c624ad4b843fb3f2c28a024119da07fddcd7257e62b0707b8a4c870c8a45321d,118,3,236,data/cvat_exports/tissue_box_front_positive_v3_dataset/labels/train/tissue_positive_20260724_131652_069.txt,True,False,Keep one is not automatically safe; verify dataset/model provenance.
31520,c624ad4b843fb3f2c28a024119da07fddcd7257e62b0707b8a4c870c8a45321d,118,3,236,data/datasets/tissue_box_front_orbbec_full99/labels/train/tissue_positive_20260724_131652_069.txt,True,False,Keep one is not automatically safe; verify dataset/model provenance.
31520,c624ad4b843fb3f2c28a024119da07fddcd7257e62b0707b8a4c870c8a45321d,118,3,236,data/datasets/tissue_box_front_orbbec_valid99_source/labels/all/tissue_positive_20260724_131652_069.txt,True,False,Keep one is not automatically safe; verify dataset/model provenance.
31521,c6fdbc816045aaabd9250b2474d0328a81f994a1778f7236302b9eb4c338b36c,118,4,354,data/cvat_exports/tissue_box_front_positive_v2_dataset/labels/train/tissue_positive_20260724_131652_086.txt,True,False,Keep one is not automatically safe; verify dataset/model provenance.
31521,c6fdbc816045aaabd9250b2474d0328a81f994a1778f7236302b9eb4c338b36c,118,4,354,data/datasets/tissue_box_front_orbbec_full99/labels/val/tissue_positive_20260724_131652_086.txt,True,False,Keep one is not automatically safe; verify dataset/model provenance.
31521,c6fdbc816045aaabd9250b2474d0328a81f994a1778f7236302b9eb4c338b36c,118,4,354,data/datasets/tissue_box_front_orbbec_pilot/labels/train/tissue_positive_20260724_131652_086.txt,True,False,Keep one is not automatically safe; verify dataset/model provenance.
31521,c6fdbc816045aaabd9250b2474d0328a81f994a1778f7236302b9eb4c338b36c,118,4,354,data/datasets/tissue_box_front_orbbec_valid99_source/labels/all/tissue_positive_20260724_131652_086.txt,True,False,Keep one is not automatically safe; verify dataset/model provenance.
31522,c736691300610ae56c08f337817d709ea981523ed73199a6d20a0309a48980ec,118,3,236,data/cvat_exports/tissue_box_front_positive_v3_dataset/labels/train/tissue_positive_20260724_131652_044.txt,True,False,Keep one is not automatically safe; verify dataset/model provenance.
31522,c736691300610ae56c08f337817d709ea981523ed73199a6d20a0309a48980ec,118,3,236,data/datasets/tissue_box_front_orbbec_full99/labels/train/tissue_positive_20260724_131652_044.txt,True,False,Keep one is not automatically safe; verify dataset/model provenance.
31522,c736691300610ae56c08f337817d709ea981523ed73199a6d20a0309a48980ec,118,3,236,data/datasets/tissue_box_front_orbbec_valid99_source/labels/all/tissue_positive_20260724_131652_044.txt,True,False,Keep one is not automatically safe; verify dataset/model provenance.
31523,c906cec70f83ac2dd757d67d1c6d059a2f491905a2ae85da73e16d7f59ec6b87,118,3,236,data/cvat_exports/tissue_box_front_positive_v3_dataset/labels/train/tissue_positive_20260724_131652_088.txt,True,False,Keep one is not automatically safe; verify dataset/model provenance.
31523,c906cec70f83ac2dd757d67d1c6d059a2f491905a2ae85da73e16d7f59ec6b87,118,3,236,data/datasets/tissue_box_front_orbbec_full99/labels/val/tissue_positive_20260724_131652_088.txt,True,False,Keep one is not automatically safe; verify dataset/model provenance.
31523,c906cec70f83ac2dd757d67d1c6d059a2f491905a2ae85da73e16d7f59ec6b87,118,3,236,data/datasets/tissue_box_front_orbbec_valid99_source/labels/all/tissue_positive_20260724_131652_088.txt,True,False,Keep one is not automatically safe; verify dataset/model provenance.
31524,c98b32da37e0026efb6159b2f4483a1b45e6dae6ee68ec3ca2c0de9e46ad905c,118,3,236,data/cvat_exports/tissue_box_front_positive_v3_dataset/labels/train/tissue_positive_20260724_131652_022.txt,True,False,Keep one is not automatically safe; verify dataset/model provenance.
31524,c98b32da37e0026efb6159b2f4483a1b45e6dae6ee68ec3ca2c0de9e46ad905c,118,3,236,data/datasets/tissue_box_front_orbbec_full99/labels/val/tissue_positive_20260724_131652_022.txt,True,False,Keep one is not automatically safe; verify dataset/model provenance.
31524,c98b32da37e0026efb6159b2f4483a1b45e6dae6ee68ec3ca2c0de9e46ad905c,118,3,236,data/datasets/tissue_box_front_orbbec_valid99_source/labels/all/tissue_positive_20260724_131652_022.txt,True,False,Keep one is not automatically safe; verify dataset/model provenance.
31525,c9e3c86c68df86731c357dc26ee0b00944b19c0d707035c66a1c30e6e49efdca,118,3,236,data/cvat_exports/tissue_box_front_positive_v3_dataset/labels/train/tissue_positive_20260724_131652_080.txt,True,False,Keep one is not automatically safe; verify dataset/model provenance.
31525,c9e3c86c68df86731c357dc26ee0b00944b19c0d707035c66a1c30e6e49efdca,118,3,236,data/datasets/tissue_box_front_orbbec_full99/labels/train/tissue_positive_20260724_131652_080.txt,True,False,Keep one is not automatically safe; verify dataset/model provenance.
31525,c9e3c86c68df86731c357dc26ee0b00944b19c0d707035c66a1c30e6e49efdca,118,3,236,data/datasets/tissue_box_front_orbbec_valid99_source/labels/all/tissue_positive_20260724_131652_080.txt,True,False,Keep one is not automatically safe; verify dataset/model provenance.
31526,ca52f9ee875e92377114927eb5c9ef2d4191a0ccdb0317a40fe205eeb6dde664,118,3,236,data/cvat_exports/tissue_box_front_positive_v3_dataset/labels/train/tissue_positive_20260724_131652_077.txt,True,False,Keep one is not automatically safe; verify dataset/model provenance.
31526,ca52f9ee875e92377114927eb5c9ef2d4191a0ccdb0317a40fe205eeb6dde664,118,3,236,data/datasets/tissue_box_front_orbbec_full99/labels/train/tissue_positive_20260724_131652_077.txt,True,False,Keep one is not automatically safe; verify dataset/model provenance.
31526,ca52f9ee875e92377114927eb5c9ef2d4191a0ccdb0317a40fe205eeb6dde664,118,3,236,data/datasets/tissue_box_front_orbbec_valid99_source/labels/all/tissue_positive_20260724_131652_077.txt,True,False,Keep one is not automatically safe; verify dataset/model provenance.
31527,cc8fdb69bc1bb63c41fc05af4f415e3f81496e932d972f7346b2256dc5b90e8c,118,3,236,data/cvat_exports/tissue_box_front_positive_v3_dataset/labels/train/tissue_positive_20260724_131652_055.txt,True,False,Keep one is not automatically safe; verify dataset/model provenance.
31527,cc8fdb69bc1bb63c41fc05af4f415e3f81496e932d972f7346b2256dc5b90e8c,118,3,236,data/datasets/tissue_box_front_orbbec_full99/labels/train/tissue_positive_20260724_131652_055.txt,True,False,Keep one is not automatically safe; verify dataset/model provenance.
31527,cc8fdb69bc1bb63c41fc05af4f415e3f81496e932d972f7346b2256dc5b90e8c,118,3,236,data/datasets/tissue_box_front_orbbec_valid99_source/labels/all/tissue_positive_20260724_131652_055.txt,True,False,Keep one is not automatically safe; verify dataset/model provenance.
31528,cf81a6d3c71c20a0381e1f971e374a8cc3c33afb1b7eb5941fb13a02e7597c48,118,3,236,data/cvat_exports/tissue_box_front_positive_v3_dataset/labels/train/tissue_positive_20260724_131652_073.txt,True,False,Keep one is not automatically safe; verify dataset/model provenance.
31528,cf81a6d3c71c20a0381e1f971e374a8cc3c33afb1b7eb5941fb13a02e7597c48,118,3,236,data/datasets/tissue_box_front_orbbec_full99/labels/train/tissue_positive_20260724_131652_073.txt,True,False,Keep one is not automatically safe; verify dataset/model provenance.
31528,cf81a6d3c71c20a0381e1f971e374a8cc3c33afb1b7eb5941fb13a02e7597c48,118,3,236,data/datasets/tissue_box_front_orbbec_valid99_source/labels/all/tissue_positive_20260724_131652_073.txt,True,False,Keep one is not automatically safe; verify dataset/model provenance.
31529,d09b7769dc2f0172bc6eb4ce7d8505f79408d5d3784be2f5907788f8e42bc1b4,118,3,236,data/cvat_exports/tissue_box_front_positive_v3_dataset/labels/train/tissue_positive_20260724_131652_070.txt,True,False,Keep one is not automatically safe; verify dataset/model provenance.
31529,d09b7769dc2f0172bc6eb4ce7d8505f79408d5d3784be2f5907788f8e42bc1b4,118,3,236,data/datasets/tissue_box_front_orbbec_full99/labels/train/tissue_positive_20260724_131652_070.txt,True,False,Keep one is not automatically safe; verify dataset/model provenance.
31529,d09b7769dc2f0172bc6eb4ce7d8505f79408d5d3784be2f5907788f8e42bc1b4,118,3,236,data/datasets/tissue_box_front_orbbec_valid99_source/labels/all/tissue_positive_20260724_131652_070.txt,True,False,Keep one is not automatically safe; verify dataset/model provenance.
31530,d2aa0d1f3194d2e5eabf21f490d67718a6f084d4f32af3f984c8ed377ea70689,118,3,236,data/cvat_exports/tissue_box_front_positive_v3_dataset/labels/train/tissue_positive_20260724_131652_062.txt,True,False,Keep one is not automatically safe; verify dataset/model provenance.
31530,d2aa0d1f3194d2e5eabf21f490d67718a6f084d4f32af3f984c8ed377ea70689,118,3,236,data/datasets/tissue_box_front_orbbec_full99/labels/train/tissue_positive_20260724_131652_062.txt,True,False,Keep one is not automatically safe; verify dataset/model provenance.
31530,d2aa0d1f3194d2e5eabf21f490d67718a6f084d4f32af3f984c8ed377ea70689,118,3,236,data/datasets/tissue_box_front_orbbec_valid99_source/labels/all/tissue_positive_20260724_131652_062.txt,True,False,Keep one is not automatically safe; verify dataset/model provenance.
31531,d63853c8e97f489bc5b7dc13b6349125ed2ca4d242b76c8aa53460698a52a6fc,118,3,236,data/cvat_exports/tissue_box_front_positive_v3_dataset/labels/train/tissue_positive_20260724_131652_083.txt,True,False,Keep one is not automatically safe; verify dataset/model provenance.
31531,d63853c8e97f489bc5b7dc13b6349125ed2ca4d242b76c8aa53460698a52a6fc,118,3,236,data/datasets/tissue_box_front_orbbec_full99/labels/val/tissue_positive_20260724_131652_083.txt,True,False,Keep one is not automatically safe; verify dataset/model provenance.
31531,d63853c8e97f489bc5b7dc13b6349125ed2ca4d242b76c8aa53460698a52a6fc,118,3,236,data/datasets/tissue_box_front_orbbec_valid99_source/labels/all/tissue_positive_20260724_131652_083.txt,True,False,Keep one is not automatically safe; verify dataset/model provenance.
31532,d7054ac7beb97c9c059b5fe3255c356770c8c6031f49e24809abfcac2cc1de67,118,4,354,data/cvat_exports/tissue_box_front_positive_v2_dataset/labels/train/tissue_positive_20260724_131652_076.txt,True,False,Keep one is not automatically safe; verify dataset/model provenance.
31532,d7054ac7beb97c9c059b5fe3255c356770c8c6031f49e24809abfcac2cc1de67,118,4,354,data/datasets/tissue_box_front_orbbec_full99/labels/train/tissue_positive_20260724_131652_076.txt,True,False,Keep one is not automatically safe; verify dataset/model provenance.
31532,d7054ac7beb97c9c059b5fe3255c356770c8c6031f49e24809abfcac2cc1de67,118,4,354,data/datasets/tissue_box_front_orbbec_pilot/labels/train/tissue_positive_20260724_131652_076.txt,True,False,Keep one is not automatically safe; verify dataset/model provenance.
31532,d7054ac7beb97c9c059b5fe3255c356770c8c6031f49e24809abfcac2cc1de67,118,4,354,data/datasets/tissue_box_front_orbbec_valid99_source/labels/all/tissue_positive_20260724_131652_076.txt,True,False,Keep one is not automatically safe; verify dataset/model provenance.
31533,dc072939185c41e1d52e6302dc6b00cd17d1ec0a8011323a26b21e0358ea87a4,118,3,236,data/cvat_exports/tissue_box_front_positive_v3_dataset/labels/train/tissue_positive_20260724_131652_040.txt,True,False,Keep one is not automatically safe; verify dataset/model provenance.
31533,dc072939185c41e1d52e6302dc6b00cd17d1ec0a8011323a26b21e0358ea87a4,118,3,236,data/datasets/tissue_box_front_orbbec_full99/labels/train/tissue_positive_20260724_131652_040.txt,True,False,Keep one is not automatically safe; verify dataset/model provenance.
31533,dc072939185c41e1d52e6302dc6b00cd17d1ec0a8011323a26b21e0358ea87a4,118,3,236,data/datasets/tissue_box_front_orbbec_valid99_source/labels/all/tissue_positive_20260724_131652_040.txt,True,False,Keep one is not automatically safe; verify dataset/model provenance.
31534,dccc22a7dd383db9671f3793fd8aaf895527780642b889ef5dd6397016f9b22f,118,3,236,data/cvat_exports/tissue_box_front_positive_v3_dataset/labels/train/tissue_positive_20260724_131652_007.txt,True,False,Keep one is not automatically safe; verify dataset/model provenance.
31534,dccc22a7dd383db9671f3793fd8aaf895527780642b889ef5dd6397016f9b22f,118,3,236,data/datasets/tissue_box_front_orbbec_full99/labels/train/tissue_positive_20260724_131652_007.txt,True,False,Keep one is not automatically safe; verify dataset/model provenance.
31534,dccc22a7dd383db9671f3793fd8aaf895527780642b889ef5dd6397016f9b22f,118,3,236,data/datasets/tissue_box_front_orbbec_valid99_source/labels/all/tissue_positive_20260724_131652_007.txt,True,False,Keep one is not automatically safe; verify dataset/model provenance.
31535,de079fc7d2442c9097e4db3f4e032d69a5aafae8fb65a719c69eb0d05a79ce75,118,3,236,data/cvat_exports/tissue_box_front_positive_v3_dataset/labels/train/tissue_positive_20260724_131652_047.txt,True,False,Keep one is not automatically safe; verify dataset/model provenance.
31535,de079fc7d2442c9097e4db3f4e032d69a5aafae8fb65a719c69eb0d05a79ce75,118,3,236,data/datasets/tissue_box_front_orbbec_full99/labels/train/tissue_positive_20260724_131652_047.txt,True,False,Keep one is not automatically safe; verify dataset/model provenance.
31535,de079fc7d2442c9097e4db3f4e032d69a5aafae8fb65a719c69eb0d05a79ce75,118,3,236,data/datasets/tissue_box_front_orbbec_valid99_source/labels/all/tissue_positive_20260724_131652_047.txt,True,False,Keep one is not automatically safe; verify dataset/model provenance.
31536,de7edd6608f1ba9bdaf5f2b8d968978da300b1f097eebe94e2366d02177f4142,118,3,236,data/cvat_exports/tissue_box_front_positive_v3_dataset/labels/train/tissue_positive_20260724_131652_004.txt,True,False,Keep one is not automatically safe; verify dataset/model provenance.
31536,de7edd6608f1ba9bdaf5f2b8d968978da300b1f097eebe94e2366d02177f4142,118,3,236,data/datasets/tissue_box_front_orbbec_full99/labels/train/tissue_positive_20260724_131652_004.txt,True,False,Keep one is not automatically safe; verify dataset/model provenance.
31536,de7edd6608f1ba9bdaf5f2b8d968978da300b1f097eebe94e2366d02177f4142,118,3,236,data/datasets/tissue_box_front_orbbec_valid99_source/labels/all/tissue_positive_20260724_131652_004.txt,True,False,Keep one is not automatically safe; verify dataset/model provenance.
31537,deb9e85cc20df7759f9183875d861d8c6db70590f6fac31f2183e75582083ded,118,4,354,data/cvat_exports/tissue_box_front_positive_v2_dataset/labels/train/tissue_positive_20260724_131652_001.txt,True,False,Keep one is not automatically safe; verify dataset/model provenance.
31537,deb9e85cc20df7759f9183875d861d8c6db70590f6fac31f2183e75582083ded,118,4,354,data/datasets/tissue_box_front_orbbec_full99/labels/train/tissue_positive_20260724_131652_001.txt,True,False,Keep one is not automatically safe; verify dataset/model provenance.
31537,deb9e85cc20df7759f9183875d861d8c6db70590f6fac31f2183e75582083ded,118,4,354,data/datasets/tissue_box_front_orbbec_pilot/labels/val/tissue_positive_20260724_131652_001.txt,True,False,Keep one is not automatically safe; verify dataset/model provenance.
31537,deb9e85cc20df7759f9183875d861d8c6db70590f6fac31f2183e75582083ded,118,4,354,data/datasets/tissue_box_front_orbbec_valid99_source/labels/all/tissue_positive_20260724_131652_001.txt,True,False,Keep one is not automatically safe; verify dataset/model provenance.
31539,e013a991376c70378387a28516dfc2efb21968967477c6dce75617b86d02217f,118,4,354,data/cvat_exports/tissue_box_front_positive_v2_dataset/labels/train/tissue_positive_20260724_131652_056.txt,True,False,Keep one is not automatically safe; verify dataset/model provenance.
31539,e013a991376c70378387a28516dfc2efb21968967477c6dce75617b86d02217f,118,4,354,data/datasets/tissue_box_front_orbbec_full99/labels/train/tissue_positive_20260724_131652_056.txt,True,False,Keep one is not automatically safe; verify dataset/model provenance.
31539,e013a991376c70378387a28516dfc2efb21968967477c6dce75617b86d02217f,118,4,354,data/datasets/tissue_box_front_orbbec_pilot/labels/train/tissue_positive_20260724_131652_056.txt,True,False,Keep one is not automatically safe; verify dataset/model provenance.
31539,e013a991376c70378387a28516dfc2efb21968967477c6dce75617b86d02217f,118,4,354,data/datasets/tissue_box_front_orbbec_valid99_source/labels/all/tissue_positive_20260724_131652_056.txt,True,False,Keep one is not automatically safe; verify dataset/model provenance.
31540,e5635009ab615d9fa4127ececa34d4cddfe72977bd57ac99fae7e90fb328e2ed,118,3,236,data/cvat_exports/tissue_box_front_positive_v3_dataset/labels/train/tissue_positive_20260724_131652_048.txt,True,False,Keep one is not automatically safe; verify dataset/model provenance.
31540,e5635009ab615d9fa4127ececa34d4cddfe72977bd57ac99fae7e90fb328e2ed,118,3,236,data/datasets/tissue_box_front_orbbec_full99/labels/train/tissue_positive_20260724_131652_048.txt,True,False,Keep one is not automatically safe; verify dataset/model provenance.
31540,e5635009ab615d9fa4127ececa34d4cddfe72977bd57ac99fae7e90fb328e2ed,118,3,236,data/datasets/tissue_box_front_orbbec_valid99_source/labels/all/tissue_positive_20260724_131652_048.txt,True,False,Keep one is not automatically safe; verify dataset/model provenance.
31541,e5f808b5418266646342379603f01fd74eb0d0e5a1eb7a99e190a1a0e647f09c,118,3,236,data/cvat_exports/tissue_box_front_positive_v3_dataset/labels/train/tissue_positive_20260724_131652_013.txt,True,False,Keep one is not automatically safe; verify dataset/model provenance.
31541,e5f808b5418266646342379603f01fd74eb0d0e5a1eb7a99e190a1a0e647f09c,118,3,236,data/datasets/tissue_box_front_orbbec_full99/labels/train/tissue_positive_20260724_131652_013.txt,True,False,Keep one is not automatically safe; verify dataset/model provenance.
31541,e5f808b5418266646342379603f01fd74eb0d0e5a1eb7a99e190a1a0e647f09c,118,3,236,data/datasets/tissue_box_front_orbbec_valid99_source/labels/all/tissue_positive_20260724_131652_013.txt,True,False,Keep one is not automatically safe; verify dataset/model provenance.
31542,eef36f092299ef8f2bc2ab23334cbc4efcafa93813d0286c3dc9753d4e9eb3de,118,3,236,data/cvat_exports/tissue_box_front_positive_v3_dataset/labels/train/tissue_positive_20260724_131652_009.txt,True,False,Keep one is not automatically safe; verify dataset/model provenance.
31542,eef36f092299ef8f2bc2ab23334cbc4efcafa93813d0286c3dc9753d4e9eb3de,118,3,236,data/datasets/tissue_box_front_orbbec_full99/labels/train/tissue_positive_20260724_131652_009.txt,True,False,Keep one is not automatically safe; verify dataset/model provenance.
31542,eef36f092299ef8f2bc2ab23334cbc4efcafa93813d0286c3dc9753d4e9eb3de,118,3,236,data/datasets/tissue_box_front_orbbec_valid99_source/labels/all/tissue_positive_20260724_131652_009.txt,True,False,Keep one is not automatically safe; verify dataset/model provenance.
31543,f0e0aea4356f462f54e213b6382d8e3f4726c45696438500fc938796f731bc35,118,3,236,data/cvat_exports/tissue_box_front_positive_v3_dataset/labels/train/tissue_positive_20260724_131652_098.txt,True,False,Keep one is not automatically safe; verify dataset/model provenance.
31543,f0e0aea4356f462f54e213b6382d8e3f4726c45696438500fc938796f731bc35,118,3,236,data/datasets/tissue_box_front_orbbec_full99/labels/train/tissue_positive_20260724_131652_098.txt,True,False,Keep one is not automatically safe; verify dataset/model provenance.
31543,f0e0aea4356f462f54e213b6382d8e3f4726c45696438500fc938796f731bc35,118,3,236,data/datasets/tissue_box_front_orbbec_valid99_source/labels/all/tissue_positive_20260724_131652_098.txt,True,False,Keep one is not automatically safe; verify dataset/model provenance.
31585,4e3427bacd8785129b664b26456c7c0a3119a8ba17b8a5c82c1177be2c69fd72,102,6,510,.venv/Lib/site-packages/cv2/gapi/core/cpu/__init__.pyi,True,False,Keep one is not automatically safe; verify dataset/model provenance.
31585,4e3427bacd8785129b664b26456c7c0a3119a8ba17b8a5c82c1177be2c69fd72,102,6,510,.venv/Lib/site-packages/cv2/gapi/core/fluid/__init__.pyi,True,False,Keep one is not automatically safe; verify dataset/model provenance.
31585,4e3427bacd8785129b664b26456c7c0a3119a8ba17b8a5c82c1177be2c69fd72,102,6,510,.venv/Lib/site-packages/cv2/gapi/core/ocl/__init__.pyi,True,False,Keep one is not automatically safe; verify dataset/model provenance.
31585,4e3427bacd8785129b664b26456c7c0a3119a8ba17b8a5c82c1177be2c69fd72,102,6,510,.venv/Lib/site-packages/cv2/gapi/imgproc/fluid/__init__.pyi,True,False,Keep one is not automatically safe; verify dataset/model provenance.
31585,4e3427bacd8785129b664b26456c7c0a3119a8ba17b8a5c82c1177be2c69fd72,102,6,510,.venv/Lib/site-packages/cv2/gapi/ot/cpu/__init__.pyi,True,False,Keep one is not automatically safe; verify dataset/model provenance.
31585,4e3427bacd8785129b664b26456c7c0a3119a8ba17b8a5c82c1177be2c69fd72,102,6,510,.venv/Lib/site-packages/cv2/gapi/render/ocv/__init__.pyi,True,False,Keep one is not automatically safe; verify dataset/model provenance.
31589,28d468ca7a46bbe77a9a178923ecdfbdc1a5d6237ecbc05ec1b8820d7b05ddc6,101,2,101,.venv/Lib/site-packages/torch-2.11.0.dist-info/WHEEL,True,False,Keep one is not automatically safe; verify dataset/model provenance.
31589,28d468ca7a46bbe77a9a178923ecdfbdc1a5d6237ecbc05ec1b8820d7b05ddc6,101,2,101,.venv/Lib/site-packages/torchvision-0.26.0.dist-info/WHEEL,True,False,Keep one is not automatically safe; verify dataset/model provenance.
31593,ad1e507ec59c665de6adae409920fb15dd1dcd0c59de51c2a43a3bd0891f0cae,101,3,202,.venv/Lib/site-packages/fonttools-4.63.0.dist-info/WHEEL,True,False,Keep one is not automatically safe; verify dataset/model provenance.
31593,ad1e507ec59c665de6adae409920fb15dd1dcd0c59de51c2a43a3bd0891f0cae,101,3,202,.venv/Lib/site-packages/pillow-12.3.0.dist-info/WHEEL,True,False,Keep one is not automatically safe; verify dataset/model provenance.
31593,ad1e507ec59c665de6adae409920fb15dd1dcd0c59de51c2a43a3bd0891f0cae,101,3,202,.venv/Lib/site-packages/pyorbbecsdk2-2.1.1.dist-info/WHEEL,True,False,Keep one is not automatically safe; verify dataset/model provenance.
31595,f143fdc7da6e588d0fd55fddecada831306a7de2cd9b6d424f367f3edaf43575,101,2,101,.venv/Lib/site-packages/markupsafe-3.0.3.dist-info/WHEEL,True,False,Keep one is not automatically safe; verify dataset/model provenance.
31595,f143fdc7da6e588d0fd55fddecada831306a7de2cd9b6d424f367f3edaf43575,101,2,101,.venv/Lib/site-packages/pyyaml-6.0.3.dist-info/WHEEL,True,False,Keep one is not automatically safe; verify dataset/model provenance.
31628,51a0ae3c56b71fc5006a46edfb91bc48f69c95d4ce1af26fd7ca4f8d42798036,93,2,93,.venv/Lib/site-packages/pip/_vendor/urllib3/py.typed,True,False,Keep one is not automatically safe; verify dataset/model provenance.
31628,51a0ae3c56b71fc5006a46edfb91bc48f69c95d4ce1af26fd7ca4f8d42798036,93,2,93,.venv/Lib/site-packages/urllib3/py.typed,True,False,Keep one is not automatically safe; verify dataset/model provenance.
31635,db07a93359e4e034b8785a58ad6d534ea3dca0635f1e184efe2e66e1c3a299ba,92,2,92,.venv/Lib/site-packages/mpmath-1.3.0.dist-info/WHEEL,True,False,Keep one is not automatically safe; verify dataset/model provenance.
31635,db07a93359e4e034b8785a58ad6d534ea3dca0635f1e184efe2e66e1c3a299ba,92,2,92,.venv/Lib/site-packages/setuptools/_vendor/autocommand-2.2.2.dist-info/WHEEL,True,False,Keep one is not automatically safe; verify dataset/model provenance.
31642,69e6228a0d35958183cc1812f07c565ce837b95eb51bd8a33acba9fa4f68d6c9,91,4,273,.venv/Lib/site-packages/certifi-2026.6.17.dist-info/WHEEL,True,False,Keep one is not automatically safe; verify dataset/model provenance.
31642,69e6228a0d35958183cc1812f07c565ce837b95eb51bd8a33acba9fa4f68d6c9,91,4,273,.venv/Lib/site-packages/requests-2.34.2.dist-info/WHEEL,True,False,Keep one is not automatically safe; verify dataset/model provenance.
31642,69e6228a0d35958183cc1812f07c565ce837b95eb51bd8a33acba9fa4f68d6c9,91,4,273,.venv/Lib/site-packages/ultralytics-8.4.46.dist-info/WHEEL,True,False,Keep one is not automatically safe; verify dataset/model provenance.
31642,69e6228a0d35958183cc1812f07c565ce837b95eb51bd8a33acba9fa4f68d6c9,91,4,273,.venv/Lib/site-packages/ultralytics_thop-2.0.20.dist-info/WHEEL,True,False,Keep one is not automatically safe; verify dataset/model provenance.
31644,ff309ddcdd65ebd02bc724dbf2bcc4a0ff53a5b61792a44548d383e4ebb19d3b,91,7,546,.venv/Lib/site-packages/iniconfig-2.3.0.dist-info/WHEEL,True,False,Keep one is not automatically safe; verify dataset/model provenance.
31644,ff309ddcdd65ebd02bc724dbf2bcc4a0ff53a5b61792a44548d383e4ebb19d3b,91,7,546,.venv/Lib/site-packages/networkx-3.6.1.dist-info/WHEEL,True,False,Keep one is not automatically safe; verify dataset/model provenance.
31644,ff309ddcdd65ebd02bc724dbf2bcc4a0ff53a5b61792a44548d383e4ebb19d3b,91,7,546,.venv/Lib/site-packages/pytest-8.4.2.dist-info/WHEEL,True,False,Keep one is not automatically safe; verify dataset/model provenance.
31644,ff309ddcdd65ebd02bc724dbf2bcc4a0ff53a5b61792a44548d383e4ebb19d3b,91,7,546,.venv/Lib/site-packages/setuptools/_vendor/importlib_metadata-8.7.1.dist-info/WHEEL,True,False,Keep one is not automatically safe; verify dataset/model provenance.
31644,ff309ddcdd65ebd02bc724dbf2bcc4a0ff53a5b61792a44548d383e4ebb19d3b,91,7,546,.venv/Lib/site-packages/setuptools/_vendor/jaraco_context-6.1.0.dist-info/WHEEL,True,False,Keep one is not automatically safe; verify dataset/model provenance.
31644,ff309ddcdd65ebd02bc724dbf2bcc4a0ff53a5b61792a44548d383e4ebb19d3b,91,7,546,.venv/Lib/site-packages/setuptools/_vendor/jaraco_functools-4.4.0.dist-info/WHEEL,True,False,Keep one is not automatically safe; verify dataset/model provenance.
31644,ff309ddcdd65ebd02bc724dbf2bcc4a0ff53a5b61792a44548d383e4ebb19d3b,91,7,546,.venv/Lib/site-packages/setuptools/_vendor/zipp-3.23.0.dist-info/WHEEL,True,False,Keep one is not automatically safe; verify dataset/model provenance.
31660,41c708c5adba6e097513ab8ccb9f1d7865a2fb469e22491a9e01dcc64da459fc,87,2,87,.venv/Lib/site-packages/pygments-2.20.0.dist-info/WHEEL,True,False,Keep one is not automatically safe; verify dataset/model provenance.
31660,41c708c5adba6e097513ab8ccb9f1d7865a2fb469e22491a9e01dcc64da459fc,87,2,87,.venv/Lib/site-packages/urllib3-2.7.0.dist-info/WHEEL,True,False,Keep one is not automatically safe; verify dataset/model provenance.
31666,e743de01ba6503a3e4234858398a1e69c07d512d51e8482ec9f3a7b1c707d165,85,4,255,.venv/Lib/site-packages/contourpy-1.3.3.dist-info/WHEEL,True,False,Keep one is not automatically safe; verify dataset/model provenance.
31666,e743de01ba6503a3e4234858398a1e69c07d512d51e8482ec9f3a7b1c707d165,85,4,255,.venv/Lib/site-packages/matplotlib-3.11.1.dist-info/WHEEL,True,False,Keep one is not automatically safe; verify dataset/model provenance.
31666,e743de01ba6503a3e4234858398a1e69c07d512d51e8482ec9f3a7b1c707d165,85,4,255,.venv/Lib/site-packages/numpy-2.4.4.dist-info/WHEEL,True,False,Keep one is not automatically safe; verify dataset/model provenance.
31666,e743de01ba6503a3e4234858398a1e69c07d512d51e8482ec9f3a7b1c707d165,85,4,255,.venv/Lib/site-packages/scipy-1.18.0.dist-info/WHEEL,True,False,Keep one is not automatically safe; verify dataset/model provenance.
31673,1b68144734c4b66791f27add5d425f3620775585718a03d0f9b110ba3a4d88db,82,9,656,.venv/Lib/site-packages/idna-3.18.dist-info/WHEEL,True,False,Keep one is not automatically safe; verify dataset/model provenance.
31673,1b68144734c4b66791f27add5d425f3620775585718a03d0f9b110ba3a4d88db,82,9,656,.venv/Lib/site-packages/packaging-26.2.dist-info/WHEEL,True,False,Keep one is not automatically safe; verify dataset/model provenance.
31673,1b68144734c4b66791f27add5d425f3620775585718a03d0f9b110ba3a4d88db,82,9,656,.venv/Lib/site-packages/pip-26.1.2.dist-info/WHEEL,True,False,Keep one is not automatically safe; verify dataset/model provenance.
31673,1b68144734c4b66791f27add5d425f3620775585718a03d0f9b110ba3a4d88db,82,9,656,.venv/Lib/site-packages/pyparsing-3.3.2.dist-info/WHEEL,True,False,Keep one is not automatically safe; verify dataset/model provenance.
31673,1b68144734c4b66791f27add5d425f3620775585718a03d0f9b110ba3a4d88db,82,9,656,.venv/Lib/site-packages/setuptools/_vendor/more_itertools-10.8.0.dist-info/WHEEL,True,False,Keep one is not automatically safe; verify dataset/model provenance.
31673,1b68144734c4b66791f27add5d425f3620775585718a03d0f9b110ba3a4d88db,82,9,656,.venv/Lib/site-packages/setuptools/_vendor/packaging-26.0.dist-info/WHEEL,True,False,Keep one is not automatically safe; verify dataset/model provenance.
31673,1b68144734c4b66791f27add5d425f3620775585718a03d0f9b110ba3a4d88db,82,9,656,.venv/Lib/site-packages/setuptools/_vendor/tomli-2.4.0.dist-info/WHEEL,True,False,Keep one is not automatically safe; verify dataset/model provenance.
31673,1b68144734c4b66791f27add5d425f3620775585718a03d0f9b110ba3a4d88db,82,9,656,.venv/Lib/site-packages/setuptools/_vendor/wheel-0.46.3.dist-info/WHEEL,True,False,Keep one is not automatically safe; verify dataset/model provenance.
31673,1b68144734c4b66791f27add5d425f3620775585718a03d0f9b110ba3a4d88db,82,9,656,.venv/Lib/site-packages/typing_extensions-4.16.0.dist-info/WHEEL,True,False,Keep one is not automatically safe; verify dataset/model provenance.
31686,4282ba1e53a8aad56a5f980ecafd1b2624d7b1505b051ade5227dd71c58da769,76,3,152,.venv/Lib/site-packages/fontTools/encodings/__init__.py,True,False,Keep one is not automatically safe; verify dataset/model provenance.
31686,4282ba1e53a8aad56a5f980ecafd1b2624d7b1505b051ade5227dd71c58da769,76,3,152,.venv/Lib/site-packages/fontTools/misc/__init__.py,True,False,Keep one is not automatically safe; verify dataset/model provenance.
31686,4282ba1e53a8aad56a5f980ecafd1b2624d7b1505b051ade5227dd71c58da769,76,3,152,.venv/Lib/site-packages/fontTools/pens/__init__.py,True,False,Keep one is not automatically safe; verify dataset/model provenance.
31694,bfbfa663f89a498f0fb4496c8c9010eab5deb58b33b0cd458268c7c0b8049193,74,2,74,data/cvat_exports/tissue_box_front_positive_v2_dataset/data.yaml,True,False,Keep one is not automatically safe; verify dataset/model provenance.
31694,bfbfa663f89a498f0fb4496c8c9010eab5deb58b33b0cd458268c7c0b8049193,74,2,74,data/cvat_exports/tissue_box_front_positive_v3_dataset/data.yaml,True,False,Keep one is not automatically safe; verify dataset/model provenance.
31702,966e8c72415808f4dba88a17ef0d2cfdd6b176335e05e296e835e9a6fd7e4143,70,5,280,.venv/Lib/site-packages/thop/vision/__init__.py,True,False,Keep one is not automatically safe; verify dataset/model provenance.
31702,966e8c72415808f4dba88a17ef0d2cfdd6b176335e05e296e835e9a6fd7e4143,70,5,280,.venv/Lib/site-packages/ultralytics/engine/__init__.py,True,False,Keep one is not automatically safe; verify dataset/model provenance.
31702,966e8c72415808f4dba88a17ef0d2cfdd6b176335e05e296e835e9a6fd7e4143,70,5,280,.venv/Lib/site-packages/ultralytics/models/sam/modules/__init__.py,True,False,Keep one is not automatically safe; verify dataset/model provenance.
31702,966e8c72415808f4dba88a17ef0d2cfdd6b176335e05e296e835e9a6fd7e4143,70,5,280,.venv/Lib/site-packages/ultralytics/models/utils/__init__.py,True,False,Keep one is not automatically safe; verify dataset/model provenance.
31702,966e8c72415808f4dba88a17ef0d2cfdd6b176335e05e296e835e9a6fd7e4143,70,5,280,.venv/Lib/site-packages/ultralytics/trackers/utils/__init__.py,True,False,Keep one is not automatically safe; verify dataset/model provenance.
31716,cc3f2f0283c2f1a1085637dc90bb45b24456e6c6a255e977fac254036a476867,66,5,264,.venv/Lib/site-packages/PIL/_avif.pyi,True,False,Keep one is not automatically safe; verify dataset/model provenance.
31716,cc3f2f0283c2f1a1085637dc90bb45b24456e6c6a255e977fac254036a476867,66,5,264,.venv/Lib/site-packages/PIL/_imagingmath.pyi,True,False,Keep one is not automatically safe; verify dataset/model provenance.
31716,cc3f2f0283c2f1a1085637dc90bb45b24456e6c6a255e977fac254036a476867,66,5,264,.venv/Lib/site-packages/PIL/_imagingmorph.pyi,True,False,Keep one is not automatically safe; verify dataset/model provenance.
31716,cc3f2f0283c2f1a1085637dc90bb45b24456e6c6a255e977fac254036a476867,66,5,264,.venv/Lib/site-packages/PIL/_imagingtk.pyi,True,False,Keep one is not automatically safe; verify dataset/model provenance.
31716,cc3f2f0283c2f1a1085637dc90bb45b24456e6c6a255e977fac254036a476867,66,5,264,.venv/Lib/site-packages/PIL/_webp.pyi,True,False,Keep one is not automatically safe; verify dataset/model provenance.
31721,bd824c4a255d8f4121c0424a91ccfdb198549d54c2dc675ece14e4f584883148,64,2,64,.venv/Lib/site-packages/av/video/__init__.py,True,False,Keep one is not automatically safe; verify dataset/model provenance.
31721,bd824c4a255d8f4121c0424a91ccfdb198549d54c2dc675ece14e4f584883148,64,2,64,.venv/Lib/site-packages/av/video/__init__.pyi,True,False,Keep one is not automatically safe; verify dataset/model provenance.
31787,b04fb4aaf5e74d8e629432aec768d9ba4371ce4791f86da6941a79b2cd9be329,38,6,190,.venv/Lib/site-packages/torch/ao/nn/intrinsic/qat/__init__.py,True,False,Keep one is not automatically safe; verify dataset/model provenance.
31787,b04fb4aaf5e74d8e629432aec768d9ba4371ce4791f86da6941a79b2cd9be329,38,6,190,.venv/Lib/site-packages/torch/ao/nn/intrinsic/quantized/dynamic/__init__.py,True,False,Keep one is not automatically safe; verify dataset/model provenance.
31787,b04fb4aaf5e74d8e629432aec768d9ba4371ce4791f86da6941a79b2cd9be329,38,6,190,.venv/Lib/site-packages/torch/ao/nn/qat/__init__.py,True,False,Keep one is not automatically safe; verify dataset/model provenance.
31787,b04fb4aaf5e74d8e629432aec768d9ba4371ce4791f86da6941a79b2cd9be329,38,6,190,.venv/Lib/site-packages/torch/ao/nn/qat/dynamic/__init__.py,True,False,Keep one is not automatically safe; verify dataset/model provenance.
31787,b04fb4aaf5e74d8e629432aec768d9ba4371ce4791f86da6941a79b2cd9be329,38,6,190,.venv/Lib/site-packages/torch/ao/nn/quantizable/__init__.py,True,False,Keep one is not automatically safe; verify dataset/model provenance.
31787,b04fb4aaf5e74d8e629432aec768d9ba4371ce4791f86da6941a79b2cd9be329,38,6,190,.venv/Lib/site-packages/torch/ao/nn/quantized/dynamic/__init__.py,True,False,Keep one is not automatically safe; verify dataset/model provenance.
31804,f0f8f2675695a10a5156fb7bd66bafbaae6a13e8d315990af862c792175e6e67,26,3,52,.venv/Lib/site-packages/pip/_vendor/tomli/py.typed,True,False,Keep one is not automatically safe; verify dataset/model provenance.
31804,f0f8f2675695a10a5156fb7bd66bafbaae6a13e8d315990af862c792175e6e67,26,3,52,.venv/Lib/site-packages/pip/_vendor/tomli_w/py.typed,True,False,Keep one is not automatically safe; verify dataset/model provenance.
31804,f0f8f2675695a10a5156fb7bd66bafbaae6a13e8d315990af862c792175e6e67,26,3,52,.venv/Lib/site-packages/setuptools/_vendor/tomli/py.typed,True,False,Keep one is not automatically safe; verify dataset/model provenance.
31808,3c5aff574c584215a32a4e6873cddc620fc970d676144293b235e59f19a4c81f,25,2,25,.venv/Lib/site-packages/numpy/random/_bounded_integers.pyi,True,False,Keep one is not automatically safe; verify dataset/model provenance.
31808,3c5aff574c584215a32a4e6873cddc620fc970d676144293b235e59f19a4c81f,25,2,25,.venv/Lib/site-packages/torch/_refs/nn/__init__.py,True,False,Keep one is not automatically safe; verify dataset/model provenance.
31811,0e269a0b8c0b63e9337aa3d608454a092cce6bad55962dfc92e1b61dde74c777,23,2,23,.venv/Lib/site-packages/torch/testing/_internal/codegen/__init__.py,True,False,Keep one is not automatically safe; verify dataset/model provenance.
31811,0e269a0b8c0b63e9337aa3d608454a092cce6bad55962dfc92e1b61dde74c777,23,2,23,.venv/Lib/site-packages/torch/testing/_internal/data/__init__.py,True,False,Keep one is not automatically safe; verify dataset/model provenance.
31844,f7ff302fd49cbfcfc2b3c1c9c891c6bf1d6fc1712bb2ebe5b00a8d64b709411d,8,11,80,.venv/Lib/site-packages/pygame/tests/run_tests__tests/__init__.py,True,False,Keep one is not automatically safe; verify dataset/model provenance.
31844,f7ff302fd49cbfcfc2b3c1c9c891c6bf1d6fc1712bb2ebe5b00a8d64b709411d,8,11,80,.venv/Lib/site-packages/pygame/tests/run_tests__tests/all_ok/__init__.py,True,False,Keep one is not automatically safe; verify dataset/model provenance.
31844,f7ff302fd49cbfcfc2b3c1c9c891c6bf1d6fc1712bb2ebe5b00a8d64b709411d,8,11,80,.venv/Lib/site-packages/pygame/tests/run_tests__tests/everything/__init__.py,True,False,Keep one is not automatically safe; verify dataset/model provenance.
31844,f7ff302fd49cbfcfc2b3c1c9c891c6bf1d6fc1712bb2ebe5b00a8d64b709411d,8,11,80,.venv/Lib/site-packages/pygame/tests/run_tests__tests/exclude/__init__.py,True,False,Keep one is not automatically safe; verify dataset/model provenance.
31844,f7ff302fd49cbfcfc2b3c1c9c891c6bf1d6fc1712bb2ebe5b00a8d64b709411d,8,11,80,.venv/Lib/site-packages/pygame/tests/run_tests__tests/failures1/__init__.py,True,False,Keep one is not automatically safe; verify dataset/model provenance.
31844,f7ff302fd49cbfcfc2b3c1c9c891c6bf1d6fc1712bb2ebe5b00a8d64b709411d,8,11,80,.venv/Lib/site-packages/pygame/tests/run_tests__tests/incomplete/__init__.py,True,False,Keep one is not automatically safe; verify dataset/model provenance.
31844,f7ff302fd49cbfcfc2b3c1c9c891c6bf1d6fc1712bb2ebe5b00a8d64b709411d,8,11,80,.venv/Lib/site-packages/pygame/tests/run_tests__tests/incomplete_todo/__init__.py,True,False,Keep one is not automatically safe; verify dataset/model provenance.
31844,f7ff302fd49cbfcfc2b3c1c9c891c6bf1d6fc1712bb2ebe5b00a8d64b709411d,8,11,80,.venv/Lib/site-packages/pygame/tests/run_tests__tests/infinite_loop/__init__.py,True,False,Keep one is not automatically safe; verify dataset/model provenance.
31844,f7ff302fd49cbfcfc2b3c1c9c891c6bf1d6fc1712bb2ebe5b00a8d64b709411d,8,11,80,.venv/Lib/site-packages/pygame/tests/run_tests__tests/print_stderr/__init__.py,True,False,Keep one is not automatically safe; verify dataset/model provenance.
31844,f7ff302fd49cbfcfc2b3c1c9c891c6bf1d6fc1712bb2ebe5b00a8d64b709411d,8,11,80,.venv/Lib/site-packages/pygame/tests/run_tests__tests/print_stdout/__init__.py,True,False,Keep one is not automatically safe; verify dataset/model provenance.
31844,f7ff302fd49cbfcfc2b3c1c9c891c6bf1d6fc1712bb2ebe5b00a8d64b709411d,8,11,80,.venv/Lib/site-packages/pygame/tests/run_tests__tests/timeout/__init__.py,True,False,Keep one is not automatically safe; verify dataset/model provenance.
31852,d099cddcb7d71f82c845f5cbf9014e18227341664edc42f1e11d5dfe5a2ea103,7,3,14,.venv/Lib/site-packages/setuptools/_vendor/jaraco.text-4.0.0.dist-info/top_level.txt,True,False,Keep one is not automatically safe; verify dataset/model provenance.
31852,d099cddcb7d71f82c845f5cbf9014e18227341664edc42f1e11d5dfe5a2ea103,7,3,14,.venv/Lib/site-packages/setuptools/_vendor/jaraco_context-6.1.0.dist-info/top_level.txt,True,False,Keep one is not automatically safe; verify dataset/model provenance.
31852,d099cddcb7d71f82c845f5cbf9014e18227341664edc42f1e11d5dfe5a2ea103,7,3,14,.venv/Lib/site-packages/setuptools/_vendor/jaraco_functools-4.4.0.dist-info/top_level.txt,True,False,Keep one is not automatically safe; verify dataset/model provenance.
31857,ceebae7b8927a3227e5303cf5e0f1f7b34bb542ad7250ac03fbcde36ec2f1508,4,45,176,.venv/Lib/site-packages/av-12.3.0.dist-info/INSTALLER,True,False,Keep one is not automatically safe; verify dataset/model provenance.
31857,ceebae7b8927a3227e5303cf5e0f1f7b34bb542ad7250ac03fbcde36ec2f1508,4,45,176,.venv/Lib/site-packages/certifi-2026.6.17.dist-info/INSTALLER,True,False,Keep one is not automatically safe; verify dataset/model provenance.
31857,ceebae7b8927a3227e5303cf5e0f1f7b34bb542ad7250ac03fbcde36ec2f1508,4,45,176,.venv/Lib/site-packages/charset_normalizer-3.4.9.dist-info/INSTALLER,True,False,Keep one is not automatically safe; verify dataset/model provenance.
31857,ceebae7b8927a3227e5303cf5e0f1f7b34bb542ad7250ac03fbcde36ec2f1508,4,45,176,.venv/Lib/site-packages/colorama-0.4.6.dist-info/INSTALLER,True,False,Keep one is not automatically safe; verify dataset/model provenance.
31857,ceebae7b8927a3227e5303cf5e0f1f7b34bb542ad7250ac03fbcde36ec2f1508,4,45,176,.venv/Lib/site-packages/contourpy-1.3.3.dist-info/INSTALLER,True,False,Keep one is not automatically safe; verify dataset/model provenance.
31857,ceebae7b8927a3227e5303cf5e0f1f7b34bb542ad7250ac03fbcde36ec2f1508,4,45,176,.venv/Lib/site-packages/cycler-0.12.1.dist-info/INSTALLER,True,False,Keep one is not automatically safe; verify dataset/model provenance.
31857,ceebae7b8927a3227e5303cf5e0f1f7b34bb542ad7250ac03fbcde36ec2f1508,4,45,176,.venv/Lib/site-packages/filelock-3.31.2.dist-info/INSTALLER,True,False,Keep one is not automatically safe; verify dataset/model provenance.
31857,ceebae7b8927a3227e5303cf5e0f1f7b34bb542ad7250ac03fbcde36ec2f1508,4,45,176,.venv/Lib/site-packages/fonttools-4.63.0.dist-info/INSTALLER,True,False,Keep one is not automatically safe; verify dataset/model provenance.
31857,ceebae7b8927a3227e5303cf5e0f1f7b34bb542ad7250ac03fbcde36ec2f1508,4,45,176,.venv/Lib/site-packages/fsspec-2026.6.0.dist-info/INSTALLER,True,False,Keep one is not automatically safe; verify dataset/model provenance.
31857,ceebae7b8927a3227e5303cf5e0f1f7b34bb542ad7250ac03fbcde36ec2f1508,4,45,176,.venv/Lib/site-packages/idna-3.18.dist-info/INSTALLER,True,False,Keep one is not automatically safe; verify dataset/model provenance.
31857,ceebae7b8927a3227e5303cf5e0f1f7b34bb542ad7250ac03fbcde36ec2f1508,4,45,176,.venv/Lib/site-packages/iniconfig-2.3.0.dist-info/INSTALLER,True,False,Keep one is not automatically safe; verify dataset/model provenance.
31857,ceebae7b8927a3227e5303cf5e0f1f7b34bb542ad7250ac03fbcde36ec2f1508,4,45,176,.venv/Lib/site-packages/jinja2-3.1.6.dist-info/INSTALLER,True,False,Keep one is not automatically safe; verify dataset/model provenance.
31857,ceebae7b8927a3227e5303cf5e0f1f7b34bb542ad7250ac03fbcde36ec2f1508,4,45,176,.venv/Lib/site-packages/kiwisolver-1.5.0.dist-info/INSTALLER,True,False,Keep one is not automatically safe; verify dataset/model provenance.
31857,ceebae7b8927a3227e5303cf5e0f1f7b34bb542ad7250ac03fbcde36ec2f1508,4,45,176,.venv/Lib/site-packages/markupsafe-3.0.3.dist-info/INSTALLER,True,False,Keep one is not automatically safe; verify dataset/model provenance.
31857,ceebae7b8927a3227e5303cf5e0f1f7b34bb542ad7250ac03fbcde36ec2f1508,4,45,176,.venv/Lib/site-packages/matplotlib-3.11.1.dist-info/INSTALLER,True,False,Keep one is not automatically safe; verify dataset/model provenance.
31857,ceebae7b8927a3227e5303cf5e0f1f7b34bb542ad7250ac03fbcde36ec2f1508,4,45,176,.venv/Lib/site-packages/mpmath-1.3.0.dist-info/INSTALLER,True,False,Keep one is not automatically safe; verify dataset/model provenance.
31857,ceebae7b8927a3227e5303cf5e0f1f7b34bb542ad7250ac03fbcde36ec2f1508,4,45,176,.venv/Lib/site-packages/networkx-3.6.1.dist-info/INSTALLER,True,False,Keep one is not automatically safe; verify dataset/model provenance.
31857,ceebae7b8927a3227e5303cf5e0f1f7b34bb542ad7250ac03fbcde36ec2f1508,4,45,176,.venv/Lib/site-packages/numpy-2.4.4.dist-info/INSTALLER,True,False,Keep one is not automatically safe; verify dataset/model provenance.
31857,ceebae7b8927a3227e5303cf5e0f1f7b34bb542ad7250ac03fbcde36ec2f1508,4,45,176,.venv/Lib/site-packages/opencv_python-4.13.0.92.dist-info/INSTALLER,True,False,Keep one is not automatically safe; verify dataset/model provenance.
31857,ceebae7b8927a3227e5303cf5e0f1f7b34bb542ad7250ac03fbcde36ec2f1508,4,45,176,.venv/Lib/site-packages/packaging-26.2.dist-info/INSTALLER,True,False,Keep one is not automatically safe; verify dataset/model provenance.
31857,ceebae7b8927a3227e5303cf5e0f1f7b34bb542ad7250ac03fbcde36ec2f1508,4,45,176,.venv/Lib/site-packages/pillow-12.3.0.dist-info/INSTALLER,True,False,Keep one is not automatically safe; verify dataset/model provenance.
31857,ceebae7b8927a3227e5303cf5e0f1f7b34bb542ad7250ac03fbcde36ec2f1508,4,45,176,.venv/Lib/site-packages/pip-26.1.2.dist-info/INSTALLER,True,False,Keep one is not automatically safe; verify dataset/model provenance.
31857,ceebae7b8927a3227e5303cf5e0f1f7b34bb542ad7250ac03fbcde36ec2f1508,4,45,176,.venv/Lib/site-packages/pluggy-1.6.0.dist-info/INSTALLER,True,False,Keep one is not automatically safe; verify dataset/model provenance.
31857,ceebae7b8927a3227e5303cf5e0f1f7b34bb542ad7250ac03fbcde36ec2f1508,4,45,176,.venv/Lib/site-packages/polars-1.43.0.dist-info/INSTALLER,True,False,Keep one is not automatically safe; verify dataset/model provenance.
31857,ceebae7b8927a3227e5303cf5e0f1f7b34bb542ad7250ac03fbcde36ec2f1508,4,45,176,.venv/Lib/site-packages/polars_runtime_32-1.43.0.dist-info/INSTALLER,True,False,Keep one is not automatically safe; verify dataset/model provenance.
31857,ceebae7b8927a3227e5303cf5e0f1f7b34bb542ad7250ac03fbcde36ec2f1508,4,45,176,.venv/Lib/site-packages/psutil-7.2.2.dist-info/INSTALLER,True,False,Keep one is not automatically safe; verify dataset/model provenance.
31857,ceebae7b8927a3227e5303cf5e0f1f7b34bb542ad7250ac03fbcde36ec2f1508,4,45,176,.venv/Lib/site-packages/pygame-2.6.1.dist-info/INSTALLER,True,False,Keep one is not automatically safe; verify dataset/model provenance.
31857,ceebae7b8927a3227e5303cf5e0f1f7b34bb542ad7250ac03fbcde36ec2f1508,4,45,176,.venv/Lib/site-packages/pygments-2.20.0.dist-info/INSTALLER,True,False,Keep one is not automatically safe; verify dataset/model provenance.
31857,ceebae7b8927a3227e5303cf5e0f1f7b34bb542ad7250ac03fbcde36ec2f1508,4,45,176,.venv/Lib/site-packages/pynput-1.8.2.dist-info/INSTALLER,True,False,Keep one is not automatically safe; verify dataset/model provenance.
31857,ceebae7b8927a3227e5303cf5e0f1f7b34bb542ad7250ac03fbcde36ec2f1508,4,45,176,.venv/Lib/site-packages/pyorbbecsdk2-2.1.1.dist-info/INSTALLER,True,False,Keep one is not automatically safe; verify dataset/model provenance.
31857,ceebae7b8927a3227e5303cf5e0f1f7b34bb542ad7250ac03fbcde36ec2f1508,4,45,176,.venv/Lib/site-packages/pyparsing-3.3.2.dist-info/INSTALLER,True,False,Keep one is not automatically safe; verify dataset/model provenance.
31857,ceebae7b8927a3227e5303cf5e0f1f7b34bb542ad7250ac03fbcde36ec2f1508,4,45,176,.venv/Lib/site-packages/pytest-8.4.2.dist-info/INSTALLER,True,False,Keep one is not automatically safe; verify dataset/model provenance.
31857,ceebae7b8927a3227e5303cf5e0f1f7b34bb542ad7250ac03fbcde36ec2f1508,4,45,176,.venv/Lib/site-packages/python_dateutil-2.9.0.post0.dist-info/INSTALLER,True,False,Keep one is not automatically safe; verify dataset/model provenance.
31857,ceebae7b8927a3227e5303cf5e0f1f7b34bb542ad7250ac03fbcde36ec2f1508,4,45,176,.venv/Lib/site-packages/pyyaml-6.0.3.dist-info/INSTALLER,True,False,Keep one is not automatically safe; verify dataset/model provenance.
31857,ceebae7b8927a3227e5303cf5e0f1f7b34bb542ad7250ac03fbcde36ec2f1508,4,45,176,.venv/Lib/site-packages/requests-2.34.2.dist-info/INSTALLER,True,False,Keep one is not automatically safe; verify dataset/model provenance.
31857,ceebae7b8927a3227e5303cf5e0f1f7b34bb542ad7250ac03fbcde36ec2f1508,4,45,176,.venv/Lib/site-packages/scipy-1.18.0.dist-info/INSTALLER,True,False,Keep one is not automatically safe; verify dataset/model provenance.
31857,ceebae7b8927a3227e5303cf5e0f1f7b34bb542ad7250ac03fbcde36ec2f1508,4,45,176,.venv/Lib/site-packages/setuptools-81.0.0.dist-info/INSTALLER,True,False,Keep one is not automatically safe; verify dataset/model provenance.
31857,ceebae7b8927a3227e5303cf5e0f1f7b34bb542ad7250ac03fbcde36ec2f1508,4,45,176,.venv/Lib/site-packages/six-1.17.0.dist-info/INSTALLER,True,False,Keep one is not automatically safe; verify dataset/model provenance.
31857,ceebae7b8927a3227e5303cf5e0f1f7b34bb542ad7250ac03fbcde36ec2f1508,4,45,176,.venv/Lib/site-packages/sympy-1.14.0.dist-info/INSTALLER,True,False,Keep one is not automatically safe; verify dataset/model provenance.
31857,ceebae7b8927a3227e5303cf5e0f1f7b34bb542ad7250ac03fbcde36ec2f1508,4,45,176,.venv/Lib/site-packages/torch-2.11.0.dist-info/INSTALLER,True,False,Keep one is not automatically safe; verify dataset/model provenance.
31857,ceebae7b8927a3227e5303cf5e0f1f7b34bb542ad7250ac03fbcde36ec2f1508,4,45,176,.venv/Lib/site-packages/torchvision-0.26.0.dist-info/INSTALLER,True,False,Keep one is not automatically safe; verify dataset/model provenance.
31857,ceebae7b8927a3227e5303cf5e0f1f7b34bb542ad7250ac03fbcde36ec2f1508,4,45,176,.venv/Lib/site-packages/typing_extensions-4.16.0.dist-info/INSTALLER,True,False,Keep one is not automatically safe; verify dataset/model provenance.
31857,ceebae7b8927a3227e5303cf5e0f1f7b34bb542ad7250ac03fbcde36ec2f1508,4,45,176,.venv/Lib/site-packages/ultralytics-8.4.46.dist-info/INSTALLER,True,False,Keep one is not automatically safe; verify dataset/model provenance.
31857,ceebae7b8927a3227e5303cf5e0f1f7b34bb542ad7250ac03fbcde36ec2f1508,4,45,176,.venv/Lib/site-packages/ultralytics_thop-2.0.20.dist-info/INSTALLER,True,False,Keep one is not automatically safe; verify dataset/model provenance.
31857,ceebae7b8927a3227e5303cf5e0f1f7b34bb542ad7250ac03fbcde36ec2f1508,4,45,176,.venv/Lib/site-packages/urllib3-2.7.0.dist-info/INSTALLER,True,False,Keep one is not automatically safe; verify dataset/model provenance.
31862,e6184ce10e266134fdcfa401e8f1a95005bcd4f18d16b62b757323e2833fe9a9,2,12,22,.venv/Lib/site-packages/setuptools/_vendor/autocommand-2.2.2.dist-info/INSTALLER,True,False,Keep one is not automatically safe; verify dataset/model provenance.
31862,e6184ce10e266134fdcfa401e8f1a95005bcd4f18d16b62b757323e2833fe9a9,2,12,22,.venv/Lib/site-packages/setuptools/_vendor/backports.tarfile-1.2.0.dist-info/INSTALLER,True,False,Keep one is not automatically safe; verify dataset/model provenance.
31862,e6184ce10e266134fdcfa401e8f1a95005bcd4f18d16b62b757323e2833fe9a9,2,12,22,.venv/Lib/site-packages/setuptools/_vendor/importlib_metadata-8.7.1.dist-info/INSTALLER,True,False,Keep one is not automatically safe; verify dataset/model provenance.
31862,e6184ce10e266134fdcfa401e8f1a95005bcd4f18d16b62b757323e2833fe9a9,2,12,22,.venv/Lib/site-packages/setuptools/_vendor/jaraco.text-4.0.0.dist-info/INSTALLER,True,False,Keep one is not automatically safe; verify dataset/model provenance.
31862,e6184ce10e266134fdcfa401e8f1a95005bcd4f18d16b62b757323e2833fe9a9,2,12,22,.venv/Lib/site-packages/setuptools/_vendor/jaraco_context-6.1.0.dist-info/INSTALLER,True,False,Keep one is not automatically safe; verify dataset/model provenance.
31862,e6184ce10e266134fdcfa401e8f1a95005bcd4f18d16b62b757323e2833fe9a9,2,12,22,.venv/Lib/site-packages/setuptools/_vendor/jaraco_functools-4.4.0.dist-info/INSTALLER,True,False,Keep one is not automatically safe; verify dataset/model provenance.
31862,e6184ce10e266134fdcfa401e8f1a95005bcd4f18d16b62b757323e2833fe9a9,2,12,22,.venv/Lib/site-packages/setuptools/_vendor/more_itertools-10.8.0.dist-info/INSTALLER,True,False,Keep one is not automatically safe; verify dataset/model provenance.
31862,e6184ce10e266134fdcfa401e8f1a95005bcd4f18d16b62b757323e2833fe9a9,2,12,22,.venv/Lib/site-packages/setuptools/_vendor/packaging-26.0.dist-info/INSTALLER,True,False,Keep one is not automatically safe; verify dataset/model provenance.
31862,e6184ce10e266134fdcfa401e8f1a95005bcd4f18d16b62b757323e2833fe9a9,2,12,22,.venv/Lib/site-packages/setuptools/_vendor/platformdirs-4.4.0.dist-info/INSTALLER,True,False,Keep one is not automatically safe; verify dataset/model provenance.
31862,e6184ce10e266134fdcfa401e8f1a95005bcd4f18d16b62b757323e2833fe9a9,2,12,22,.venv/Lib/site-packages/setuptools/_vendor/tomli-2.4.0.dist-info/INSTALLER,True,False,Keep one is not automatically safe; verify dataset/model provenance.
31862,e6184ce10e266134fdcfa401e8f1a95005bcd4f18d16b62b757323e2833fe9a9,2,12,22,.venv/Lib/site-packages/setuptools/_vendor/wheel-0.46.3.dist-info/INSTALLER,True,False,Keep one is not automatically safe; verify dataset/model provenance.
31862,e6184ce10e266134fdcfa401e8f1a95005bcd4f18d16b62b757323e2833fe9a9,2,12,22,.venv/Lib/site-packages/setuptools/_vendor/zipp-3.23.0.dist-info/INSTALLER,True,False,Keep one is not automatically safe; verify dataset/model provenance.
31863,01ba4719c80b6fe911b091a7c05124b64eeece964e09c058ef8f9805daca546b,1,5,4,.venv/Lib/site-packages/pkg_resources/tests/data/my-test-package_unpacked-egg/my_test_package-1.0-py3.7.egg/EGG-INFO/dependency_links.txt,True,False,Keep one is not automatically safe; verify dataset/model provenance.
31863,01ba4719c80b6fe911b091a7c05124b64eeece964e09c058ef8f9805daca546b,1,5,4,.venv/Lib/site-packages/pkg_resources/tests/data/my-test-package_unpacked-egg/my_test_package-1.0-py3.7.egg/EGG-INFO/top_level.txt,True,False,Keep one is not automatically safe; verify dataset/model provenance.
31863,01ba4719c80b6fe911b091a7c05124b64eeece964e09c058ef8f9805daca546b,1,5,4,.venv/Lib/site-packages/pkg_resources/tests/data/my-test-package_unpacked-egg/my_test_package-1.0-py3.7.egg/EGG-INFO/zip-safe,True,False,Keep one is not automatically safe; verify dataset/model provenance.
31863,01ba4719c80b6fe911b091a7c05124b64eeece964e09c058ef8f9805daca546b,1,5,4,.venv/Lib/site-packages/pynput-1.8.2.dist-info/zip-safe,True,False,Keep one is not automatically safe; verify dataset/model provenance.
31863,01ba4719c80b6fe911b091a7c05124b64eeece964e09c058ef8f9805daca546b,1,5,4,.venv/Lib/site-packages/python_dateutil-2.9.0.post0.dist-info/zip-safe,True,False,Keep one is not automatically safe; verify dataset/model provenance.
